{"type":"FeatureCollection","features":[{"type":"Feature","properties":{"pcode":"TH10","name_en":"Bangkok","name_th":"กรุงเทพมหานคร"},"geometry":{"type":"Polygon","coordinates":[[[100.6139,13.9546],[100.6042,13.9543],[100.6057,13.9441],[100.5741,13.9546],[100.5676,13.9516],[100.5436,13.8496],[100.5093,13.8255],[100.5074,13.816],[100.5153,13.8133],[100.5007,13.8005],[100.4662,13.7889],[100.4697,13.7948],[100.4581,13.7983],[100.3279,13.8041],[100.3375,13.736],[100.3303,13.7197],[100.3388,13.7128],[100.3323,13.7125],[100.3306,13.6992],[100.3394,13.655],[100.3468,13.6553],[100.3485,13.641],[100.366,13.6336],[100.3765,13.6197],[100.3785,13.5943],[100.3954,13.5538],[100.4152,13.5572],[100.4195,13.5428],[100.4063,13.5358],[100.4088,13.4934],[100.4537,13.502],[100.4445,13.5535],[100.4537,13.6055],[100.4639,13.6058],[100.4697,13.5927],[100.4769,13.603],[100.4912,13.5862],[100.521,13.6051],[100.5142,13.6284],[100.5204,13.6756],[100.5381,13.669],[100.5474,13.6726],[100.5549,13.7055],[100.5874,13.6923],[100.5887,13.6829],[100.5795,13.6692],[100.6363,13.6485],[100.6408,13.6546],[100.6497,13.6525],[100.6555,13.6723],[100.6983,13.6563],[100.7124,13.7012],[100.71,13.7168],[100.7162,13.7182],[100.788,13.7166],[100.8593,13.6896],[100.8608,13.6969],[100.8552,13.6995],[100.9096,13.7902],[100.9385,13.8143],[100.9075,13.8381],[100.9127,13.8468],[100.9042,13.8484],[100.914,13.9465],[100.7926,13.9315],[100.7519,13.9184],[100.687,13.9163],[100.6897,13.9311],[100.6409,13.9314],[100.6398,13.9376],[100.6255,13.9382],[100.625,13.9487],[100.6139,13.9546]]]}},{"type":"Feature","properties":{"pcode":"TH11","name_en":"Samut Prakan","name_th":"สมุทรปราการ"},"geometry":{"type":"Polygon","coordinates":[[[100.7306,13.7171],[100.71,13.7168],[100.7124,13.7012],[100.6983,13.6563],[100.6555,13.6723],[100.6497,13.6525],[100.6408,13.6546],[100.6363,13.6485],[100.5795,13.6692],[100.5887,13.6829],[100.5872,13.6926],[100.5697,13.7037],[100.5535,13.7045],[100.5474,13.6726],[100.5365,13.6693],[100.5234,13.6779],[100.5176,13.6673],[100.5142,13.6284],[100.521,13.6051],[100.4912,13.5862],[100.4769,13.603],[100.4697,13.5927],[100.4639,13.6058],[100.4537,13.6055],[100.4445,13.5535],[100.4537,13.502],[100.4885,13.5011],[100.5202,13.5109],[100.5309,13.5061],[100.5724,13.5149],[100.5867,13.5299],[100.5845,13.5393],[100.6119,13.5389],[100.6312,13.5206],[100.6812,13.5062],[100.7766,13.4905],[100.7908,13.493],[100.8484,13.4784],[100.8631,13.4896],[100.8696,13.4882],[100.8795,13.5481],[100.8901,13.5646],[100.904,13.5541],[100.9151,13.5717],[100.907,13.5806],[100.9071,13.592],[100.9235,13.5937],[100.9594,13.6325],[100.9639,13.6445],[100.9539,13.6472],[100.9558,13.6624],[100.788,13.7166],[100.7306,13.7171]]]}},{"type":"Feature","properties":{"pcode":"TH12","name_en":"Nonthaburi","name_th":"นนทบุรี"},"geometry":{"type":"Polygon","coordinates":[[[100.3415,14.1008],[100.344,14.115],[100.3331,14.1289],[100.2986,14.1402],[100.2818,14.127],[100.2837,14.1007],[100.2771,14.1012],[100.276,14.0796],[100.2642,14.0601],[100.2769,14.0239],[100.2697,14.0234],[100.2624,13.9981],[100.2982,13.9634],[100.2654,13.9206],[100.2761,13.9129],[100.3279,13.8041],[100.4581,13.7983],[100.4697,13.7948],[100.4662,13.7889],[100.5007,13.8005],[100.5153,13.8133],[100.5074,13.816],[100.5093,13.8255],[100.5436,13.8496],[100.5675,13.9512],[100.539,13.9557],[100.5315,13.9452],[100.5002,13.937],[100.4606,13.9764],[100.4535,13.9673],[100.4344,13.9813],[100.3816,13.9947],[100.3805,13.9888],[100.3618,13.994],[100.3318,14.0556],[100.3415,14.1008]]]}},{"type":"Feature","properties":{"pcode":"TH13","name_en":"Pathum Thani","name_th":"ปทุมธานี"},"geometry":{"type":"Polygon","coordinates":[[[100.8916,14.2458],[100.8915,14.276],[100.6197,14.1431],[100.6198,14.129],[100.602,14.1351],[100.5519,14.1184],[100.5533,14.1113],[100.5177,14.1301],[100.4778,14.1113],[100.4533,14.1164],[100.344,14.115],[100.332,14.0648],[100.3366,14.0379],[100.3638,13.9927],[100.3805,13.9888],[100.3816,13.9947],[100.4344,13.9813],[100.4535,13.9673],[100.4606,13.9764],[100.4891,13.9427],[100.5018,13.9367],[100.5091,13.9433],[100.5319,13.9454],[100.539,13.9557],[100.5616,13.9494],[100.5741,13.9546],[100.6057,13.9441],[100.6042,13.9543],[100.6128,13.9552],[100.625,13.9487],[100.6255,13.9382],[100.6398,13.9376],[100.6409,13.9314],[100.6897,13.9311],[100.69,13.9163],[100.7519,13.9184],[100.7926,13.9315],[100.914,13.9465],[100.9139,14.2213],[100.9464,14.2371],[100.9518,14.2704],[100.8916,14.2458]]]}},{"type":"Feature","properties":{"pcode":"TH14","name_en":"Phra Nakhon Si Ayutthaya","name_th":"พระนครศรีอยุธยา"},"geometry":{"type":"Polygon","coordinates":[[[100.5131,14.6563],[100.5066,14.6729],[100.5003,14.6185],[100.491,14.6062],[100.4928,14.5788],[100.4783,14.5661],[100.4919,14.5513],[100.4994,14.5198],[100.491,14.5149],[100.5001,14.5024],[100.491,14.4884],[100.4969,14.4595],[100.4616,14.4392],[100.4356,14.4485],[100.4202,14.4471],[100.4164,14.4769],[100.4267,14.4931],[100.4112,14.5059],[100.3896,14.5106],[100.3773,14.5087],[100.3742,14.5],[100.348,14.4984],[100.3148,14.4869],[100.3084,14.4942],[100.2862,14.498],[100.285,14.4816],[100.2586,14.4914],[100.246,14.4687],[100.252,14.44],[100.2453,14.4369],[100.2635,14.4278],[100.2616,14.4221],[100.2796,14.4002],[100.2736,14.377],[100.2623,14.3672],[100.2734,14.3595],[100.2763,14.3307],[100.2825,14.3295],[100.251,14.2919],[100.2483,14.2521],[100.2434,14.241],[100.2322,14.2388],[100.2314,14.2134],[100.2386,14.1975],[100.2249,14.194],[100.2127,14.1788],[100.2841,14.1696],[100.2795,14.1252],[100.3,14.1402],[100.3331,14.1289],[100.346,14.1139],[100.4533,14.1164],[100.4752,14.1111],[100.4958,14.1154],[100.5177,14.1301],[100.5533,14.1113],[100.5519,14.1184],[100.602,14.1351],[100.6198,14.129],[100.6197,14.1431],[100.8227,14.2443],[100.8232,14.3297],[100.7755,14.3186],[100.774,14.3369],[100.793,14.3642],[100.7872,14.3654],[100.785,14.3798],[100.7971,14.39],[100.7806,14.3977],[100.7776,14.4137],[100.7714,14.4069],[100.7595,14.4117],[100.7685,14.4227],[100.7627,14.4275],[100.7724,14.4346],[100.7611,14.4516],[100.77,14.4645],[100.766,14.478],[100.7737,14.4819],[100.7656,14.4843],[100.7716,14.4942],[100.7668,14.4984],[100.7604,14.4944],[100.7474,14.5132],[100.7785,14.5303],[100.7745,14.5461],[100.7827,14.567],[100.7308,14.5694],[100.723,14.5766],[100.6851,14.5821],[100.6768,14.5955],[100.6548,14.6064],[100.6748,14.5744],[100.6764,14.5581],[100.6478,14.5485],[100.6185,14.5643],[100.6018,14.5542],[100.6036,14.5784],[100.5749,14.5984],[100.5837,14.6302],[100.6024,14.6557],[100.5807,14.6644],[100.5522,14.6612],[100.5491,14.6715],[100.5308,14.6694],[100.5131,14.6563]]]}},{"type":"Feature","properties":{"pcode":"TH15","name_en":"Ang Thong","name_th":"อ่างทอง"},"geometry":{"type":"Polygon","coordinates":[[[100.3332,14.7985],[100.3285,14.8025],[100.3116,14.798],[100.3143,14.7898],[100.2995,14.7899],[100.2953,14.7808],[100.2725,14.7995],[100.2549,14.7956],[100.244,14.8003],[100.2264,14.795],[100.2297,14.784],[100.2054,14.7707],[100.2066,14.7377],[100.219,14.7288],[100.2122,14.7182],[100.2039,14.7213],[100.2236,14.689],[100.2223,14.6655],[100.2443,14.6511],[100.24,14.645],[100.2146,14.6422],[100.208,14.6348],[100.2104,14.6246],[100.1913,14.6171],[100.2002,14.5989],[100.2187,14.5967],[100.2069,14.583],[100.2096,14.5732],[100.196,14.561],[100.2081,14.5406],[100.2062,14.524],[100.2318,14.5026],[100.2354,14.4794],[100.2531,14.4829],[100.2586,14.4914],[100.2851,14.4816],[100.2862,14.498],[100.3084,14.4942],[100.3148,14.4869],[100.348,14.4984],[100.3742,14.5],[100.3775,14.5088],[100.4048,14.5088],[100.4267,14.4931],[100.4164,14.4769],[100.4202,14.4471],[100.4356,14.4485],[100.4629,14.4395],[100.4969,14.4595],[100.491,14.4884],[100.5001,14.5024],[100.491,14.5149],[100.4994,14.5198],[100.4919,14.5513],[100.4783,14.5659],[100.4928,14.5788],[100.4918,14.6104],[100.503,14.6299],[100.5002,14.6506],[100.5082,14.6524],[100.4961,14.6766],[100.5041,14.6852],[100.4953,14.7006],[100.4751,14.7032],[100.464,14.7207],[100.4376,14.7278],[100.4164,14.7255],[100.4163,14.7443],[100.4041,14.7591],[100.3932,14.7442],[100.3808,14.7429],[100.3714,14.7631],[100.356,14.7615],[100.3332,14.7985]]]}},{"type":"Feature","properties":{"pcode":"TH16","name_en":"Lop Buri","name_th":"ลพบุรี"},"geometry":{"type":"Polygon","coordinates":[[[101.3453,15.7525],[101.3363,15.753],[101.3355,15.727],[101.36,15.686],[101.3408,15.6589],[101.3438,15.6378],[101.3323,15.6217],[101.3321,15.6105],[101.3168,15.6019],[101.3073,15.551],[101.2875,15.5301],[101.2886,15.5247],[101.2969,15.5287],[101.3044,15.5197],[101.301,15.5059],[101.3073,15.4719],[101.2976,15.4558],[101.3014,15.4377],[101.3073,15.4347],[101.302,15.4259],[101.3052,15.3914],[101.277,15.362],[101.2471,15.3537],[101.2124,15.3339],[101.2054,15.3194],[101.1972,15.3277],[101.1683,15.3273],[101.1376,15.3396],[101.1226,15.3261],[101.1101,15.3253],[101.0894,15.3389],[101.0823,15.3564],[101.0553,15.3199],[101.0337,15.3273],[101.0252,15.338],[101.0128,15.334],[101.0016,15.3185],[100.9869,15.3241],[100.977,15.3365],[100.9841,15.3465],[100.9771,15.3592],[100.9772,15.401],[100.9728,15.4055],[100.977,15.4146],[100.9475,15.4074],[100.9326,15.4137],[100.9242,15.4327],[100.9322,15.4662],[100.9287,15.4877],[100.904,15.4964],[100.9003,15.5128],[100.8878,15.518],[100.8851,15.5288],[100.8529,15.5254],[100.8547,15.5473],[100.8377,15.5634],[100.7906,15.5377],[100.7694,15.534],[100.7583,15.5256],[100.7592,15.5189],[100.746,15.5133],[100.7529,15.5016],[100.7688,15.4963],[100.7697,15.463],[100.7052,15.4394],[100.6789,15.4526],[100.6668,15.4331],[100.6589,15.4354],[100.6586,15.4275],[100.6438,15.4175],[100.6422,15.3726],[100.632,15.3612],[100.6337,15.324],[100.622,15.319],[100.6112,15.2947],[100.5933,15.2877],[100.5973,15.2794],[100.59,15.2685],[100.6202,15.2427],[100.5912,15.2474],[100.584,15.2426],[100.5902,15.2296],[100.549,15.1891],[100.5319,15.1836],[100.507,15.1304],[100.475,15.1068],[100.4591,15.1163],[100.4578,15.1041],[100.4275,15.0611],[100.4467,15.0552],[100.4695,15.0272],[100.4612,15.0025],[100.4469,15.0032],[100.4443,14.996],[100.4518,14.9739],[100.449,14.9424],[100.42,14.9271],[100.4275,14.8844],[100.4517,14.8746],[100.4454,14.8617],[100.4589,14.8557],[100.4547,14.8358],[100.4656,14.8286],[100.4642,14.8206],[100.4826,14.8113],[100.4682,14.7982],[100.4756,14.7719],[100.4716,14.7692],[100.478,14.7664],[100.4725,14.7617],[100.4881,14.7481],[100.4736,14.7311],[100.4747,14.7225],[100.4633,14.726],[100.4579,14.7211],[100.4648,14.7199],[100.4752,14.7032],[100.4954,14.7005],[100.5042,14.6846],[100.4961,14.6766],[100.5034,14.6699],[100.5097,14.6725],[100.5072,14.6628],[100.5127,14.6563],[100.5308,14.6694],[100.5491,14.6715],[100.5522,14.6612],[100.5807,14.6644],[100.6109,14.6471],[100.6266,14.655],[100.6305,14.65],[100.6405,14.6685],[100.6359,14.6704],[100.6551,14.6987],[100.6513,14.7103],[100.6719,14.7431],[100.6858,14.7493],[100.6893,14.7593],[100.7245,14.7601],[100.7375,14.7768],[100.7517,14.7794],[100.7667,14.7966],[100.7957,14.7915],[100.8141,14.7951],[100.8199,14.8036],[100.8418,14.8042],[100.8475,14.8014],[100.8455,14.7896],[100.8649,14.7823],[100.8674,14.7681],[100.9015,14.77],[100.9124,14.757],[100.9406,14.7508],[100.9436,14.7407],[100.9612,14.7443],[100.9663,14.7515],[100.9919,14.7405],[100.9925,14.7684],[101.0256,14.8103],[101.0543,14.7904],[101.0597,14.7601],[101.0695,14.7599],[101.0735,14.7655],[101.0621,14.7896],[101.0729,14.7914],[101.0691,14.8144],[101.0817,14.811],[101.0783,14.8183],[101.0891,14.8315],[101.0786,14.8356],[101.068,14.8311],[101.0654,14.8402],[101.0776,14.8436],[101.0798,14.8512],[101.0828,14.8433],[101.0932,14.8495],[101.0814,14.8799],[101.095,14.9076],[101.145,14.8968],[101.1651,14.9026],[101.1925,14.9212],[101.2332,14.9206],[101.2578,14.9125],[101.2843,14.9437],[101.3292,14.9656],[101.3364,14.9902],[101.3477,14.9931],[101.3631,15.047],[101.3714,15.0461],[101.3816,15.0681],[101.4002,15.0738],[101.396,15.0991],[101.4007,15.1023],[101.4019,15.1381],[101.3804,15.2897],[101.3858,15.3462],[101.3793,15.3461],[101.3758,15.3767],[101.3822,15.3878],[101.3776,15.3904],[101.3777,15.4305],[101.3857,15.4865],[101.3737,15.5276],[101.3697,15.5849],[101.4044,15.7393],[101.391,15.7456],[101.3814,15.7368],[101.3453,15.7525]]]}},{"type":"Feature","properties":{"pcode":"TH17","name_en":"Sing Buri","name_th":"สิงห์บุรี"},"geometry":{"type":"Polygon","coordinates":[[[100.3691,15.0894],[100.3546,15.0967],[100.3546,15.1205],[100.3201,15.0926],[100.2933,15.0818],[100.2936,15.0645],[100.2775,15.0662],[100.2596,15.0589],[100.2595,15.0499],[100.2456,15.0393],[100.2187,15.0443],[100.2239,15.0249],[100.2449,15.0237],[100.2426,15.0181],[100.2507,15.0187],[100.2562,15.0075],[100.2677,15.0108],[100.2754,14.9922],[100.2862,14.9929],[100.2912,14.9766],[100.2885,14.9563],[100.259,14.9439],[100.2368,14.952],[100.2043,14.9538],[100.1978,14.9394],[100.1824,14.9349],[100.1867,14.9079],[100.1948,14.9039],[100.2167,14.9104],[100.2242,14.9035],[100.2063,14.8953],[100.2097,14.8844],[100.2245,14.8826],[100.2164,14.8732],[100.2215,14.865],[100.2188,14.8441],[100.2094,14.8335],[100.2043,14.8093],[100.2264,14.795],[100.2725,14.7995],[100.2953,14.7808],[100.2995,14.7899],[100.3143,14.7898],[100.3113,14.7979],[100.3286,14.8025],[100.3488,14.7797],[100.356,14.7615],[100.3714,14.7631],[100.3808,14.7429],[100.3932,14.7442],[100.4035,14.7593],[100.4163,14.7443],[100.4164,14.7255],[100.4741,14.7222],[100.4772,14.7379],[100.4845,14.7391],[100.4881,14.7481],[100.4725,14.7617],[100.478,14.7664],[100.4716,14.7692],[100.4756,14.7719],[100.4682,14.7982],[100.4826,14.8113],[100.4642,14.8206],[100.4656,14.8286],[100.4547,14.8358],[100.4589,14.8557],[100.4454,14.8617],[100.4517,14.8746],[100.4275,14.8844],[100.42,14.9271],[100.4491,14.9425],[100.4518,14.9739],[100.4443,14.996],[100.4469,15.0032],[100.4612,15.0025],[100.4692,15.0287],[100.4467,15.0552],[100.4275,15.0611],[100.4244,15.0516],[100.3691,15.0894]]]}},{"type":"Feature","properties":{"pcode":"TH18","name_en":"Chai Nat","name_th":"ชัยนาท"},"geometry":{"type":"Polygon","coordinates":[[[100.1199,15.4124],[100.0988,15.4178],[100.0879,15.4102],[100.0894,15.3963],[100.1062,15.3758],[100.0788,15.3801],[100.0737,15.3704],[100.0979,15.3509],[100.1012,15.3385],[100.0954,15.3275],[100.0783,15.3182],[100.0808,15.2997],[100.0608,15.2828],[100.0574,15.2632],[100.0477,15.2649],[100.0366,15.293],[100.0203,15.2912],[100.0055,15.302],[99.9673,15.2985],[99.9579,15.3061],[99.8835,15.2871],[99.8768,15.3021],[99.8514,15.3111],[99.837,15.3088],[99.7866,15.3195],[99.7573,15.3119],[99.7642,15.308],[99.7638,15.2989],[99.7535,15.2946],[99.7381,15.2664],[99.7327,15.2688],[99.7273,15.2496],[99.7335,15.2417],[99.7301,15.2132],[99.7608,15.1751],[99.749,15.165],[99.7717,15.1406],[99.7675,15.1298],[99.7927,15.0919],[99.7725,15.0584],[99.777,15.0535],[99.7691,15.0226],[99.7289,14.9951],[99.7198,14.9815],[99.7238,14.962],[99.7523,14.9609],[99.7942,14.943],[99.82,14.9428],[99.8212,14.9377],[99.8435,14.9374],[99.8739,14.9233],[99.8883,14.9263],[99.932,14.9069],[99.9496,14.9107],[99.9548,14.9066],[99.9685,14.9128],[100.0058,14.908],[100.0121,14.9143],[100.0417,14.9149],[100.0457,14.9409],[100.037,14.9501],[100.0401,14.9611],[100.055,14.9622],[100.0763,14.951],[100.0887,14.956],[100.1061,14.9456],[100.1325,14.9459],[100.1381,14.9369],[100.1276,14.9314],[100.1263,14.923],[100.1577,14.929],[100.1867,14.958],[100.1969,14.9601],[100.2027,14.9535],[100.2368,14.952],[100.259,14.9439],[100.2885,14.9563],[100.2862,14.9929],[100.2754,14.9922],[100.2682,15.0104],[100.2556,15.0078],[100.2507,15.0187],[100.2426,15.0181],[100.2449,15.0237],[100.2239,15.0249],[100.2187,15.0443],[100.2456,15.0393],[100.2595,15.0499],[100.2596,15.0589],[100.2775,15.0662],[100.2936,15.0645],[100.2933,15.0818],[100.3201,15.0926],[100.3515,15.1184],[100.3507,15.1234],[100.3398,15.1506],[100.3197,15.1582],[100.2982,15.18],[100.2922,15.2182],[100.2743,15.2243],[100.2785,15.2498],[100.2688,15.2538],[100.2667,15.2778],[100.2508,15.3026],[100.2651,15.3226],[100.2504,15.355],[100.2247,15.3655],[100.2225,15.3587],[100.2155,15.359],[100.2178,15.3634],[100.1806,15.3808],[100.1619,15.3809],[100.1439,15.3904],[100.14,15.4043],[100.1199,15.4124]]]}},{"type":"Feature","properties":{"pcode":"TH19","name_en":"Saraburi","name_th":"สระบุรี"},"geometry":{"type":"Polygon","coordinates":[[[101.3994,15.0737],[101.3804,15.0672],[101.3714,15.0461],[101.3631,15.047],[101.3477,14.9931],[101.3364,14.9902],[101.3292,14.9655],[101.2843,14.9437],[101.2627,14.9149],[101.1925,14.9212],[101.1651,14.9026],[101.145,14.8968],[101.1075,14.9084],[101.0939,14.9067],[101.0814,14.8799],[101.0932,14.8495],[101.0828,14.8433],[101.0798,14.8512],[101.0776,14.8436],[101.0654,14.8402],[101.068,14.8311],[101.0786,14.8356],[101.0891,14.8315],[101.0783,14.8183],[101.0817,14.811],[101.0691,14.8144],[101.0729,14.7914],[101.0621,14.7896],[101.0734,14.7657],[101.07,14.7601],[101.0597,14.7601],[101.0543,14.7904],[101.0256,14.8103],[100.9925,14.7684],[100.9919,14.7405],[100.9663,14.7515],[100.9612,14.7443],[100.9436,14.7407],[100.9406,14.7508],[100.9124,14.757],[100.9015,14.77],[100.8674,14.7681],[100.8649,14.7823],[100.8455,14.7896],[100.8475,14.8014],[100.8418,14.8042],[100.8199,14.8036],[100.8141,14.7951],[100.7957,14.7915],[100.7667,14.7966],[100.7517,14.7794],[100.7375,14.7768],[100.7245,14.7601],[100.6892,14.7592],[100.6858,14.7493],[100.672,14.7432],[100.6681,14.7321],[100.6652,14.7353],[100.6513,14.7103],[100.6551,14.6987],[100.6359,14.6704],[100.6405,14.6685],[100.6305,14.65],[100.6266,14.655],[100.6118,14.6468],[100.6023,14.6551],[100.5938,14.6461],[100.5749,14.5984],[100.6036,14.5784],[100.6018,14.5542],[100.6185,14.5643],[100.6478,14.5485],[100.6764,14.5581],[100.6748,14.5744],[100.6548,14.6064],[100.6768,14.5955],[100.6851,14.5821],[100.723,14.5766],[100.7308,14.5694],[100.7827,14.567],[100.7745,14.5461],[100.7785,14.5303],[100.7474,14.5132],[100.7604,14.4944],[100.7668,14.4984],[100.7716,14.4942],[100.7656,14.4843],[100.7737,14.4819],[100.766,14.478],[100.77,14.4645],[100.7611,14.4516],[100.7724,14.4346],[100.7627,14.4275],[100.7685,14.4227],[100.7595,14.4117],[100.7714,14.4069],[100.7776,14.4137],[100.7806,14.3977],[100.7971,14.39],[100.785,14.3798],[100.7872,14.3654],[100.793,14.3642],[100.774,14.3369],[100.7755,14.3186],[100.8232,14.3297],[100.8215,14.2427],[100.8915,14.276],[100.8923,14.2437],[100.9591,14.2755],[100.9787,14.291],[100.9885,14.2875],[100.989,14.2977],[101.0154,14.3022],[101.0185,14.3148],[101.0482,14.3399],[101.0512,14.359],[101.0624,14.371],[101.0545,14.3918],[101.0568,14.4143],[101.0717,14.4053],[101.0758,14.3891],[101.0856,14.3831],[101.1253,14.3844],[101.1466,14.3738],[101.1575,14.3585],[101.1573,14.3478],[101.1657,14.3424],[101.1663,14.348],[101.1777,14.347],[101.1852,14.3534],[101.1868,14.3671],[101.2101,14.372],[101.2118,14.3819],[101.2025,14.4025],[101.2113,14.4136],[101.2092,14.4282],[101.215,14.4376],[101.2301,14.434],[101.2222,14.4459],[101.2342,14.4588],[101.2261,14.4635],[101.2252,14.4724],[101.2428,14.4711],[101.2105,14.5201],[101.1951,14.5312],[101.1902,14.5282],[101.181,14.5439],[101.1849,14.5516],[101.1948,14.5536],[101.1939,14.5615],[101.2158,14.5905],[101.2044,14.6066],[101.2083,14.6333],[101.1991,14.6639],[101.2038,14.6833],[101.1951,14.7054],[101.1864,14.7114],[101.1851,14.722],[101.1941,14.7313],[101.1887,14.7492],[101.1975,14.7491],[101.1986,14.7559],[101.2084,14.751],[101.211,14.7569],[101.2317,14.732],[101.2632,14.7335],[101.2806,14.7261],[101.2825,14.7451],[101.2919,14.7362],[101.2991,14.7374],[101.305,14.7569],[101.3278,14.7587],[101.3341,14.766],[101.3376,14.7872],[101.3891,14.8125],[101.4152,14.8444],[101.4527,14.8609],[101.4494,14.911],[101.4352,14.9367],[101.4325,14.972],[101.4205,14.9965],[101.4255,15.0133],[101.3994,15.0737]]]}},{"type":"Feature","properties":{"pcode":"TH20","name_en":"Chon Buri","name_th":"ชลบุรี"},"geometry":{"type":"MultiPolygon","coordinates":[[[[101.1435,13.5893],[101.1294,13.5781],[101.13,13.5699],[101.1185,13.5649],[101.1102,13.5693],[101.094,13.5536],[101.0681,13.5574],[101.0551,13.5522],[101.0438,13.5587],[101.0417,13.5499],[101.0562,13.5478],[101.0572,13.5387],[101.0709,13.5354],[101.0717,13.5256],[101.0672,13.5253],[101.0726,13.504],[101.0665,13.5097],[101.0488,13.5087],[101.0509,13.5036],[101.0357,13.4857],[101.0393,13.4803],[101.0113,13.473],[101.0134,13.4619],[100.9857,13.463],[100.9741,13.4734],[100.963,13.4608],[100.9699,13.4554],[100.9676,13.4329],[100.9842,13.3957],[100.9856,13.3801],[100.9771,13.3733],[100.982,13.371],[100.9768,13.3708],[100.9692,13.3521],[100.9355,13.3385],[100.9261,13.3413],[100.9185,13.316],[100.9027,13.3176],[100.9025,13.3044],[100.8975,13.3024],[100.9278,13.258],[100.9364,13.2028],[100.9252,13.1688],[100.9005,13.1438],[100.8975,13.1229],[100.8784,13.1087],[100.8719,13.0771],[100.8844,13.0788],[100.8784,13.0712],[100.8825,13.0636],[100.8964,13.0709],[100.8846,13.06],[100.889,13.052],[100.905,13.0566],[100.9066,13.0518],[100.8905,13.0471],[100.8929,13.0389],[100.9148,13.0451],[100.928,13.0096],[100.9084,12.9761],[100.8831,12.9708],[100.8831,12.938],[100.8694,12.9252],[100.862,12.93],[100.8558,12.9101],[100.8983,12.8561],[100.9134,12.8067],[100.8933,12.766],[100.879,12.7607],[100.8699,12.7696],[100.8557,12.7641],[100.8535,12.754],[100.8404,12.7528],[100.8338,12.7137],[100.8399,12.7072],[100.8377,12.6975],[100.8574,12.6937],[100.8403,12.6833],[100.8428,12.6703],[100.8556,12.6762],[100.8617,12.6673],[100.8499,12.6498],[100.8864,12.6533],[100.9035,12.6624],[100.9179,12.6584],[100.9305,12.6452],[100.9276,12.6316],[100.9139,12.6282],[100.9135,12.6233],[100.9248,12.6128],[100.9259,12.6054],[100.9355,12.6093],[100.945,12.5992],[100.954,12.6027],[100.9601,12.5954],[100.9682,12.6445],[100.9932,12.6585],[100.9845,12.6937],[100.9948,12.7143],[100.9911,12.7265],[101.0013,12.7313],[101.0154,12.7589],[101.0114,12.7707],[101.0158,12.7942],[101.0364,12.8123],[101.05,12.8151],[101.0631,12.8339],[101.0615,12.8581],[101.0798,12.8955],[101.0761,12.9043],[101.0886,12.9154],[101.0908,12.9576],[101.1036,12.9729],[101.0959,12.9753],[101.0907,12.9978],[101.0828,13.0042],[101.0946,13.0339],[101.1047,13.0275],[101.1198,13.0325],[101.1348,13.0165],[101.1538,13.0306],[101.1745,13.02],[101.174,13.0279],[101.1839,13.0266],[101.1952,13.0443],[101.1942,13.0546],[101.1716,13.0588],[101.1732,13.0735],[101.1795,13.0845],[101.195,13.0889],[101.2104,13.0802],[101.2098,13.0754],[101.2189,13.078],[101.2376,13.0652],[101.2593,13.0748],[101.2702,13.0621],[101.2919,13.0569],[101.3008,13.0723],[101.3261,13.0841],[101.3425,13.0735],[101.3644,13.0451],[101.3802,13.0394],[101.3941,13.0248],[101.4167,13.0272],[101.4198,13.0389],[101.4359,13.0516],[101.4705,13.0261],[101.4727,13.0324],[101.4643,13.0424],[101.4689,13.0518],[101.477,13.0479],[101.4889,13.051],[101.485,13.0584],[101.5145,13.0592],[101.5125,13.0669],[101.5223,13.077],[101.5444,13.071],[101.5735,13.0867],[101.5842,13.1301],[101.6154,13.137],[101.6355,13.1599],[101.6471,13.1635],[101.6958,13.1466],[101.7028,13.1608],[101.7155,13.1634],[101.7197,13.1776],[101.7129,13.2055],[101.6942,13.2218],[101.6845,13.2499],[101.6735,13.2569],[101.6681,13.2734],[101.6179,13.3022],[101.5996,13.3027],[101.5805,13.3327],[101.5644,13.3314],[101.5566,13.3676],[101.546,13.3775],[101.547,13.3971],[101.5331,13.4147],[101.5324,13.427],[101.5177,13.4226],[101.511,13.4107],[101.5019,13.4103],[101.4908,13.4283],[101.4954,13.4352],[101.4899,13.4446],[101.4682,13.4249],[101.4346,13.4496],[101.4023,13.4503],[101.4099,13.4657],[101.4054,13.472],[101.394,13.4749],[101.3612,13.4637],[101.3516,13.4806],[101.2952,13.5253],[101.2944,13.534],[101.2673,13.568],[101.2526,13.5654],[101.2015,13.5846],[101.1527,13.5843],[101.1435,13.5893]]],[[[100.9719,12.523],[100.9662,12.5203],[100.9745,12.5134],[100.9746,12.5194],[100.9719,12.523]]],[[[100.956,12.5305],[100.9519,12.5158],[100.9567,12.5079],[100.9606,12.5164],[100.956,12.5305]]],[[[100.9606,12.5316],[100.96,12.5331],[100.9589,12.5336],[100.9594,12.5317],[100.9606,12.5316]]],[[[100.9589,12.5341],[100.959,12.5349],[100.9583,12.5357],[100.9582,12.5347],[100.9589,12.5341]]],[[[100.9717,12.5473],[100.9725,12.5507],[100.9711,12.5523],[100.9707,12.5482],[100.9717,12.5473]]],[[[100.9357,12.5734],[100.9348,12.5766],[100.9308,12.573],[100.9326,12.5708],[100.9357,12.5734]]],[[[100.9472,12.588],[100.9425,12.5801],[100.9528,12.5495],[100.9632,12.5618],[100.9544,12.5865],[100.9472,12.588]]],[[[100.9647,12.5897],[100.961,12.5897],[100.9605,12.5814],[100.9667,12.5812],[100.9647,12.5897]]],[[[100.918,12.6],[100.9175,12.602],[100.9173,12.606],[100.9164,12.6026],[100.918,12.6]]],[[[100.877,12.6103],[100.8769,12.6125],[100.8758,12.615],[100.8747,12.6123],[100.877,12.6103]]],[[[100.9178,12.6158],[100.9181,12.6162],[100.9183,12.6176],[100.9175,12.6167],[100.9178,12.6158]]],[[[100.8796,12.6177],[100.8796,12.6143],[100.8839,12.6165],[100.882,12.6177],[100.8796,12.6177]]],[[[100.9029,12.6248],[100.9007,12.6274],[100.8991,12.6234],[100.9025,12.6223],[100.9029,12.6248]]],[[[100.874,12.6423],[100.8639,12.6406],[100.8679,12.6286],[100.8776,12.6366],[100.874,12.6423]]],[[[100.897,12.6447],[100.8986,12.6461],[100.898,12.6472],[100.8967,12.6451],[100.897,12.6447]]],[[[100.8921,12.6459],[100.8913,12.6478],[100.8778,12.6453],[100.8908,12.6417],[100.8921,12.6459]]],[[[100.8238,12.6763],[100.8221,12.6797],[100.8237,12.6723],[100.8254,12.6735],[100.8238,12.6763]]],[[[100.7758,12.7203],[100.7759,12.7069],[100.7693,12.7053],[100.7655,12.7139],[100.7639,12.7036],[100.7812,12.6713],[100.8061,12.6975],[100.803,12.718],[100.7758,12.7203]]],[[[100.7995,12.7267],[100.7987,12.7288],[100.7973,12.7298],[100.799,12.7253],[100.7995,12.7267]]],[[[100.8492,12.7608],[100.8464,12.7636],[100.8389,12.7611],[100.843,12.7593],[100.8492,12.7608]]],[[[100.7025,12.7933],[100.7018,12.7932],[100.7022,12.7922],[100.7027,12.7926],[100.7025,12.7933]]],[[[100.7035,12.7974],[100.7038,12.8009],[100.6982,12.8025],[100.7025,12.7937],[100.7035,12.7974]]],[[[100.6733,12.8676],[100.676,12.8767],[100.6737,12.8841],[100.6708,12.8686],[100.6733,12.8676]]],[[[100.6804,12.8995],[100.6811,12.9027],[100.6778,12.9063],[100.677,12.9038],[100.6804,12.8995]]],[[[100.6776,12.9094],[100.6781,12.9103],[100.6777,12.9125],[100.6769,12.9106],[100.6776,12.9094]]],[[[100.8067,12.925],[100.8069,12.9291],[100.8042,12.9308],[100.8052,12.9262],[100.8067,12.925]]],[[[100.79,12.9305],[100.7892,12.9382],[100.7786,12.9273],[100.7688,12.9282],[100.7659,12.9139],[100.7734,12.8969],[100.7818,12.9024],[100.79,12.9305]]],[[[100.7924,12.9446],[100.7894,12.9459],[100.7901,12.9422],[100.7953,12.9456],[100.7924,12.9446]]],[[[100.68,12.9489],[100.6771,12.9524],[100.6623,12.9453],[100.6756,12.9187],[100.6856,12.9277],[100.6773,12.94],[100.68,12.9489]]],[[[100.6568,12.9577],[100.6562,12.9565],[100.6579,12.9564],[100.6578,12.9574],[100.6568,12.9577]]],[[[100.6527,12.9631],[100.6479,12.9628],[100.6476,12.9512],[100.6539,12.959],[100.6527,12.9631]]],[[[100.8103,13.1181],[100.8055,13.1181],[100.8026,13.1087],[100.8106,13.114],[100.8103,13.1181]]],[[[100.8095,13.1241],[100.8088,13.1236],[100.8091,13.1231],[100.8096,13.1234],[100.8095,13.1241]]],[[[100.8347,13.1516],[100.8344,13.1522],[100.8337,13.1526],[100.8342,13.1514],[100.8347,13.1516]]],[[[100.8334,13.1652],[100.8334,13.1658],[100.833,13.1664],[100.8325,13.1654],[100.8334,13.1652]]],[[[100.8238,13.1707],[100.8212,13.1655],[100.8244,13.1637],[100.8273,13.1686],[100.8238,13.1707]]],[[[100.92,13.1746],[100.9192,13.1737],[100.9205,13.1732],[100.921,13.1743],[100.92,13.1746]]],[[[100.8299,13.1751],[100.8288,13.1746],[100.8288,13.1738],[100.8309,13.1742],[100.8299,13.1751]]],[[[100.8082,13.1789],[100.8008,13.1779],[100.7983,13.1634],[100.8053,13.155],[100.7993,13.148],[100.807,13.1452],[100.8033,13.1387],[100.8094,13.1251],[100.8224,13.1412],[100.809,13.1613],[100.8082,13.1789]]],[[[100.7983,13.189],[100.798,13.1896],[100.7978,13.1896],[100.7982,13.1887],[100.7983,13.189]]]]}},{"type":"Feature","properties":{"pcode":"TH21","name_en":"Rayong","name_th":"ระยอง"},"geometry":{"type":"MultiPolygon","coordinates":[[[[101.6523,13.1603],[101.6357,13.16],[101.6223,13.1408],[101.5824,13.1289],[101.5737,13.0869],[101.5677,13.088],[101.5594,13.0769],[101.5444,13.071],[101.5223,13.077],[101.5125,13.0669],[101.5145,13.0592],[101.485,13.0584],[101.4889,13.051],[101.477,13.0479],[101.4689,13.0518],[101.4643,13.0424],[101.4727,13.0324],[101.4705,13.0261],[101.4359,13.0516],[101.4198,13.0389],[101.4167,13.0272],[101.3941,13.0248],[101.3802,13.0394],[101.3644,13.0451],[101.3425,13.0735],[101.3261,13.0841],[101.3008,13.0723],[101.2919,13.0569],[101.2702,13.0621],[101.2593,13.0748],[101.2376,13.0652],[101.2189,13.078],[101.2098,13.0754],[101.2104,13.0802],[101.195,13.0889],[101.1795,13.0845],[101.1732,13.0735],[101.1716,13.0588],[101.1942,13.0546],[101.1952,13.0443],[101.1839,13.0266],[101.174,13.0279],[101.1745,13.02],[101.1538,13.0306],[101.1348,13.0165],[101.1198,13.0325],[101.1047,13.0275],[101.0946,13.0339],[101.0828,13.0042],[101.0907,12.9978],[101.0959,12.9753],[101.1036,12.9729],[101.0908,12.9576],[101.0886,12.9154],[101.0761,12.9043],[101.0798,12.8955],[101.0615,12.8581],[101.0631,12.8339],[101.05,12.8151],[101.0364,12.8123],[101.0158,12.7942],[101.0114,12.7707],[101.0154,12.7589],[101.0013,12.7313],[100.9911,12.7265],[100.9948,12.7143],[100.9845,12.6937],[100.9926,12.6765],[100.9923,12.6562],[101.0655,12.6747],[101.1219,12.678],[101.1321,12.6754],[101.1325,12.6653],[101.1477,12.6469],[101.1352,12.6636],[101.1387,12.6738],[101.1515,12.6735],[101.1571,12.6401],[101.1663,12.6399],[101.1665,12.6616],[101.158,12.6616],[101.1619,12.672],[101.235,12.6653],[101.2853,12.6546],[101.3652,12.6214],[101.4118,12.5949],[101.4183,12.5831],[101.424,12.5904],[101.4251,12.6172],[101.4488,12.6307],[101.5565,12.6273],[101.5656,12.6319],[101.5666,12.6479],[101.5934,12.6535],[101.6459,12.6424],[101.6602,12.6718],[101.6878,12.6942],[101.7496,12.7081],[101.7844,12.6932],[101.7906,12.7008],[101.7853,12.7106],[101.7995,12.7231],[101.7946,12.7355],[101.8029,12.7402],[101.7993,12.7498],[101.8066,12.7563],[101.8121,12.7501],[101.8196,12.7542],[101.8223,12.7911],[101.8177,12.801],[101.8278,12.8105],[101.8311,12.8249],[101.8245,12.8419],[101.8263,12.858],[101.8159,12.8724],[101.8182,12.8997],[101.8086,12.8853],[101.8008,12.9241],[101.792,12.9286],[101.7903,12.944],[101.7791,12.9535],[101.757,12.9402],[101.7528,12.951],[101.7468,12.9491],[101.7388,12.9591],[101.7378,12.9818],[101.756,13.0073],[101.7524,13.0286],[101.7608,13.0357],[101.7592,13.0478],[101.7505,13.0487],[101.7379,13.0337],[101.7176,13.0339],[101.7029,13.0716],[101.7068,13.078],[101.6986,13.0808],[101.6931,13.0926],[101.7002,13.109],[101.6855,13.1145],[101.6958,13.1466],[101.6523,13.1603]]],[[[101.4421,12.5162],[101.4423,12.5131],[101.4426,12.5128],[101.4432,12.5157],[101.4421,12.5162]]],[[[101.5694,12.5548],[101.5702,12.5568],[101.5671,12.559],[101.5681,12.5548],[101.5694,12.5548]]],[[[101.7006,12.5662],[101.7029,12.5687],[101.7017,12.5727],[101.6976,12.569],[101.7006,12.5662]]],[[[101.5103,12.5795],[101.5107,12.5802],[101.5106,12.5805],[101.5101,12.5801],[101.5103,12.5795]]],[[[101.4514,12.5827],[101.4456,12.5799],[101.4495,12.5693],[101.4431,12.5217],[101.4503,12.5541],[101.4591,12.5651],[101.4702,12.5677],[101.4514,12.5827]]],[[[101.5099,12.585],[101.5084,12.5844],[101.5104,12.5816],[101.5112,12.5849],[101.5099,12.585]]],[[[101.5091,12.5953],[101.5084,12.5939],[101.5111,12.5925],[101.5103,12.595],[101.5091,12.5953]]],[[[101.5124,12.5993],[101.5129,12.6],[101.5127,12.6004],[101.5122,12.5996],[101.5124,12.5993]]],[[[101.5147,12.6012],[101.5158,12.6035],[101.5157,12.6043],[101.5139,12.6016],[101.5147,12.6012]]],[[[101.6909,12.5953],[101.6944,12.6001],[101.6935,12.6043],[101.6887,12.5993],[101.6909,12.5953]]],[[[101.6915,12.6077],[101.6947,12.6124],[101.6895,12.619],[101.6851,12.611],[101.6915,12.6077]]],[[[101.1719,12.6479],[101.1715,12.65],[101.172,12.6511],[101.1696,12.6484],[101.1719,12.6479]]]]}},{"type":"Feature","properties":{"pcode":"TH22","name_en":"Chanthaburi","name_th":"จันทบุรี"},"geometry":{"type":"MultiPolygon","coordinates":[[[[102.1298,13.3362],[102.1185,13.3035],[102.1181,13.2776],[102.1091,13.2649],[102.0608,13.2519],[102.0572,13.2409],[102.0283,13.2367],[102.0282,13.2667],[102.0359,13.2748],[102.0347,13.2845],[102.0119,13.2902],[101.9889,13.3333],[101.968,13.3246],[101.9529,13.2976],[101.9311,13.2862],[101.9256,13.2934],[101.9199,13.2859],[101.9043,13.2868],[101.9056,13.2711],[101.8965,13.2522],[101.9019,13.2352],[101.8919,13.2268],[101.8835,13.2366],[101.8785,13.2239],[101.8717,13.2232],[101.8705,13.2523],[101.8624,13.2478],[101.8546,13.2543],[101.8368,13.2339],[101.8273,13.2376],[101.8183,13.2173],[101.7903,13.2034],[101.7733,13.1847],[101.7586,13.1891],[101.753,13.1821],[101.7409,13.1867],[101.7318,13.1786],[101.7171,13.1822],[101.7155,13.1634],[101.7028,13.1608],[101.6966,13.1524],[101.6966,13.1375],[101.6848,13.1233],[101.6855,13.1145],[101.7002,13.109],[101.6931,13.0926],[101.6986,13.0808],[101.7068,13.078],[101.7029,13.0716],[101.7176,13.0339],[101.7379,13.0337],[101.7505,13.0487],[101.7593,13.0476],[101.7608,13.0357],[101.7524,13.0286],[101.756,13.0073],[101.7378,12.9818],[101.7388,12.9591],[101.7468,12.9491],[101.7528,12.951],[101.757,12.9402],[101.7791,12.9535],[101.7903,12.944],[101.792,12.9286],[101.8008,12.9241],[101.8086,12.8853],[101.8182,12.8997],[101.8159,12.8724],[101.8263,12.858],[101.8245,12.8419],[101.8311,12.8249],[101.8278,12.8105],[101.8177,12.801],[101.8223,12.7911],[101.8196,12.7542],[101.8121,12.7501],[101.8066,12.7563],[101.7993,12.7498],[101.8029,12.7402],[101.7946,12.7355],[101.7995,12.7231],[101.7853,12.7106],[101.7906,12.7008],[101.7844,12.6932],[101.8268,12.6729],[101.8634,12.6423],[101.8658,12.617],[101.8831,12.5879],[101.8832,12.6019],[101.8948,12.6032],[101.9055,12.5955],[101.9096,12.5771],[101.9002,12.5733],[101.8856,12.5821],[101.8894,12.5699],[101.8941,12.5726],[101.9085,12.5626],[101.9289,12.5365],[101.9446,12.5322],[101.9486,12.5165],[101.9479,12.538],[101.9635,12.543],[101.984,12.5411],[102.0184,12.5238],[102.0429,12.4976],[102.0359,12.4865],[102.0468,12.4901],[102.04,12.4811],[102.0429,12.4728],[102.0596,12.4688],[102.0559,12.4816],[102.0613,12.4817],[102.0907,12.4641],[102.1243,12.4229],[102.1261,12.414],[102.1193,12.4081],[102.1265,12.4046],[102.1278,12.4119],[102.1372,12.4116],[102.1651,12.3943],[102.2234,12.3286],[102.2542,12.3066],[102.2578,12.2929],[102.2652,12.2996],[102.3117,12.3043],[102.3398,12.3287],[102.3477,12.3439],[102.3455,12.3649],[102.3719,12.3886],[102.3675,12.403],[102.3254,12.4273],[102.3297,12.4455],[102.32,12.4526],[102.3367,12.4637],[102.3419,12.4766],[102.3329,12.4989],[102.338,12.5138],[102.3145,12.5239],[102.3168,12.5372],[102.3051,12.5565],[102.3367,12.5639],[102.3455,12.5894],[102.3593,12.5967],[102.3765,12.5959],[102.3802,12.5832],[102.3974,12.5744],[102.3994,12.5674],[102.4229,12.5695],[102.4195,12.5792],[102.3878,12.6039],[102.4016,12.6187],[102.3902,12.6328],[102.394,12.6397],[102.3845,12.6623],[102.3853,12.6794],[102.3939,12.6785],[102.3931,12.6874],[102.4032,12.6929],[102.4005,12.6987],[102.4241,12.711],[102.4245,12.7233],[102.4308,12.7231],[102.4412,12.7368],[102.4719,12.7347],[102.4912,12.7572],[102.5178,12.752],[102.5345,12.7704],[102.5359,12.7875],[102.528,12.7972],[102.5323,12.8124],[102.5156,12.8227],[102.5163,12.8393],[102.4979,12.8584],[102.5078,12.8658],[102.5053,12.8823],[102.5106,12.8962],[102.5027,12.9014],[102.486,12.9479],[102.5015,12.9598],[102.4859,12.978],[102.4875,12.9833],[102.5083,12.9956],[102.5164,12.9911],[102.5301,13.0021],[102.4943,13.0136],[102.4592,13.0828],[102.4353,13.0896],[102.4341,13.101],[102.4169,13.1231],[102.4171,13.1394],[102.4014,13.1519],[102.3919,13.1845],[102.3951,13.1942],[102.3762,13.2313],[102.3773,13.2413],[102.3664,13.2506],[102.366,13.2628],[102.3496,13.2728],[102.3536,13.2989],[102.335,13.3156],[102.3214,13.3027],[102.3233,13.2946],[102.3115,13.2871],[102.2967,13.2902],[102.296,13.2989],[102.2852,13.3044],[102.2775,13.2898],[102.2473,13.2852],[102.2192,13.3034],[102.2169,13.3111],[102.1895,13.2921],[102.1813,13.3144],[102.1657,13.324],[102.1497,13.3192],[102.1298,13.3362]]],[[[102.2517,12.2896],[102.2495,12.2881],[102.2514,12.2858],[102.2532,12.2878],[102.2517,12.2896]]],[[[102.2415,12.2961],[102.2353,12.2971],[102.2384,12.2862],[102.2442,12.2932],[102.2415,12.2961]]],[[[102.1339,12.3954],[102.1348,12.3968],[102.134,12.3991],[102.1313,12.3929],[102.1339,12.3954]]],[[[102.1109,12.4226],[102.1114,12.4255],[102.108,12.4221],[102.1103,12.4222],[102.1109,12.4226]]],[[[102.0664,12.4655],[102.0652,12.4655],[102.065,12.465],[102.0658,12.4645],[102.0664,12.4655]]],[[[102.0246,12.4598],[102.0256,12.4635],[102.0225,12.4667],[102.0207,12.4632],[102.0246,12.4598]]],[[[101.9495,12.514],[101.948,12.5136],[101.9499,12.5091],[101.951,12.512],[101.9495,12.514]]]]}},{"type":"Feature","properties":{"pcode":"TH23","name_en":"Trat","name_th":"ตราด"},"geometry":{"type":"MultiPolygon","coordinates":[[[[102.4946,12.7564],[102.4719,12.7347],[102.4412,12.7368],[102.4308,12.7231],[102.4245,12.7233],[102.4241,12.711],[102.4005,12.6987],[102.4032,12.6929],[102.3931,12.6874],[102.3939,12.6785],[102.3846,12.678],[102.3876,12.6487],[102.394,12.6397],[102.3902,12.6328],[102.4016,12.6187],[102.3975,12.6084],[102.3883,12.6099],[102.3878,12.6038],[102.4195,12.5793],[102.4229,12.5695],[102.3994,12.5674],[102.3974,12.5744],[102.3802,12.5832],[102.3765,12.5959],[102.3593,12.5967],[102.3455,12.5894],[102.3367,12.5639],[102.3051,12.5565],[102.3168,12.5372],[102.3145,12.5238],[102.338,12.5138],[102.3329,12.4989],[102.3419,12.4766],[102.3367,12.4637],[102.32,12.4526],[102.3297,12.4455],[102.3254,12.4273],[102.3675,12.403],[102.3719,12.3886],[102.3455,12.3649],[102.3477,12.3439],[102.3398,12.3287],[102.3117,12.3043],[102.2652,12.2996],[102.2578,12.2929],[102.2658,12.2756],[102.261,12.2709],[102.2883,12.2333],[102.2871,12.2232],[102.2773,12.2229],[102.2825,12.2138],[102.2771,12.205],[102.2949,12.187],[102.3061,12.1891],[102.3223,12.1804],[102.333,12.1964],[102.3456,12.1995],[102.3547,12.1924],[102.3683,12.1936],[102.3981,12.168],[102.4715,12.1648],[102.4674,12.1537],[102.4723,12.1436],[102.5228,12.1204],[102.538,12.1063],[102.5514,12.0828],[102.5476,12.0587],[102.584,12.0432],[102.5892,12.0538],[102.584,12.0693],[102.5734,12.0783],[102.5733,12.0869],[102.5589,12.0955],[102.5668,12.1171],[102.556,12.1309],[102.5617,12.1423],[102.5545,12.1622],[102.5735,12.1651],[102.5665,12.1793],[102.5571,12.1835],[102.5668,12.191],[102.5609,12.1966],[102.5912,12.2104],[102.6414,12.1801],[102.6484,12.1568],[102.6304,12.1569],[102.6259,12.1485],[102.7261,12.0685],[102.7659,12.023],[102.7713,11.99],[102.7659,11.9834],[102.7848,11.9441],[102.7816,11.9292],[102.7734,11.9243],[102.7742,11.913],[102.8898,11.7589],[102.9005,11.7355],[102.8933,11.7332],[102.8936,11.732],[102.901,11.7324],[102.9069,11.7123],[102.901,11.6842],[102.9058,11.6558],[102.9134,11.6507],[102.912,11.7457],[102.9044,11.7689],[102.8925,11.7872],[102.8818,11.7904],[102.8861,11.8002],[102.8667,11.8061],[102.8626,11.824],[102.8534,11.826],[102.8332,11.8577],[102.8204,11.89],[102.8157,11.9338],[102.8007,11.9487],[102.7805,11.9895],[102.7764,12.0138],[102.7807,12.0242],[102.7743,12.0339],[102.7708,12.0741],[102.758,12.0807],[102.7366,12.1078],[102.7052,12.1726],[102.7127,12.1954],[102.7095,12.2066],[102.7193,12.2278],[102.7139,12.2631],[102.7274,12.303],[102.7265,12.3653],[102.7425,12.3867],[102.7848,12.4007],[102.7821,12.4337],[102.7731,12.4357],[102.7663,12.456],[102.7506,12.4624],[102.7461,12.4577],[102.7375,12.4657],[102.7405,12.4822],[102.7342,12.4891],[102.7207,12.4863],[102.7287,12.5119],[102.7113,12.5084],[102.7049,12.5197],[102.6954,12.521],[102.6925,12.5326],[102.6782,12.5386],[102.6855,12.5488],[102.6688,12.5635],[102.6619,12.5831],[102.6445,12.5858],[102.6459,12.611],[102.6167,12.6157],[102.58,12.6531],[102.5679,12.6582],[102.5336,12.6529],[102.5104,12.6705],[102.5051,12.6835],[102.5101,12.6915],[102.4973,12.7044],[102.504,12.7136],[102.5004,12.74],[102.5076,12.7524],[102.4946,12.7564]]],[[[102.5216,11.6796],[102.5235,11.6856],[102.5246,11.6866],[102.5221,11.6848],[102.5216,11.6796]]],[[[102.517,11.725],[102.5126,11.7257],[102.5212,11.7082],[102.5259,11.7162],[102.517,11.725]]],[[[102.5552,11.7609],[102.547,11.7588],[102.5478,11.7376],[102.5345,11.7244],[102.541,11.7051],[102.5364,11.6968],[102.5276,11.6964],[102.5345,11.6662],[102.5243,11.6572],[102.5436,11.6377],[102.5455,11.6227],[102.5326,11.6186],[102.5298,11.6151],[102.536,11.6112],[102.526,11.6056],[102.5401,11.603],[102.548,11.5909],[102.5512,11.5967],[102.5668,11.5939],[102.5716,11.5891],[102.5684,11.5766],[102.5933,11.5619],[102.5932,11.5935],[102.6014,11.6072],[102.5875,11.6064],[102.596,11.6175],[102.5922,11.6207],[102.6032,11.6258],[102.5954,11.6287],[102.6082,11.6451],[102.6009,11.6769],[102.6085,11.6893],[102.6008,11.7001],[102.5905,11.6944],[102.5799,11.712],[102.5638,11.6979],[102.564,11.7225],[102.5709,11.7322],[102.5552,11.7609]]],[[[102.3947,11.7716],[102.3948,11.777],[102.3882,11.7753],[102.3904,11.7715],[102.3947,11.7716]]],[[[102.3941,11.7841],[102.3945,11.7851],[102.3935,11.7854],[102.3933,11.7845],[102.3941,11.7841]]],[[[102.3958,11.7873],[102.3963,11.7882],[102.3958,11.7888],[102.3952,11.7881],[102.3958,11.7873]]],[[[102.451,11.801],[102.4492,11.798],[102.45,11.7953],[102.4528,11.7986],[102.451,11.801]]],[[[102.3771,11.8055],[102.3764,11.806],[102.3757,11.8054],[102.3772,11.8044],[102.3771,11.8055]]],[[[102.3785,11.8071],[102.3789,11.8082],[102.3777,11.8091],[102.3771,11.8077],[102.3785,11.8071]]],[[[102.4565,11.8076],[102.4565,11.81],[102.4521,11.8042],[102.4559,11.8068],[102.4565,11.8076]]],[[[102.3773,11.8092],[102.3773,11.8101],[102.3753,11.8116],[102.3753,11.8102],[102.3773,11.8092]]],[[[102.3854,11.8108],[102.3803,11.8071],[102.3867,11.7762],[102.3935,11.7967],[102.3854,11.8108]]],[[[102.3963,11.8152],[102.3964,11.8158],[102.3951,11.8168],[102.3951,11.8162],[102.3963,11.8152]]],[[[102.3973,11.818],[102.3962,11.8175],[102.3961,11.817],[102.3969,11.8167],[102.3973,11.818]]],[[[102.4024,11.8183],[102.4028,11.8197],[102.4025,11.8206],[102.4011,11.8191],[102.4024,11.8183]]],[[[102.3863,11.8207],[102.3866,11.8226],[102.3853,11.824],[102.3845,11.8219],[102.3863,11.8207]]],[[[102.4466,11.8243],[102.4461,11.8241],[102.4465,11.8231],[102.447,11.8238],[102.4466,11.8243]]],[[[102.4604,11.8322],[102.4618,11.834],[102.4598,11.8378],[102.4591,11.8355],[102.4604,11.8322]]],[[[102.472,11.8396],[102.4681,11.8385],[102.4675,11.8222],[102.4452,11.8205],[102.4441,11.8114],[102.448,11.8074],[102.4515,11.8135],[102.4681,11.812],[102.4873,11.7899],[102.4879,11.8129],[102.5047,11.8121],[102.5119,11.8263],[102.4815,11.8284],[102.4709,11.8333],[102.472,11.8396]]],[[[102.5301,11.8348],[102.533,11.8428],[102.5257,11.8553],[102.519,11.8324],[102.5301,11.8348]]],[[[102.5252,11.8557],[102.5252,11.8566],[102.5246,11.8571],[102.5244,11.8566],[102.5252,11.8557]]],[[[102.5233,11.8577],[102.5236,11.8584],[102.523,11.8587],[102.5229,11.8582],[102.5233,11.8577]]],[[[102.4526,11.892],[102.4533,11.8998],[102.4471,11.9017],[102.4497,11.8929],[102.4526,11.892]]],[[[102.3978,11.9092],[102.3929,11.9059],[102.4011,11.8998],[102.3976,11.8966],[102.4079,11.8935],[102.4171,11.9008],[102.3978,11.9092]]],[[[102.4723,11.9124],[102.4745,11.9167],[102.4714,11.9189],[102.4706,11.9182],[102.4723,11.9124]]],[[[102.3645,11.924],[102.3653,11.9289],[102.3488,11.9175],[102.3439,11.9003],[102.3645,11.924]]],[[[102.411,11.93],[102.4117,11.9315],[102.4097,11.9333],[102.4092,11.9302],[102.411,11.93]]],[[[102.409,11.9369],[102.4096,11.9389],[102.4088,11.9398],[102.4065,11.9377],[102.409,11.9369]]],[[[102.4467,11.9458],[102.4472,11.9461],[102.447,11.9466],[102.4466,11.9465],[102.4467,11.9458]]],[[[102.4074,11.9399],[102.4091,11.9417],[102.4027,11.947],[102.4031,11.9422],[102.4074,11.9399]]],[[[102.4453,11.9506],[102.441,11.9543],[102.4368,11.9505],[102.439,11.9452],[102.4431,11.9428],[102.439,11.9498],[102.4453,11.9506]]],[[[102.498,11.9593],[102.4891,11.9552],[102.4889,11.9492],[102.4903,11.9548],[102.5014,11.9548],[102.498,11.9593]]],[[[102.4735,11.9303],[102.4818,11.9461],[102.4782,11.9607],[102.4668,11.944],[102.4681,11.931],[102.4735,11.9303]]],[[[102.5088,11.9602],[102.5092,11.9606],[102.5089,11.961],[102.5084,11.9607],[102.5088,11.9602]]],[[[102.5136,11.9616],[102.5124,11.9606],[102.5151,11.9607],[102.5149,11.9615],[102.5136,11.9616]]],[[[102.4485,11.9619],[102.447,11.962],[102.4467,11.9613],[102.4483,11.9607],[102.4485,11.9619]]],[[[102.4897,11.9651],[102.492,11.9658],[102.4924,11.9668],[102.4897,11.967],[102.4897,11.9651]]],[[[102.5027,11.9702],[102.503,11.9704],[102.5029,11.9711],[102.5021,11.9706],[102.5027,11.9702]]],[[[102.3929,11.9756],[102.3894,11.9737],[102.3918,11.9693],[102.3939,11.9718],[102.3929,11.9756]]],[[[102.3882,11.9885],[102.3839,11.9846],[102.388,11.9775],[102.3868,11.9826],[102.3882,11.9885]]],[[[102.388,11.9905],[102.3886,11.991],[102.3883,11.9918],[102.3876,11.9913],[102.388,11.9905]]],[[[102.269,12.0119],[102.27,12.0128],[102.2696,12.0142],[102.2682,12.0134],[102.269,12.0119]]],[[[102.2826,12.0183],[102.281,12.0175],[102.2842,12.0147],[102.2851,12.016],[102.2826,12.0183]]],[[[102.2645,12.0183],[102.2655,12.0204],[102.2652,12.021],[102.2638,12.02],[102.2645,12.0183]]],[[[102.2631,12.0218],[102.2635,12.0239],[102.2612,12.0251],[102.2611,12.0226],[102.2631,12.0218]]],[[[102.2812,12.0365],[102.2809,12.0362],[102.2814,12.0358],[102.2815,12.0364],[102.2812,12.0365]]],[[[102.2798,12.0386],[102.2802,12.0404],[102.2782,12.0413],[102.2789,12.0385],[102.2798,12.0386]]],[[[102.4265,12.0473],[102.4262,12.0495],[102.4237,12.0516],[102.4244,12.0494],[102.4265,12.0473]]],[[[102.4227,12.0534],[102.4222,12.0536],[102.4232,12.0525],[102.4232,12.0532],[102.4227,12.0534]]],[[[102.2481,12.1387],[102.2488,12.1403],[102.2464,12.1408],[102.2466,12.1391],[102.2481,12.1387]]],[[[102.2518,12.1568],[102.2682,12.145],[102.2691,12.1327],[102.2493,12.1369],[102.2737,12.1021],[102.2773,12.0662],[102.2909,12.058],[102.2943,12.0424],[102.2877,12.0153],[102.2983,11.9937],[102.2919,11.9853],[102.3025,11.9801],[102.3148,11.9574],[102.319,11.9631],[102.3107,11.9694],[102.317,11.9745],[102.3339,11.9754],[102.3621,11.9622],[102.3772,11.9642],[102.3767,11.9819],[102.3692,11.9934],[102.3821,12.0006],[102.4129,11.9672],[102.4358,11.9519],[102.4373,11.9704],[102.4466,11.9767],[102.4296,11.9891],[102.4064,12.0306],[102.3984,12.0356],[102.3913,12.0287],[102.3979,12.0479],[102.385,12.0494],[102.3827,12.0679],[102.3664,12.0834],[102.3525,12.1134],[102.3395,12.1173],[102.3219,12.1362],[102.2924,12.144],[102.2789,12.1412],[102.2785,12.1472],[102.2702,12.1442],[102.2518,12.1568]]],[[[102.2473,12.1631],[102.2439,12.1602],[102.2489,12.1583],[102.2498,12.1601],[102.2473,12.1631]]],[[[102.3388,12.1854],[102.3404,12.1868],[102.3384,12.189],[102.3379,12.1874],[102.3388,12.1854]]],[[[102.2772,12.2042],[102.277,12.2047],[102.2766,12.2049],[102.2766,12.2043],[102.2772,12.2042]]],[[[102.277,12.2168],[102.2767,12.2167],[102.2771,12.2163],[102.2774,12.2167],[102.277,12.2168]]]]}},{"type":"Feature","properties":{"pcode":"TH24","name_en":"Chachoengsao","name_th":"ฉะเชิงเทรา"},"geometry":{"type":"Polygon","coordinates":[[[101.0612,13.9761],[100.9141,13.9613],[100.9042,13.8484],[100.9127,13.8468],[100.9075,13.8381],[100.9385,13.8143],[100.9098,13.7905],[100.8551,13.6993],[100.9558,13.6624],[100.9539,13.6472],[100.9639,13.6445],[100.9594,13.6325],[100.9236,13.5937],[100.9071,13.592],[100.907,13.5806],[100.915,13.5709],[100.904,13.5541],[100.8897,13.5641],[100.8722,13.5241],[100.8716,13.4905],[100.8484,13.4782],[100.928,13.4635],[100.9554,13.467],[100.963,13.4608],[100.9741,13.4734],[100.9857,13.463],[101.0085,13.4604],[101.0134,13.4619],[101.0113,13.473],[101.0393,13.4803],[101.0357,13.4857],[101.0509,13.5036],[101.0488,13.5087],[101.0738,13.5066],[101.0681,13.5154],[101.0709,13.5354],[101.0572,13.5387],[101.0562,13.5478],[101.0417,13.5499],[101.0446,13.5594],[101.0551,13.5522],[101.0681,13.5574],[101.094,13.5536],[101.1102,13.5693],[101.1185,13.5649],[101.13,13.5699],[101.1294,13.5781],[101.1435,13.5893],[101.1527,13.5843],[101.2015,13.5846],[101.2526,13.5654],[101.2673,13.568],[101.2944,13.534],[101.2952,13.5253],[101.3516,13.4806],[101.3611,13.4638],[101.394,13.4749],[101.4054,13.472],[101.4099,13.4657],[101.4023,13.4503],[101.4346,13.4496],[101.4682,13.4249],[101.4899,13.4446],[101.4954,13.4352],[101.4908,13.4283],[101.5019,13.4103],[101.511,13.4107],[101.5177,13.4226],[101.5324,13.427],[101.5331,13.4147],[101.547,13.3971],[101.546,13.3775],[101.5566,13.3676],[101.5644,13.3314],[101.5805,13.3327],[101.5996,13.3027],[101.6179,13.3022],[101.6681,13.2734],[101.6735,13.2569],[101.6845,13.2499],[101.6942,13.2218],[101.7129,13.2055],[101.7166,13.1826],[101.7265,13.1787],[101.7409,13.1867],[101.753,13.1821],[101.7586,13.1891],[101.7733,13.1847],[101.7903,13.2034],[101.8183,13.2173],[101.8273,13.2376],[101.8368,13.2339],[101.8546,13.2543],[101.8624,13.2478],[101.8705,13.2523],[101.8717,13.2232],[101.8785,13.2239],[101.8835,13.2366],[101.8919,13.2268],[101.9019,13.2352],[101.8965,13.2522],[101.9056,13.2711],[101.9047,13.2872],[101.9199,13.2859],[101.9256,13.2934],[101.9311,13.2862],[101.9501,13.2961],[101.9672,13.324],[101.9889,13.3333],[101.9843,13.3417],[101.9901,13.3524],[101.983,13.3548],[101.9821,13.3804],[101.9729,13.39],[101.9768,13.4085],[101.9665,13.4138],[101.9625,13.4276],[101.9385,13.4434],[101.9435,13.4606],[101.9372,13.478],[101.8951,13.4712],[101.8823,13.4853],[101.8836,13.4951],[101.8985,13.511],[101.8851,13.5254],[101.8736,13.5237],[101.8746,13.5286],[101.8927,13.5403],[101.9151,13.5856],[101.8894,13.5823],[101.8853,13.5972],[101.8712,13.6038],[101.8657,13.6313],[101.832,13.6361],[101.838,13.6562],[101.8357,13.6743],[101.8413,13.6802],[101.8373,13.6913],[101.8283,13.7052],[101.8178,13.7057],[101.8116,13.6986],[101.7935,13.705],[101.7926,13.733],[101.7644,13.7511],[101.7693,13.7574],[101.7663,13.768],[101.7585,13.7727],[101.739,13.7696],[101.7254,13.7551],[101.6816,13.7561],[101.6646,13.7335],[101.6326,13.7484],[101.6116,13.735],[101.6038,13.7401],[101.5948,13.7353],[101.5598,13.7682],[101.5536,13.7929],[101.5441,13.7855],[101.5243,13.7869],[101.475,13.8214],[101.4371,13.8269],[101.4218,13.8368],[101.3965,13.8418],[101.3608,13.8594],[101.3524,13.8699],[101.3425,13.859],[101.3362,13.8611],[101.3359,13.8701],[101.3178,13.8678],[101.2785,13.8786],[101.2497,13.866],[101.2411,13.8795],[101.2208,13.8863],[101.2225,13.8772],[101.2011,13.8782],[101.1815,13.8611],[101.1499,13.8515],[101.1609,13.8631],[101.1451,13.871],[101.1394,13.8844],[101.1441,13.8875],[101.1525,13.8793],[101.1622,13.8924],[101.1591,13.8961],[101.1496,13.8885],[101.1457,13.8928],[101.1557,13.8972],[101.1524,13.913],[101.1611,13.9255],[101.1602,13.9342],[101.1522,13.9314],[101.1482,13.9617],[101.1376,13.9699],[101.0612,13.9761]]]}},{"type":"Feature","properties":{"pcode":"TH25","name_en":"Prachin Buri","name_th":"ปราจีนบุรี"},"geometry":{"type":"Polygon","coordinates":[[[101.4881,14.4584],[101.4695,14.4596],[101.4364,14.446],[101.4475,14.4212],[101.4323,14.3895],[101.4739,14.3673],[101.4827,14.3466],[101.4962,14.3341],[101.4939,14.3177],[101.5055,14.309],[101.5002,14.299],[101.5016,14.2691],[101.4842,14.2704],[101.4499,14.2557],[101.4139,14.2537],[101.3959,14.2734],[101.3824,14.2735],[101.3783,14.2577],[101.3827,14.2493],[101.3787,14.2383],[101.3863,14.2253],[101.3829,14.2107],[101.3459,14.1972],[101.328,14.1746],[101.3148,14.1732],[101.3113,14.1643],[101.2886,14.1495],[101.2864,14.1336],[101.3037,14.1201],[101.3089,14.0956],[101.3212,14.0773],[101.2785,14.0548],[101.2593,14.0622],[101.227,14.0517],[101.214,14.0557],[101.2024,14.0453],[101.2003,14.0237],[101.1935,14.024],[101.1966,14.0137],[101.1779,14.0121],[101.177,14.0072],[101.1723,14.0116],[101.1704,14.0042],[101.1651,14.0085],[101.1653,14.0017],[101.1559,14.0042],[101.1462,13.9963],[101.1389,14.0013],[101.1432,13.9736],[101.1374,13.9674],[101.1484,13.9614],[101.1524,13.9308],[101.1609,13.9329],[101.1523,13.9125],[101.1557,13.8972],[101.1457,13.8931],[101.1504,13.8885],[101.1604,13.8961],[101.1616,13.8894],[101.1525,13.8793],[101.1437,13.8876],[101.1392,13.8833],[101.1451,13.871],[101.1609,13.8631],[101.1479,13.8529],[101.1814,13.8611],[101.2012,13.8782],[101.2225,13.8772],[101.2208,13.8863],[101.2411,13.8795],[101.2497,13.866],[101.2785,13.8786],[101.3178,13.8678],[101.3359,13.8701],[101.3362,13.8611],[101.3425,13.859],[101.3524,13.8699],[101.3608,13.8594],[101.3965,13.8418],[101.4218,13.8368],[101.4371,13.8269],[101.475,13.8214],[101.5243,13.7869],[101.5441,13.7855],[101.5536,13.7929],[101.5598,13.7682],[101.5948,13.7353],[101.6038,13.7401],[101.6116,13.735],[101.6326,13.7484],[101.6646,13.7335],[101.6796,13.7553],[101.7255,13.7551],[101.7311,13.7662],[101.7585,13.7727],[101.7693,13.7575],[101.7644,13.7511],[101.7926,13.733],[101.7935,13.705],[101.8108,13.6987],[101.8178,13.7057],[101.832,13.7019],[101.8413,13.6804],[101.8357,13.6743],[101.838,13.6562],[101.832,13.6361],[101.8657,13.6313],[101.8712,13.6038],[101.8853,13.5972],[101.8894,13.5823],[101.9166,13.586],[101.9096,13.6053],[101.9421,13.6166],[101.9386,13.6466],[101.9483,13.6667],[101.9373,13.7145],[101.9419,13.7387],[101.9358,13.7408],[101.9478,13.7998],[101.9421,13.8117],[101.9237,13.8161],[101.927,13.8226],[101.9202,13.8326],[101.9287,13.8556],[101.9045,13.883],[101.9146,13.9008],[101.9096,13.9098],[101.9039,13.9071],[101.9072,13.9248],[101.9122,13.9357],[101.9243,13.9403],[101.942,13.9309],[101.9511,13.9341],[101.9372,13.962],[101.9486,14.0094],[101.9616,14.0233],[101.9929,14.0329],[102.0753,14.0351],[102.0782,14.0472],[102.0862,14.0513],[102.1101,14.0421],[102.1222,14.0442],[102.1176,14.0793],[102.1262,14.096],[102.122,14.0988],[102.1118,14.0901],[102.0898,14.0931],[102.0991,14.1056],[102.0976,14.1257],[102.1062,14.1518],[102.0693,14.1657],[102.0346,14.1983],[102.0075,14.2031],[101.9666,14.2276],[101.9818,14.2384],[101.9452,14.2468],[101.9284,14.2877],[101.9434,14.3024],[101.9291,14.3271],[101.8943,14.3306],[101.8922,14.3211],[101.8777,14.3226],[101.8594,14.3419],[101.8385,14.3525],[101.8401,14.3652],[101.8122,14.3477],[101.7885,14.3597],[101.7715,14.345],[101.7486,14.3488],[101.7505,14.3246],[101.7415,14.3084],[101.7089,14.3346],[101.6584,14.3903],[101.6484,14.3931],[101.6488,14.4039],[101.6306,14.4062],[101.6199,14.4157],[101.6228,14.4277],[101.6117,14.4372],[101.5949,14.4418],[101.5473,14.4362],[101.5408,14.4255],[101.5316,14.4258],[101.5027,14.4397],[101.4881,14.4584]]]}},{"type":"Feature","properties":{"pcode":"TH26","name_en":"Nakhon Nayok","name_th":"นครนายก"},"geometry":{"type":"Polygon","coordinates":[[[101.2827,14.4973],[101.2785,14.5112],[101.2726,14.5125],[101.2441,14.4887],[101.2428,14.4711],[101.2252,14.4724],[101.2261,14.4635],[101.2342,14.4588],[101.2222,14.4459],[101.2301,14.434],[101.214,14.4371],[101.2113,14.4136],[101.2025,14.403],[101.2118,14.3819],[101.2101,14.372],[101.1868,14.3671],[101.1852,14.3534],[101.1777,14.347],[101.1663,14.348],[101.1657,14.3424],[101.1573,14.3478],[101.1575,14.3585],[101.1466,14.3738],[101.1253,14.3844],[101.0856,14.3831],[101.0758,14.3891],[101.0718,14.4052],[101.0619,14.4146],[101.0538,14.4127],[101.0545,14.3918],[101.0633,14.3757],[101.0512,14.359],[101.0482,14.3399],[101.0185,14.3148],[101.0154,14.3022],[100.989,14.2977],[100.9885,14.2875],[100.9789,14.291],[100.9511,14.2717],[100.9464,14.2371],[100.914,14.2215],[100.9142,13.9613],[101.0446,13.9767],[101.141,13.9707],[101.1389,14.0013],[101.1462,13.9963],[101.1559,14.0042],[101.1653,14.0017],[101.1651,14.0085],[101.1704,14.0042],[101.1723,14.0116],[101.177,14.0072],[101.1779,14.0121],[101.1966,14.0137],[101.1935,14.024],[101.2003,14.0237],[101.2024,14.0453],[101.2139,14.0557],[101.227,14.0517],[101.2593,14.0622],[101.2785,14.0548],[101.3212,14.0773],[101.3089,14.0956],[101.3037,14.1201],[101.2864,14.1336],[101.2886,14.1495],[101.3113,14.1643],[101.3148,14.1732],[101.328,14.1746],[101.3459,14.1972],[101.3829,14.2107],[101.3868,14.2197],[101.3787,14.2385],[101.3816,14.2729],[101.3959,14.2734],[101.4139,14.2537],[101.4499,14.2557],[101.4842,14.2704],[101.5016,14.2691],[101.5002,14.299],[101.5055,14.309],[101.4939,14.3177],[101.4962,14.3341],[101.4827,14.3466],[101.4749,14.3664],[101.4336,14.3891],[101.4222,14.3837],[101.3972,14.4082],[101.396,14.4187],[101.3805,14.4235],[101.3821,14.4341],[101.3703,14.4378],[101.3661,14.4492],[101.3123,14.4714],[101.3068,14.4981],[101.2844,14.489],[101.2827,14.4973]]]}},{"type":"Feature","properties":{"pcode":"TH27","name_en":"Sa Kaeo","name_th":"สระแก้ว"},"geometry":{"type":"Polygon","coordinates":[[[102.1877,14.1964],[102.1754,14.1904],[102.1689,14.179],[102.1656,14.1669],[102.1715,14.1596],[102.1652,14.1408],[102.1326,14.1379],[102.1062,14.1518],[102.0976,14.1257],[102.0991,14.1056],[102.0898,14.0931],[102.1118,14.0901],[102.122,14.0988],[102.1262,14.096],[102.1176,14.0793],[102.1222,14.0442],[102.1101,14.0421],[102.0862,14.0513],[102.0782,14.0472],[102.0753,14.0351],[101.9929,14.0329],[101.9616,14.0233],[101.9486,14.0094],[101.9372,13.962],[101.9511,13.9341],[101.942,13.9309],[101.925,13.9402],[101.9145,13.9375],[101.9039,13.9073],[101.9096,13.9098],[101.9093,13.9032],[101.9146,13.9027],[101.9045,13.883],[101.9287,13.8556],[101.9202,13.8326],[101.927,13.8226],[101.9237,13.8161],[101.9421,13.8117],[101.9477,13.8002],[101.9358,13.7408],[101.9419,13.7387],[101.9373,13.7145],[101.9483,13.6651],[101.9386,13.6466],[101.9421,13.6166],[101.9096,13.6053],[101.9166,13.586],[101.8927,13.5403],[101.8788,13.5347],[101.8734,13.5241],[101.8851,13.5254],[101.8985,13.511],[101.8821,13.4913],[101.8921,13.4727],[101.9372,13.478],[101.9435,13.4606],[101.9385,13.4434],[101.9625,13.4276],[101.9665,13.4138],[101.9768,13.4085],[101.9729,13.39],[101.9821,13.3804],[101.983,13.3548],[101.9901,13.3524],[101.986,13.3357],[102.0048,13.3111],[102.0119,13.2902],[102.0354,13.2832],[102.0282,13.2667],[102.0283,13.2367],[102.0572,13.2409],[102.0608,13.2519],[102.1091,13.2649],[102.1181,13.2776],[102.1185,13.3035],[102.1296,13.3362],[102.1497,13.3192],[102.1657,13.324],[102.1813,13.3144],[102.19,13.2919],[102.2162,13.3111],[102.2448,13.2856],[102.2775,13.2898],[102.2852,13.3044],[102.296,13.2989],[102.2967,13.2902],[102.3115,13.2871],[102.3233,13.2946],[102.3214,13.3026],[102.3326,13.3167],[102.3536,13.2989],[102.3596,13.3147],[102.3453,13.348],[102.3604,13.4013],[102.3626,13.4254],[102.3554,13.4612],[102.3633,13.5055],[102.3372,13.543],[102.3391,13.5569],[102.3594,13.5647],[102.3653,13.5777],[102.3954,13.5664],[102.4246,13.5701],[102.4392,13.56],[102.4896,13.5726],[102.5267,13.5641],[102.5628,13.5786],[102.5701,13.5853],[102.5726,13.6016],[102.58,13.605],[102.6245,13.608],[102.5864,13.6302],[102.5755,13.6298],[102.5701,13.6435],[102.5484,13.6587],[102.5512,13.6651],[102.5693,13.6909],[102.591,13.7066],[102.6877,13.7505],[102.7122,13.7696],[102.7322,13.7735],[102.7326,13.7853],[102.7236,13.7929],[102.767,13.8567],[102.7833,13.9329],[102.8033,13.9433],[102.8158,13.9656],[102.8676,14.0042],[102.894,14.0071],[102.9116,14.0176],[102.8979,14.0514],[102.9012,14.0829],[102.9235,14.1056],[102.9254,14.1322],[102.9417,14.1546],[102.9304,14.1757],[102.8978,14.1635],[102.8791,14.176],[102.871,14.1466],[102.8416,14.1571],[102.831,14.1676],[102.8294,14.1578],[102.8151,14.1702],[102.8123,14.1607],[102.7775,14.1552],[102.7625,14.1385],[102.7279,14.1385],[102.6967,14.1301],[102.6882,14.1345],[102.6892,14.1471],[102.6685,14.1587],[102.6605,14.1541],[102.6526,14.1652],[102.6336,14.1489],[102.6081,14.1715],[102.5927,14.1667],[102.5502,14.1348],[102.5214,14.1434],[102.5029,14.1323],[102.483,14.1425],[102.4735,14.1312],[102.4561,14.1362],[102.4529,14.1438],[102.4367,14.144],[102.4345,14.1546],[102.4242,14.1581],[102.3877,14.1447],[102.3619,14.1664],[102.3566,14.1318],[102.335,14.1206],[102.326,14.1284],[102.3078,14.1202],[102.289,14.1352],[102.2719,14.1288],[102.2686,14.1473],[102.2485,14.1401],[102.2162,14.1453],[102.2105,14.1542],[102.2119,14.1739],[102.1877,14.1964]]]}},{"type":"Feature","properties":{"pcode":"TH30","name_en":"Nakhon Ratchasima","name_th":"นครราชสีมา"},"geometry":{"type":"Polygon","coordinates":[[[102.3144,15.8071],[102.3073,15.7927],[102.2931,15.7852],[102.2563,15.7814],[102.2583,15.7723],[102.2468,15.7575],[102.2533,15.7545],[102.2499,15.7501],[102.2317,15.7433],[102.205,15.7573],[102.2015,15.7391],[102.185,15.7401],[102.1862,15.7475],[102.1644,15.7445],[102.1631,15.7372],[102.156,15.7412],[102.1554,15.7306],[102.1625,15.727],[102.1535,15.7262],[102.1498,15.7071],[102.1432,15.7068],[102.1469,15.6849],[102.1371,15.6715],[102.1277,15.6708],[102.1322,15.6673],[102.1239,15.6626],[102.128,15.6511],[102.119,15.6531],[102.1213,15.6461],[102.1147,15.6474],[102.1129,15.6394],[102.1082,15.6442],[102.1,15.6303],[102.0953,15.634],[102.0918,15.6274],[102.0886,15.6343],[102.0897,15.6269],[102.0833,15.6269],[102.087,15.6255],[102.0838,15.6212],[102.0746,15.6241],[102.0621,15.5819],[102.038,15.5488],[102.0426,15.5287],[102.0324,15.4985],[102.035,15.478],[102.0097,15.458],[101.9891,15.4646],[101.9648,15.4562],[101.9374,15.4564],[101.9317,15.4362],[101.9124,15.4356],[101.9107,15.4217],[101.8788,15.3891],[101.8387,15.4146],[101.8051,15.421],[101.8018,15.4033],[101.7786,15.384],[101.7203,15.3848],[101.7025,15.3944],[101.6863,15.3921],[101.6568,15.4017],[101.6191,15.3704],[101.6058,15.3807],[101.5661,15.372],[101.5368,15.4039],[101.5159,15.3996],[101.4958,15.3757],[101.5007,15.3564],[101.4438,15.3508],[101.4169,15.3321],[101.382,15.3314],[101.3829,15.2631],[101.402,15.152],[101.3974,15.0874],[101.4255,15.0133],[101.4205,14.9965],[101.4325,14.972],[101.4352,14.9367],[101.4494,14.911],[101.4539,14.863],[101.4152,14.8444],[101.3891,14.8125],[101.3376,14.7872],[101.3341,14.766],[101.3278,14.7587],[101.305,14.7569],[101.2994,14.7376],[101.2919,14.7362],[101.2825,14.7451],[101.2806,14.7261],[101.2632,14.7335],[101.2317,14.732],[101.211,14.7569],[101.2084,14.751],[101.1986,14.7559],[101.1975,14.7491],[101.1887,14.7494],[101.1941,14.7313],[101.1851,14.722],[101.1864,14.7114],[101.1951,14.7054],[101.2038,14.6833],[101.1991,14.6639],[101.2083,14.6333],[101.2044,14.6066],[101.2158,14.5905],[101.1939,14.5615],[101.1948,14.5536],[101.1849,14.5516],[101.181,14.5439],[101.1902,14.5282],[101.1951,14.5312],[101.2105,14.5201],[101.2428,14.4711],[101.2441,14.4887],[101.2726,14.5125],[101.2842,14.5021],[101.2838,14.4892],[101.3064,14.4983],[101.3123,14.4714],[101.3661,14.4492],[101.3703,14.4378],[101.3821,14.4341],[101.3805,14.4235],[101.396,14.4187],[101.3972,14.4082],[101.4222,14.3837],[101.4323,14.3895],[101.4474,14.4208],[101.4362,14.4457],[101.46,14.4568],[101.4869,14.4622],[101.5027,14.4397],[101.5364,14.4252],[101.547,14.4361],[101.6049,14.4403],[101.6228,14.4277],[101.6199,14.4157],[101.6306,14.4062],[101.6488,14.4039],[101.6484,14.3931],[101.6584,14.3903],[101.7089,14.3346],[101.7415,14.3084],[101.7505,14.3246],[101.7486,14.3488],[101.7715,14.345],[101.7885,14.3597],[101.8122,14.3477],[101.841,14.3651],[101.8385,14.3525],[101.8594,14.3419],[101.8777,14.3226],[101.8922,14.3211],[101.8943,14.3306],[101.9104,14.3258],[101.9172,14.3322],[101.9304,14.3263],[101.9434,14.3024],[101.9296,14.2916],[101.9286,14.2836],[101.9444,14.2477],[101.9821,14.2381],[101.9668,14.2274],[102.0075,14.2031],[102.0346,14.1983],[102.0722,14.164],[102.1008,14.157],[102.1373,14.1371],[102.1673,14.1426],[102.1715,14.1602],[102.166,14.1717],[102.1748,14.1899],[102.1863,14.1966],[102.2119,14.1739],[102.2105,14.1542],[102.2166,14.145],[102.2485,14.1401],[102.2682,14.1474],[102.2721,14.1287],[102.289,14.1352],[102.3069,14.1203],[102.326,14.1284],[102.335,14.1206],[102.3575,14.1329],[102.3593,14.1659],[102.3886,14.1445],[102.4005,14.1458],[102.4093,14.1566],[102.4345,14.1546],[102.4532,14.1937],[102.4688,14.1919],[102.4769,14.2],[102.4988,14.1861],[102.5122,14.2012],[102.5383,14.2022],[102.5487,14.2166],[102.5779,14.2267],[102.6265,14.2662],[102.6863,14.2992],[102.6428,14.3266],[102.6208,14.3198],[102.6027,14.3225],[102.5873,14.3351],[102.5835,14.358],[102.5691,14.3625],[102.5629,14.3751],[102.5695,14.4267],[102.5834,14.4457],[102.5994,14.4476],[102.6106,14.4941],[102.5307,14.5063],[102.4933,14.5047],[102.4813,14.512],[102.4914,14.5325],[102.4955,14.5648],[102.4667,14.5861],[102.4755,14.6554],[102.4601,14.6991],[102.4622,14.7152],[102.4769,14.7319],[102.4764,14.7492],[102.4724,14.7633],[102.4562,14.7666],[102.4439,14.7792],[102.4397,14.802],[102.4452,14.8014],[102.4471,14.8197],[102.4579,14.8351],[102.4707,14.8167],[102.5005,14.8025],[102.5337,14.8139],[102.5525,14.8623],[102.5455,14.8703],[102.5508,14.881],[102.5407,14.8889],[102.5439,14.9044],[102.5573,14.9108],[102.5676,14.9273],[102.5635,14.9377],[102.5458,14.9469],[102.5583,14.9567],[102.5731,14.957],[102.6008,14.9354],[102.6966,14.9337],[102.7095,14.9566],[102.714,14.9852],[102.7369,15.0011],[102.7813,15.0123],[102.7798,15.0255],[102.8046,15.0398],[102.7899,15.0557],[102.7868,15.0525],[102.785,15.0691],[102.7751,15.0657],[102.7716,15.0755],[102.7644,15.0719],[102.7613,15.0783],[102.78,15.0902],[102.8237,15.155],[102.8362,15.157],[102.847,15.1689],[102.8657,15.1642],[102.8872,15.1847],[102.8989,15.1754],[102.9173,15.1883],[102.9174,15.1824],[102.9322,15.1821],[102.9664,15.1928],[102.9746,15.2069],[102.9592,15.2189],[102.9609,15.2636],[102.955,15.2714],[102.9677,15.2922],[102.9521,15.3133],[102.9848,15.3216],[102.9774,15.3441],[102.9864,15.3739],[102.9551,15.3827],[102.9518,15.4038],[102.9572,15.4105],[102.9618,15.4067],[102.9581,15.4035],[102.9671,15.4075],[102.9647,15.419],[102.9709,15.4201],[102.9705,15.4267],[102.9788,15.429],[102.9764,15.4202],[102.9822,15.4159],[102.9845,15.4265],[102.9927,15.4142],[103.0014,15.4279],[103.0123,15.4316],[102.9959,15.4527],[102.9933,15.4688],[102.9851,15.4669],[102.9783,15.4822],[102.9724,15.477],[102.9612,15.4848],[102.9609,15.4791],[102.9505,15.4771],[102.9465,15.4828],[102.9368,15.4764],[102.9451,15.4882],[102.9392,15.497],[102.9338,15.4885],[102.9279,15.4908],[102.9228,15.5019],[102.9321,15.5055],[102.9259,15.5106],[102.9132,15.5074],[102.9108,15.5156],[102.8953,15.5218],[102.8879,15.5137],[102.8825,15.5231],[102.8716,15.5202],[102.8734,15.5121],[102.8644,15.5081],[102.8365,15.517],[102.8311,15.516],[102.8299,15.5054],[102.8254,15.5141],[102.8149,15.5129],[102.8121,15.5246],[102.7966,15.5313],[102.7962,15.5461],[102.7894,15.5468],[102.7924,15.5565],[102.7805,15.5637],[102.7844,15.5848],[102.7671,15.6264],[102.7798,15.6367],[102.7793,15.6479],[102.748,15.662],[102.7476,15.6702],[102.7165,15.6661],[102.7125,15.6815],[102.6896,15.7026],[102.695,15.7158],[102.6913,15.7241],[102.6817,15.7286],[102.6681,15.7156],[102.6386,15.7148],[102.6092,15.7279],[102.5979,15.7125],[102.5559,15.7035],[102.5319,15.7106],[102.5125,15.7283],[102.4792,15.7176],[102.4495,15.7161],[102.4411,15.7052],[102.417,15.6957],[102.4044,15.7003],[102.3746,15.7339],[102.3613,15.7299],[102.357,15.7403],[102.3632,15.7674],[102.3499,15.7748],[102.3276,15.8034],[102.3144,15.8071]]]}},{"type":"Feature","properties":{"pcode":"TH31","name_en":"Buri Ram","name_th":"บุรีรัมย์"},"geometry":{"type":"Polygon","coordinates":[[[102.9303,15.7951],[102.9052,15.7838],[102.8974,15.7857],[102.8774,15.7716],[102.8809,15.7467],[102.8739,15.7385],[102.8764,15.7063],[102.8689,15.6867],[102.8837,15.6678],[102.8722,15.6631],[102.8553,15.6361],[102.7873,15.6369],[102.7671,15.6263],[102.7844,15.5848],[102.7805,15.5636],[102.7924,15.5565],[102.7894,15.5468],[102.7962,15.5461],[102.7966,15.5313],[102.8121,15.5246],[102.8149,15.5129],[102.8254,15.5141],[102.8299,15.5054],[102.8311,15.516],[102.8365,15.517],[102.8644,15.5081],[102.8734,15.5121],[102.8716,15.5202],[102.8825,15.5231],[102.8879,15.5137],[102.8953,15.5218],[102.9108,15.5156],[102.9132,15.5074],[102.9259,15.5106],[102.9321,15.5055],[102.9228,15.5019],[102.9279,15.4908],[102.9338,15.4885],[102.9392,15.497],[102.9451,15.4882],[102.9368,15.4764],[102.9465,15.4828],[102.9505,15.4771],[102.9609,15.4791],[102.9612,15.4848],[102.9724,15.477],[102.9783,15.4822],[102.9851,15.4669],[102.9932,15.4689],[102.9959,15.4527],[103.0098,15.4381],[103.0066,15.4332],[103.0124,15.4297],[103.0014,15.4279],[102.9934,15.4144],[102.9836,15.4269],[102.9834,15.4168],[102.9782,15.417],[102.9765,15.4294],[102.9647,15.4193],[102.9671,15.4075],[102.9581,15.4035],[102.9618,15.4067],[102.9572,15.4105],[102.9517,15.4036],[102.9551,15.3827],[102.9864,15.3739],[102.9774,15.3441],[102.9848,15.3216],[102.9521,15.313],[102.9679,15.2909],[102.9551,15.2723],[102.9609,15.2636],[102.959,15.2195],[102.9746,15.2069],[102.9656,15.1922],[102.9322,15.1821],[102.9174,15.1824],[102.9173,15.1883],[102.8989,15.1754],[102.8872,15.1847],[102.8657,15.1642],[102.847,15.1689],[102.8362,15.157],[102.8237,15.155],[102.78,15.0902],[102.7613,15.0783],[102.7644,15.0719],[102.7716,15.0755],[102.7751,15.0657],[102.785,15.0691],[102.7868,15.0525],[102.7899,15.0557],[102.8046,15.0398],[102.7798,15.0255],[102.7813,15.0123],[102.7369,15.0011],[102.714,14.9852],[102.7095,14.9566],[102.6966,14.9337],[102.6008,14.9354],[102.5731,14.957],[102.5564,14.9554],[102.5458,14.9469],[102.5635,14.9377],[102.5676,14.9273],[102.5573,14.9108],[102.5439,14.9044],[102.5407,14.8889],[102.5508,14.881],[102.5455,14.8703],[102.5528,14.8657],[102.5342,14.8146],[102.5005,14.8025],[102.4707,14.8167],[102.4579,14.8351],[102.4471,14.8197],[102.4452,14.8014],[102.4397,14.802],[102.4439,14.7792],[102.4562,14.7666],[102.4724,14.7633],[102.4764,14.7492],[102.4769,14.7319],[102.4622,14.7152],[102.4601,14.6991],[102.4755,14.6554],[102.4667,14.5861],[102.4955,14.5648],[102.4914,14.5325],[102.4813,14.512],[102.4933,14.5047],[102.5307,14.5063],[102.6106,14.4941],[102.5994,14.4476],[102.5834,14.4457],[102.5695,14.4267],[102.5629,14.3751],[102.5691,14.3625],[102.5835,14.358],[102.5873,14.3351],[102.6027,14.3225],[102.6208,14.3198],[102.6428,14.3266],[102.6863,14.2992],[102.6265,14.2662],[102.5779,14.2267],[102.5487,14.2166],[102.5383,14.2022],[102.5122,14.2012],[102.4988,14.1861],[102.4769,14.2],[102.4688,14.1919],[102.4528,14.1935],[102.4327,14.1479],[102.4529,14.1438],[102.4561,14.1362],[102.4713,14.1316],[102.483,14.1425],[102.5029,14.1323],[102.5214,14.1434],[102.5502,14.1348],[102.5927,14.1667],[102.6081,14.1715],[102.6336,14.1489],[102.6526,14.1652],[102.6605,14.1541],[102.6685,14.1587],[102.6892,14.1471],[102.6882,14.1345],[102.6967,14.1301],[102.7279,14.1385],[102.7625,14.1385],[102.7775,14.1552],[102.8123,14.1607],[102.8151,14.1702],[102.8294,14.1578],[102.831,14.1676],[102.8416,14.1571],[102.872,14.1468],[102.873,14.1682],[102.8791,14.176],[102.8978,14.1635],[102.9268,14.1729],[102.9474,14.1958],[102.9588,14.1974],[102.9544,14.2081],[102.9916,14.2116],[103.0122,14.2313],[103.0237,14.2303],[103.0566,14.2742],[103.0567,14.285],[103.0742,14.2861],[103.0822,14.2966],[103.1273,14.3029],[103.1283,14.3185],[103.1395,14.3242],[103.1536,14.3139],[103.1685,14.3353],[103.2138,14.3287],[103.2181,14.3229],[103.2262,14.3267],[103.2214,14.3786],[103.2342,14.3934],[103.2205,14.4031],[103.2358,14.4107],[103.2467,14.4418],[103.2338,14.4681],[103.2347,14.4827],[103.2137,14.505],[103.221,14.5178],[103.211,14.5424],[103.2233,14.5466],[103.2222,14.5651],[103.21,14.5765],[103.213,14.5941],[103.2386,14.6177],[103.2295,14.6409],[103.2597,14.6712],[103.2566,14.6825],[103.2615,14.6818],[103.2686,14.6998],[103.2654,14.7178],[103.2706,14.7158],[103.2745,14.7367],[103.2694,14.7419],[103.2752,14.7492],[103.2676,14.7548],[103.2665,14.7678],[103.2746,14.7701],[103.2813,14.7828],[103.2915,14.7848],[103.2922,14.8114],[103.3137,14.8106],[103.3189,14.827],[103.3318,14.8332],[103.3458,14.8307],[103.3409,14.8384],[103.3513,14.84],[103.3671,14.8608],[103.3753,14.8596],[103.3765,14.8705],[103.3847,14.8714],[103.379,14.8766],[103.3944,14.8892],[103.389,14.8941],[103.4009,14.8924],[103.4047,14.8972],[103.3982,14.9016],[103.4048,14.9123],[103.3995,14.913],[103.4018,14.9193],[103.4168,14.9184],[103.4256,14.9283],[103.4279,14.942],[103.4168,14.9585],[103.4293,14.9706],[103.4204,14.972],[103.4207,14.9768],[103.4306,14.978],[103.4199,14.9856],[103.4267,14.993],[103.4095,15.0034],[103.4247,15.0262],[103.4221,15.0309],[103.4356,15.029],[103.448,15.0453],[103.4387,15.0581],[103.4226,15.0654],[103.4418,15.0864],[103.4285,15.0825],[103.4313,15.0997],[103.4395,15.0992],[103.4417,15.1063],[103.4255,15.1069],[103.4334,15.1218],[103.4243,15.1302],[103.429,15.1413],[103.4206,15.1515],[103.4293,15.1592],[103.4202,15.1683],[103.4289,15.1847],[103.4182,15.1882],[103.419,15.2015],[103.4256,15.208],[103.436,15.2066],[103.4285,15.2141],[103.4371,15.2201],[103.4358,15.2403],[103.447,15.2553],[103.4411,15.263],[103.4596,15.2572],[103.462,15.2821],[103.4693,15.2803],[103.4802,15.2956],[103.5054,15.2917],[103.4971,15.3007],[103.5031,15.3139],[103.4972,15.3079],[103.4915,15.3169],[103.4859,15.3112],[103.4844,15.3183],[103.4691,15.3246],[103.4743,15.3288],[103.4713,15.3377],[103.4586,15.335],[103.4463,15.345],[103.4412,15.3385],[103.4507,15.3349],[103.4424,15.3303],[103.4358,15.3354],[103.4297,15.3089],[103.4191,15.3165],[103.4037,15.3084],[103.3864,15.3182],[103.3873,15.3249],[103.374,15.3391],[103.3599,15.338],[103.3609,15.3455],[103.3493,15.3472],[103.3491,15.3394],[103.3416,15.3436],[103.339,15.3352],[103.3281,15.3372],[103.3293,15.331],[103.3138,15.3277],[103.3164,15.3186],[103.3056,15.3189],[103.2878,15.2984],[103.2807,15.3072],[103.284,15.3167],[103.267,15.3175],[103.2661,15.3109],[103.2593,15.3136],[103.2487,15.3067],[103.2517,15.3218],[103.2443,15.3173],[103.2324,15.3244],[103.2306,15.3172],[103.2191,15.3212],[103.2238,15.3298],[103.2185,15.3356],[103.2103,15.3313],[103.2116,15.3429],[103.2016,15.3427],[103.1967,15.3355],[103.1871,15.3578],[103.1969,15.3586],[103.1942,15.3659],[103.1818,15.3683],[103.1782,15.3594],[103.1709,15.3636],[103.1564,15.3526],[103.1637,15.3646],[103.1552,15.3646],[103.1565,15.373],[103.1478,15.3761],[103.1552,15.3787],[103.1542,15.3846],[103.148,15.3812],[103.1412,15.3883],[103.146,15.4027],[103.1388,15.4119],[103.1329,15.4086],[103.1347,15.4004],[103.1183,15.4015],[103.1136,15.4097],[103.0898,15.4197],[103.1069,15.4421],[103.1072,15.4639],[103.115,15.4686],[103.1108,15.4842],[103.0728,15.4975],[103.0748,15.5128],[103.0839,15.5173],[103.0831,15.5277],[103.0889,15.5257],[103.0905,15.5334],[103.0813,15.5467],[103.0774,15.5425],[103.0459,15.5641],[103.0528,15.5927],[103.026,15.6004],[103.0127,15.6154],[103.0124,15.6284],[102.9927,15.6398],[102.9948,15.6481],[102.9745,15.6608],[102.9758,15.671],[103.0074,15.6892],[103.0111,15.7035],[103.0026,15.7178],[103.0054,15.7286],[102.9861,15.7343],[102.971,15.7573],[102.9413,15.7661],[102.9398,15.7843],[102.9303,15.7951]]]}},{"type":"Feature","properties":{"pcode":"TH32","name_en":"Surin","name_th":"สุรินทร์"},"geometry":{"type":"Polygon","coordinates":[[[103.1336,15.4783],[103.1114,15.4813],[103.115,15.467],[103.1058,15.4575],[103.1108,15.4501],[103.0893,15.4213],[103.1136,15.4097],[103.1183,15.4015],[103.1347,15.4004],[103.1329,15.4086],[103.1388,15.4119],[103.146,15.4027],[103.1412,15.3883],[103.148,15.3812],[103.1542,15.3846],[103.1552,15.3787],[103.1478,15.3761],[103.1565,15.373],[103.1552,15.3646],[103.1637,15.3646],[103.1564,15.3526],[103.1709,15.3636],[103.1782,15.3594],[103.1818,15.3683],[103.1942,15.3659],[103.1969,15.3586],[103.1871,15.3578],[103.1967,15.3355],[103.2016,15.3427],[103.2116,15.3429],[103.2103,15.3313],[103.2185,15.3356],[103.2238,15.3298],[103.2191,15.3212],[103.2306,15.3172],[103.2324,15.3244],[103.2443,15.3173],[103.2517,15.3218],[103.2487,15.3067],[103.2593,15.3136],[103.2661,15.3109],[103.267,15.3175],[103.284,15.3167],[103.2807,15.3072],[103.2878,15.2984],[103.3056,15.3189],[103.3164,15.3186],[103.3138,15.3277],[103.3293,15.331],[103.3281,15.3372],[103.339,15.3352],[103.3416,15.3436],[103.3491,15.3394],[103.3493,15.3472],[103.3609,15.3455],[103.3599,15.338],[103.374,15.3391],[103.3873,15.3249],[103.3864,15.3182],[103.4034,15.3085],[103.4191,15.3165],[103.4287,15.3085],[103.4358,15.3354],[103.4424,15.3303],[103.4507,15.3349],[103.4412,15.3385],[103.4475,15.3449],[103.4584,15.3351],[103.4713,15.3377],[103.4743,15.3288],[103.4691,15.3246],[103.4844,15.3183],[103.4859,15.3112],[103.4915,15.3169],[103.4972,15.3079],[103.5028,15.3142],[103.4971,15.3007],[103.5054,15.2917],[103.4802,15.2956],[103.4693,15.2803],[103.462,15.2821],[103.4596,15.2572],[103.4531,15.2551],[103.4413,15.2632],[103.447,15.2553],[103.4358,15.2403],[103.4371,15.2201],[103.4285,15.2141],[103.436,15.2066],[103.4256,15.208],[103.4191,15.2021],[103.4182,15.1882],[103.429,15.1842],[103.4202,15.1683],[103.4293,15.1587],[103.4205,15.1511],[103.429,15.1413],[103.4244,15.1297],[103.4334,15.1218],[103.4255,15.1069],[103.4417,15.1063],[103.4395,15.0992],[103.4313,15.0997],[103.4285,15.0825],[103.4418,15.0864],[103.4226,15.0654],[103.4387,15.0581],[103.448,15.0453],[103.4356,15.029],[103.4221,15.0309],[103.4247,15.0262],[103.4095,15.0034],[103.4267,14.993],[103.4199,14.9856],[103.4306,14.978],[103.4207,14.9768],[103.4204,14.972],[103.4293,14.9706],[103.4168,14.9585],[103.4279,14.942],[103.4255,14.9282],[103.4168,14.9184],[103.4019,14.9195],[103.3995,14.913],[103.4048,14.9123],[103.3982,14.9016],[103.4047,14.8972],[103.4009,14.8924],[103.3891,14.8942],[103.3944,14.8891],[103.3788,14.8761],[103.3846,14.8711],[103.3765,14.8706],[103.3753,14.8596],[103.367,14.8607],[103.3513,14.84],[103.3409,14.8384],[103.3462,14.831],[103.3284,14.8323],[103.3188,14.8269],[103.3137,14.8106],[103.3089,14.8143],[103.307,14.8077],[103.2977,14.8072],[103.2939,14.8127],[103.2881,14.8072],[103.2915,14.7848],[103.2813,14.7828],[103.2746,14.7701],[103.2664,14.7674],[103.2745,14.7367],[103.2706,14.7158],[103.2654,14.7178],[103.2685,14.6994],[103.2615,14.6818],[103.2566,14.6825],[103.2597,14.6712],[103.2295,14.6409],[103.2386,14.6177],[103.2128,14.5936],[103.21,14.5764],[103.2222,14.5651],[103.2233,14.5466],[103.211,14.5424],[103.221,14.5178],[103.2137,14.505],[103.2347,14.4827],[103.2338,14.4681],[103.2467,14.4418],[103.2358,14.4107],[103.2205,14.4031],[103.2342,14.3934],[103.2214,14.3786],[103.2262,14.3267],[103.2691,14.3492],[103.3159,14.3565],[103.3319,14.3509],[103.4091,14.3575],[103.416,14.3793],[103.4352,14.3905],[103.4503,14.3684],[103.4675,14.3644],[103.4831,14.3871],[103.4943,14.3867],[103.4987,14.3977],[103.5168,14.4036],[103.5238,14.3999],[103.5285,14.4102],[103.5597,14.4235],[103.5836,14.4253],[103.5973,14.4143],[103.6084,14.4164],[103.6127,14.4015],[103.6228,14.3974],[103.6544,14.4095],[103.6565,14.4186],[103.6419,14.4219],[103.6575,14.4378],[103.7069,14.4328],[103.6983,14.3889],[103.7042,14.3773],[103.7465,14.3777],[103.7537,14.3712],[103.7582,14.3765],[103.7756,14.36],[103.8031,14.3677],[103.8077,14.3509],[103.8308,14.3514],[103.8303,14.3629],[103.8395,14.3715],[103.8626,14.3661],[103.8592,14.3572],[103.8825,14.3378],[103.8987,14.3447],[103.8998,14.3373],[103.9401,14.3292],[103.9497,14.3319],[103.9501,14.3492],[103.9712,14.3479],[103.9788,14.3539],[103.9943,14.3443],[104.0061,14.3549],[104.0149,14.3425],[104.0296,14.3377],[104.0571,14.3434],[104.0435,14.3613],[104.0506,14.379],[104.0468,14.4079],[104.0533,14.4135],[104.0504,14.4336],[104.0581,14.4691],[104.0474,14.483],[104.0536,14.4947],[104.0351,14.4982],[104.032,14.5442],[104.0468,14.5555],[104.0457,14.5661],[104.0554,14.5799],[104.0591,14.6133],[104.051,14.637],[104.0562,14.6517],[104.0492,14.6737],[104.0013,14.7256],[104.0036,14.7699],[103.9955,14.7989],[103.9188,14.8287],[103.902,14.8488],[103.9209,14.8722],[103.9168,14.8832],[103.9249,14.8997],[103.939,14.9081],[103.9458,14.9433],[103.956,14.9377],[103.9699,14.95],[103.9669,14.9738],[103.9753,14.9792],[103.9816,14.9748],[103.9846,14.9839],[104.0021,14.9962],[103.9948,15.0161],[104.0105,15.0193],[104.0169,15.0328],[104.0122,15.0425],[104.0205,15.0439],[104.0131,15.0577],[104.0054,15.0594],[104.0133,15.0659],[104.0097,15.0741],[104.0182,15.0705],[104.0205,15.0782],[104.0145,15.0822],[104.0016,15.0781],[104.0013,15.0871],[103.9945,15.0836],[103.9919,15.0904],[103.9986,15.0941],[103.9914,15.1125],[104.0004,15.1204],[103.9865,15.1296],[103.9898,15.1359],[103.9993,15.1364],[104.0001,15.1497],[103.9839,15.1552],[103.9828,15.1628],[103.9782,15.1588],[103.9672,15.1649],[103.9714,15.1801],[103.9664,15.1854],[103.9776,15.1903],[103.9765,15.2],[103.9839,15.2013],[103.9704,15.2203],[103.9763,15.2263],[103.9882,15.2257],[103.9841,15.2324],[103.9922,15.2368],[103.9856,15.247],[103.9968,15.2518],[103.9777,15.2636],[103.9726,15.2799],[103.9776,15.2817],[103.9777,15.2749],[103.9908,15.2683],[103.9987,15.2732],[103.9965,15.2955],[104.015,15.2892],[104.0107,15.3163],[104.029,15.318],[104.0302,15.3252],[104.0228,15.3319],[104.0362,15.3276],[104.0386,15.3346],[104.044,15.3328],[104.0447,15.342],[104.0532,15.3406],[104.057,15.3472],[104.0611,15.3432],[104.0619,15.3489],[104.0749,15.354],[104.0908,15.3484],[104.0919,15.3584],[104.0842,15.3573],[104.0907,15.3652],[104.0852,15.3634],[104.0798,15.3756],[104.0843,15.3841],[104.0725,15.3814],[104.0749,15.3918],[104.06,15.4053],[104.0507,15.3957],[104.0491,15.4025],[104.0327,15.4081],[104.0267,15.4036],[104.0192,15.412],[104.0136,15.4033],[104.0027,15.4093],[104.0037,15.3998],[103.9937,15.3933],[103.9895,15.4067],[103.9712,15.4074],[103.9744,15.4265],[103.9508,15.4124],[103.9415,15.4278],[103.9479,15.4332],[103.9456,15.4389],[103.9301,15.4321],[103.9237,15.4392],[103.9092,15.4359],[103.9046,15.4432],[103.8986,15.4419],[103.8904,15.4694],[103.8864,15.4539],[103.8774,15.4684],[103.8588,15.4492],[103.8531,15.4664],[103.8471,15.4558],[103.8324,15.4606],[103.8284,15.4513],[103.7807,15.4424],[103.774,15.4346],[103.7708,15.4394],[103.7562,15.4377],[103.7438,15.4477],[103.738,15.4397],[103.7325,15.4442],[103.7243,15.438],[103.7155,15.447],[103.7036,15.4416],[103.6883,15.4492],[103.6718,15.4442],[103.6486,15.458],[103.6294,15.4575],[103.6227,15.4668],[103.5845,15.4672],[103.5637,15.4588],[103.5617,15.4524],[103.5554,15.4545],[103.55,15.4384],[103.5429,15.4395],[103.5324,15.4264],[103.516,15.4286],[103.5034,15.4393],[103.4922,15.4382],[103.4802,15.4522],[103.4335,15.4549],[103.3415,15.4059],[103.3272,15.4142],[103.2695,15.4233],[103.2508,15.4483],[103.2244,15.4485],[103.2154,15.4612],[103.1336,15.4783]]]}},{"type":"Feature","properties":{"pcode":"TH33","name_en":"Si Sa Ket","name_th":"ศรีสะเกษ"},"geometry":{"type":"Polygon","coordinates":[[[104.1052,15.5683],[104.098,15.5645],[104.1056,15.5467],[104.0922,15.5517],[104.0821,15.5478],[104.0739,15.5398],[104.078,15.5325],[104.0741,15.5225],[104.0555,15.5154],[104.06,15.5024],[104.0316,15.4892],[104.0164,15.4616],[103.9957,15.4471],[103.989,15.407],[103.9935,15.3935],[104.0033,15.3992],[104.0042,15.41],[104.0129,15.4033],[104.0181,15.4119],[104.0267,15.4036],[104.0337,15.4077],[104.0499,15.402],[104.0507,15.3957],[104.06,15.4053],[104.0749,15.3918],[104.0725,15.3814],[104.0846,15.3836],[104.0798,15.3756],[104.0852,15.3634],[104.0907,15.3652],[104.0842,15.3573],[104.0919,15.3584],[104.0908,15.3484],[104.0749,15.354],[104.0619,15.3489],[104.0611,15.3432],[104.057,15.3472],[104.0532,15.3406],[104.0447,15.342],[104.044,15.3328],[104.0386,15.3346],[104.0362,15.3276],[104.0228,15.3319],[104.0302,15.3252],[104.029,15.318],[104.0107,15.3163],[104.0153,15.2896],[104.0026,15.2893],[103.9965,15.2955],[103.9987,15.2732],[103.9923,15.2689],[103.9727,15.2803],[103.9777,15.2636],[103.9968,15.2518],[103.9856,15.247],[103.9922,15.2368],[103.9841,15.2324],[103.9882,15.2257],[103.9763,15.2263],[103.9704,15.2203],[103.9839,15.2013],[103.9765,15.2],[103.9776,15.1903],[103.9664,15.1854],[103.9714,15.1801],[103.9672,15.1649],[103.9782,15.1588],[103.9828,15.1628],[103.9839,15.1552],[104.0001,15.1497],[103.9993,15.1364],[103.9898,15.1359],[103.9865,15.1296],[104.0004,15.1204],[103.9914,15.1125],[103.9986,15.0941],[103.9919,15.0904],[103.9945,15.0836],[104.0013,15.0871],[104.0016,15.0781],[104.0145,15.0822],[104.0205,15.0782],[104.0182,15.0705],[104.0097,15.0741],[104.0133,15.0659],[104.0054,15.0594],[104.0131,15.0577],[104.0205,15.0439],[104.0122,15.0425],[104.0169,15.0328],[104.0105,15.0193],[103.9948,15.0161],[104.0021,14.9962],[103.9846,14.9839],[103.9816,14.9748],[103.9753,14.9792],[103.9669,14.9738],[103.9699,14.95],[103.956,14.9377],[103.9458,14.9433],[103.939,14.9081],[103.9249,14.8997],[103.9168,14.8832],[103.9209,14.8722],[103.902,14.8488],[103.9188,14.8287],[103.9955,14.7989],[104.0036,14.7699],[104.0013,14.7256],[104.0492,14.6737],[104.0562,14.6517],[104.051,14.637],[104.0591,14.6133],[104.0554,14.5799],[104.0457,14.5661],[104.0468,14.5555],[104.032,14.5442],[104.0351,14.4982],[104.0537,14.4946],[104.0474,14.483],[104.059,14.4603],[104.0504,14.4337],[104.0506,14.379],[104.0436,14.3609],[104.0571,14.3434],[104.0677,14.3423],[104.0936,14.3505],[104.1017,14.3683],[104.1304,14.3756],[104.138,14.3718],[104.1359,14.3592],[104.141,14.3521],[104.1762,14.3586],[104.1731,14.376],[104.1891,14.3833],[104.2201,14.3668],[104.2451,14.3751],[104.2523,14.392],[104.2762,14.4086],[104.3322,14.3688],[104.3968,14.3744],[104.4069,14.3658],[104.4159,14.3717],[104.4365,14.3571],[104.4618,14.3595],[104.4654,14.3449],[104.4792,14.3517],[104.4821,14.3659],[104.5015,14.3739],[104.5353,14.3537],[104.5629,14.352],[104.5711,14.3593],[104.5821,14.3568],[104.5829,14.3769],[104.6455,14.4227],[104.6512,14.422],[104.6582,14.401],[104.6796,14.3906],[104.7093,14.4316],[104.7234,14.423],[104.7254,14.4017],[104.7348,14.4131],[104.753,14.4028],[104.7664,14.4235],[104.8051,14.4373],[104.8159,14.4294],[104.8179,14.4179],[104.8381,14.4133],[104.8413,14.4031],[104.8711,14.4173],[104.9071,14.3992],[104.9067,14.4117],[104.8764,14.4371],[104.8513,14.4239],[104.8382,14.427],[104.8285,14.4428],[104.8598,14.472],[104.862,14.4991],[104.8277,14.5308],[104.8155,14.5512],[104.8289,14.5805],[104.8271,14.608],[104.8378,14.617],[104.8364,14.6369],[104.8474,14.6476],[104.8484,14.6591],[104.8667,14.6634],[104.8911,14.652],[104.8765,14.6722],[104.8765,14.7002],[104.85,14.7187],[104.8425,14.7372],[104.8203,14.753],[104.8154,14.7891],[104.798,14.8049],[104.7989,14.8192],[104.8145,14.8346],[104.8104,14.848],[104.8166,14.8556],[104.8054,14.8978],[104.7779,14.8988],[104.7716,14.9114],[104.7617,14.9139],[104.7626,14.9207],[104.7544,14.9203],[104.7349,14.9382],[104.7205,14.9256],[104.719,14.9321],[104.6997,14.936],[104.684,14.9524],[104.6885,14.9674],[104.6822,14.9772],[104.6844,15.0048],[104.6694,15.0324],[104.6754,15.0338],[104.6741,15.0405],[104.6814,15.0353],[104.6863,15.0429],[104.6802,15.0485],[104.6892,15.0586],[104.6859,15.0727],[104.6931,15.0831],[104.6763,15.0853],[104.6887,15.1],[104.6802,15.1005],[104.6765,15.093],[104.6702,15.0987],[104.6808,15.1085],[104.6761,15.1135],[104.6795,15.1233],[104.7036,15.1304],[104.7366,15.1634],[104.7259,15.1711],[104.6982,15.1581],[104.7,15.1745],[104.7185,15.1895],[104.7133,15.1951],[104.7019,15.1857],[104.7038,15.2007],[104.6811,15.2021],[104.6893,15.2071],[104.6825,15.2181],[104.6947,15.2197],[104.6957,15.2247],[104.6793,15.2264],[104.6646,15.2578],[104.658,15.2584],[104.6521,15.2465],[104.6625,15.2407],[104.6654,15.2319],[104.647,15.2388],[104.6425,15.2725],[104.6211,15.2753],[104.6155,15.2636],[104.6091,15.2821],[104.6016,15.2689],[104.5904,15.2686],[104.5754,15.257],[104.5768,15.252],[104.5249,15.2525],[104.5042,15.2677],[104.4718,15.2679],[104.4468,15.2809],[104.3822,15.2947],[104.3881,15.3127],[104.3838,15.3296],[104.3766,15.3305],[104.3697,15.3213],[104.3534,15.3447],[104.2966,15.3448],[104.2742,15.3661],[104.2435,15.3783],[104.1971,15.4549],[104.1743,15.4616],[104.1691,15.4776],[104.1328,15.5122],[104.1347,15.5249],[104.1412,15.5287],[104.1287,15.5605],[104.1052,15.5683]]]}},{"type":"Feature","properties":{"pcode":"TH34","name_en":"Ubon Ratchathani","name_th":"อุบลราชธานี"},"geometry":{"type":"Polygon","coordinates":[[[105.0633,16.0968],[105.0418,16.0938],[105.024,16.0522],[105.0066,16.0319],[105.0049,16.0094],[105.0256,15.9817],[104.9981,15.9469],[105.0037,15.9342],[104.9634,15.861],[104.9665,15.8109],[104.9599,15.7919],[104.9074,15.7614],[104.9039,15.7536],[104.9062,15.7252],[104.8913,15.6898],[104.8949,15.6535],[104.9286,15.6451],[104.9335,15.6381],[104.927,15.6261],[104.9308,15.619],[104.9238,15.6153],[104.9257,15.6023],[104.9086,15.5976],[104.8846,15.5721],[104.8958,15.5639],[104.8813,15.539],[104.8697,15.5385],[104.8742,15.5464],[104.8655,15.5488],[104.8634,15.5573],[104.8767,15.5625],[104.8619,15.5805],[104.849,15.5797],[104.8475,15.5736],[104.8446,15.5844],[104.8359,15.5817],[104.8375,15.5919],[104.8302,15.5914],[104.8319,15.5843],[104.8226,15.5858],[104.8111,15.6064],[104.8027,15.5937],[104.7952,15.5955],[104.7867,15.6046],[104.7879,15.621],[104.7805,15.6186],[104.7772,15.6289],[104.7463,15.6414],[104.7423,15.6581],[104.7288,15.6478],[104.7144,15.6607],[104.6946,15.6582],[104.6834,15.671],[104.6474,15.6775],[104.6412,15.6874],[104.6253,15.6894],[104.6023,15.6713],[104.6122,15.663],[104.6291,15.6628],[104.6374,15.647],[104.6145,15.6397],[104.6108,15.6298],[104.6165,15.6247],[104.6094,15.6158],[104.5798,15.6048],[104.5853,15.566],[104.553,15.5554],[104.5466,15.5422],[104.5032,15.5688],[104.4812,15.537],[104.4417,15.5548],[104.4312,15.5389],[104.4194,15.5359],[104.3994,15.5459],[104.3836,15.5304],[104.3835,15.4938],[104.3904,15.4904],[104.3716,15.458],[104.3862,15.4427],[104.392,15.4059],[104.3826,15.4006],[104.383,15.3935],[104.3919,15.386],[104.407,15.388],[104.4183,15.3659],[104.4336,15.3679],[104.4319,15.378],[104.4385,15.3602],[104.4335,15.3469],[104.4469,15.345],[104.431,15.3271],[104.4132,15.3298],[104.4089,15.3245],[104.4067,15.2893],[104.4534,15.2788],[104.4718,15.2679],[104.5042,15.2677],[104.5249,15.2525],[104.5768,15.252],[104.5754,15.257],[104.5904,15.2686],[104.6016,15.2689],[104.6091,15.2821],[104.6155,15.2636],[104.6211,15.2753],[104.6329,15.2697],[104.6409,15.2736],[104.6466,15.239],[104.6654,15.2319],[104.6521,15.2465],[104.658,15.2584],[104.6646,15.2578],[104.6793,15.2264],[104.6959,15.2244],[104.6825,15.2181],[104.6893,15.2071],[104.6813,15.2056],[104.6821,15.2009],[104.7035,15.2008],[104.6987,15.1906],[104.7025,15.1856],[104.7128,15.195],[104.7178,15.1918],[104.7142,15.1826],[104.7,15.1745],[104.6982,15.1581],[104.7252,15.1709],[104.7359,15.1655],[104.7043,15.1309],[104.6793,15.1232],[104.6761,15.1135],[104.6808,15.1085],[104.6702,15.0987],[104.6765,15.093],[104.6802,15.1005],[104.6887,15.1],[104.6763,15.0853],[104.6931,15.0831],[104.6859,15.0727],[104.6892,15.0586],[104.6802,15.0485],[104.6863,15.0429],[104.6814,15.0353],[104.6741,15.0405],[104.6754,15.0338],[104.6694,15.0324],[104.6844,15.0048],[104.6822,14.9772],[104.6885,14.9674],[104.684,14.9524],[104.6997,14.936],[104.719,14.9321],[104.7205,14.9256],[104.7349,14.9382],[104.7544,14.9203],[104.7626,14.9207],[104.7617,14.9139],[104.7716,14.9114],[104.7779,14.8988],[104.8054,14.8978],[104.8166,14.8556],[104.8104,14.848],[104.8145,14.8346],[104.7989,14.8192],[104.798,14.8049],[104.8154,14.7891],[104.8203,14.753],[104.8425,14.7372],[104.85,14.7187],[104.8765,14.7002],[104.8765,14.6722],[104.8911,14.652],[104.8667,14.6634],[104.8484,14.6591],[104.8474,14.6476],[104.8364,14.6369],[104.8378,14.617],[104.8271,14.608],[104.8289,14.5805],[104.8155,14.5512],[104.8277,14.5308],[104.862,14.4991],[104.8598,14.472],[104.8289,14.4413],[104.8384,14.4268],[104.8513,14.4239],[104.8764,14.4371],[104.9067,14.4117],[104.9071,14.3992],[104.9231,14.3999],[104.9489,14.3813],[104.9556,14.381],[104.9593,14.3909],[104.9918,14.3796],[105.0015,14.3624],[104.9896,14.3243],[104.9815,14.3197],[105.0023,14.3016],[105.0191,14.2657],[105.0223,14.2417],[105.0461,14.2269],[105.0502,14.2146],[105.083,14.2093],[105.0934,14.2153],[105.1084,14.2135],[105.1279,14.2249],[105.1535,14.2518],[105.1547,14.2593],[105.1435,14.262],[105.1542,14.2699],[105.1506,14.2823],[105.1604,14.2892],[105.1611,14.3009],[105.1761,14.3118],[105.1771,14.3185],[105.1665,14.3284],[105.1747,14.3433],[105.1857,14.3406],[105.1961,14.3469],[105.2272,14.3328],[105.2337,14.3366],[105.2355,14.3498],[105.2534,14.3616],[105.2807,14.3536],[105.2837,14.3656],[105.3031,14.3659],[105.3193,14.3931],[105.3412,14.3842],[105.3572,14.3857],[105.3722,14.3994],[105.3865,14.3958],[105.3872,14.4104],[105.4002,14.4089],[105.4078,14.4239],[105.4152,14.4261],[105.4297,14.4159],[105.4302,14.4242],[105.4413,14.4282],[105.4444,14.4433],[105.489,14.5],[105.4809,14.5064],[105.5008,14.5131],[105.5166,14.5384],[105.5264,14.5368],[105.5238,14.5515],[105.5339,14.5548],[105.5292,14.5733],[105.5389,14.5836],[105.5293,14.596],[105.5301,14.6082],[105.5423,14.6207],[105.5302,14.6231],[105.5254,14.6332],[105.5307,14.6422],[105.5176,14.6525],[105.5167,14.6673],[105.5274,14.6797],[105.5155,14.6972],[105.5248,14.7037],[105.5206,14.7278],[105.547,14.731],[105.543,14.7394],[105.5313,14.7399],[105.5129,14.7533],[105.5178,14.7621],[105.5142,14.7734],[105.5252,14.7829],[105.5113,14.7993],[105.5193,14.8228],[105.537,14.8191],[105.5597,14.8393],[105.5437,14.8609],[105.5482,14.8722],[105.58,14.8786],[105.5773,14.896],[105.559,14.9232],[105.5456,14.9259],[105.5541,14.9532],[105.5681,14.955],[105.5834,14.9408],[105.5968,14.9625],[105.6245,14.9753],[105.6041,14.9941],[105.5749,14.9985],[105.5724,15.0206],[105.5469,15.0384],[105.5546,15.0642],[105.5425,15.0699],[105.5367,15.0639],[105.514,15.0637],[105.5157,15.0851],[105.4841,15.0968],[105.4856,15.1134],[105.4677,15.1325],[105.4858,15.1499],[105.4691,15.1585],[105.4784,15.1683],[105.4743,15.178],[105.4947,15.1921],[105.4942,15.2041],[105.5161,15.2189],[105.5402,15.2517],[105.551,15.253],[105.5567,15.2466],[105.5593,15.2609],[105.5837,15.2601],[105.5923,15.275],[105.5822,15.3062],[105.5848,15.3156],[105.5742,15.3285],[105.5039,15.3159],[105.4732,15.3361],[105.4677,15.3496],[105.493,15.3858],[105.5613,15.3989],[105.5776,15.4075],[105.5917,15.4254],[105.603,15.4796],[105.5931,15.51],[105.6083,15.5465],[105.625,15.5637],[105.637,15.6464],[105.634,15.6645],[105.6096,15.6936],[105.5992,15.7225],[105.5602,15.7389],[105.552,15.7503],[105.533,15.7486],[105.5071,15.7668],[105.4949,15.7659],[105.4676,15.7458],[105.4356,15.755],[105.4207,15.773],[105.4198,15.7894],[105.4011,15.7952],[105.3927,15.8054],[105.3886,15.8311],[105.3428,15.9217],[105.3761,15.9826],[105.3933,15.9916],[105.416,15.9858],[105.4251,15.9905],[105.418,16.012],[105.3635,16.0213],[105.3533,16.0292],[105.3125,16.0298],[105.2985,16.0391],[105.2194,16.0478],[105.1335,16.0798],[105.1194,16.0774],[105.1024,16.0905],[105.0833,16.0864],[105.0633,16.0968]]]}},{"type":"Feature","properties":{"pcode":"TH35","name_en":"Yasothon","name_th":"ยโสธร"},"geometry":{"type":"Polygon","coordinates":[[[104.3952,16.3484],[104.3666,16.3408],[104.3496,16.3273],[104.3408,16.2985],[104.3438,16.2914],[104.328,16.2704],[104.3107,16.2554],[104.2969,16.2529],[104.2968,16.2387],[104.25,16.219],[104.2468,16.1926],[104.2211,16.1605],[104.211,16.1573],[104.2074,16.1642],[104.1981,16.1504],[104.1731,16.148],[104.1632,16.1317],[104.1541,16.1295],[104.1518,16.1178],[104.1377,16.1097],[104.1217,16.117],[104.1087,16.1072],[104.0952,16.075],[104.1016,16.05],[104.1141,16.0357],[104.1023,16.0063],[104.1069,15.991],[104.0947,15.977],[104.0613,15.9882],[104.0284,15.9844],[104.0272,15.9773],[104.0202,15.9765],[104.0119,15.9538],[104.0207,15.9514],[104.0265,15.9611],[104.0361,15.9396],[104.0237,15.9118],[104.0141,15.911],[104.0195,15.9062],[104.015,15.8925],[104.0213,15.8911],[104.015,15.8861],[104.0322,15.8751],[104.0236,15.8703],[104.0366,15.8678],[104.0199,15.8673],[104.0292,15.8593],[104.0271,15.851],[104.0186,15.848],[104.0212,15.8396],[104.0127,15.8448],[104.0173,15.8304],[104.0073,15.8312],[104.0141,15.8174],[103.9975,15.8131],[104.0012,15.7951],[104.0347,15.7961],[104.0783,15.82],[104.0793,15.8251],[104.0699,15.8281],[104.0743,15.8394],[104.0968,15.825],[104.111,15.807],[104.1347,15.7994],[104.1395,15.7841],[104.1275,15.7684],[104.1331,15.7541],[104.1418,15.7515],[104.1324,15.7434],[104.1304,15.7054],[104.1181,15.7022],[104.1282,15.696],[104.1391,15.7113],[104.1483,15.7122],[104.1421,15.7056],[104.1521,15.6907],[104.1768,15.6717],[104.1752,15.664],[104.1875,15.6655],[104.1841,15.6567],[104.1719,15.6602],[104.1787,15.6391],[104.1701,15.6325],[104.1906,15.633],[104.182,15.6213],[104.1873,15.609],[104.2135,15.6155],[104.2095,15.609],[104.1611,15.6028],[104.122,15.5778],[104.1215,15.5634],[104.1297,15.5588],[104.1412,15.5287],[104.1347,15.5249],[104.1328,15.5122],[104.1691,15.4776],[104.1743,15.4616],[104.1971,15.4549],[104.2471,15.3751],[104.2742,15.3661],[104.3045,15.3421],[104.3534,15.3447],[104.3697,15.3213],[104.3766,15.3305],[104.3838,15.3296],[104.3881,15.3127],[104.3822,15.2947],[104.4067,15.2893],[104.4089,15.3245],[104.4132,15.3298],[104.431,15.3271],[104.4469,15.3445],[104.4335,15.3469],[104.4385,15.3602],[104.4369,15.3732],[104.4319,15.378],[104.4336,15.3679],[104.4183,15.3659],[104.4074,15.3877],[104.3919,15.386],[104.3823,15.3948],[104.392,15.4057],[104.3862,15.4427],[104.3716,15.458],[104.3904,15.4904],[104.3835,15.4938],[104.3837,15.5306],[104.3996,15.546],[104.4134,15.536],[104.4311,15.5388],[104.4417,15.5548],[104.4812,15.537],[104.5001,15.5588],[104.4988,15.5683],[104.5125,15.5646],[104.5053,15.5869],[104.4924,15.5858],[104.4889,15.5945],[104.4812,15.591],[104.4834,15.5856],[104.4623,15.5892],[104.4575,15.5963],[104.4673,15.6015],[104.4607,15.6104],[104.4664,15.6168],[104.4645,15.6282],[104.45,15.6178],[104.4396,15.6183],[104.4477,15.6366],[104.4376,15.6491],[104.446,15.6541],[104.4455,15.6614],[104.4357,15.6671],[104.4455,15.6703],[104.4393,15.6766],[104.4438,15.6832],[104.4363,15.6857],[104.4411,15.6992],[104.4236,15.6953],[104.419,15.6979],[104.4271,15.7204],[104.4223,15.7229],[104.4315,15.738],[104.4189,15.7486],[104.4343,15.7524],[104.426,15.7716],[104.4335,15.7793],[104.4314,15.793],[104.4408,15.804],[104.4359,15.812],[104.4607,15.8434],[104.4485,15.8682],[104.457,15.8757],[104.4523,15.8816],[104.4598,15.8972],[104.4548,15.9013],[104.4679,15.9028],[104.4687,15.9179],[104.5051,15.9513],[104.5053,15.9821],[104.5195,15.9843],[104.5271,16.0008],[104.5326,15.9999],[104.5152,16.0256],[104.5363,16.0445],[104.5338,16.0569],[104.5619,16.0986],[104.6053,16.1091],[104.6224,16.1232],[104.661,16.1234],[104.7304,16.101],[104.7639,16.1035],[104.7808,16.114],[104.8073,16.0946],[104.814,16.099],[104.8152,16.1309],[104.825,16.1552],[104.8045,16.1642],[104.7893,16.1574],[104.7829,16.1753],[104.7625,16.1992],[104.7037,16.2074],[104.6923,16.2154],[104.6907,16.2266],[104.6698,16.2305],[104.6633,16.244],[104.658,16.2258],[104.6431,16.2156],[104.6279,16.2111],[104.6135,16.2164],[104.6,16.2265],[104.5976,16.242],[104.5849,16.2372],[104.5727,16.2591],[104.5559,16.2615],[104.5626,16.285],[104.5505,16.3123],[104.5371,16.3182],[104.5108,16.317],[104.4997,16.3399],[104.3952,16.3484]]]}},{"type":"Feature","properties":{"pcode":"TH36","name_en":"Chaiyaphum","name_th":"ชัยภูมิ"},"geometry":{"type":"Polygon","coordinates":[[[101.5603,16.7285],[101.5533,16.7277],[101.552,16.7153],[101.5709,16.6912],[101.5787,16.6701],[101.5717,16.6483],[101.5625,16.6495],[101.546,16.6681],[101.5375,16.6662],[101.526,16.68],[101.5111,16.6789],[101.5107,16.647],[101.5263,16.6208],[101.5001,16.6095],[101.4995,16.5788],[101.4942,16.5709],[101.4996,16.5718],[101.497,16.5608],[101.5083,16.5554],[101.5102,16.5593],[101.5195,16.5496],[101.5153,16.5427],[101.5032,16.5457],[101.5051,16.5391],[101.496,16.5396],[101.4831,16.5243],[101.472,16.5289],[101.4637,16.5007],[101.4733,16.489],[101.4735,16.4772],[101.4509,16.4564],[101.4443,16.4383],[101.419,16.4238],[101.4171,16.4087],[101.4009,16.4016],[101.4091,16.3831],[101.3929,16.3728],[101.3778,16.3485],[101.3793,16.3184],[101.3678,16.2939],[101.3717,16.2745],[101.3581,16.2685],[101.3547,16.2599],[101.3736,16.2415],[101.3669,16.227],[101.38,16.1882],[101.3623,16.1828],[101.3445,16.1571],[101.3392,16.1049],[101.3345,16.1021],[101.346,16.0692],[101.365,16.075],[101.3778,15.9894],[101.3709,15.9395],[101.3606,15.9235],[101.3746,15.9184],[101.3522,15.8886],[101.3325,15.8817],[101.3256,15.8525],[101.3325,15.8491],[101.3245,15.8371],[101.3305,15.8301],[101.3231,15.8113],[101.3314,15.8046],[101.3176,15.7918],[101.339,15.7671],[101.336,15.7529],[101.3409,15.7561],[101.3814,15.7368],[101.391,15.7456],[101.4044,15.7393],[101.3969,15.7212],[101.4006,15.7058],[101.3948,15.6784],[101.37,15.5932],[101.3737,15.5276],[101.3857,15.4865],[101.3777,15.4305],[101.3776,15.3904],[101.3822,15.3878],[101.3758,15.3767],[101.3793,15.3461],[101.3858,15.3462],[101.382,15.3314],[101.4169,15.3321],[101.4438,15.3508],[101.5007,15.3564],[101.4958,15.3757],[101.5159,15.3996],[101.5368,15.4039],[101.5661,15.372],[101.6058,15.3807],[101.6191,15.3704],[101.6568,15.4017],[101.6863,15.3921],[101.7025,15.3944],[101.7203,15.3848],[101.7786,15.384],[101.8018,15.4033],[101.8051,15.421],[101.8387,15.4146],[101.8788,15.3891],[101.9107,15.4217],[101.9124,15.4356],[101.9317,15.4362],[101.9374,15.4564],[101.9648,15.4562],[101.9891,15.4646],[102.0097,15.458],[102.033,15.4757],[102.0326,15.5001],[102.0426,15.5287],[102.038,15.5488],[102.0621,15.5819],[102.0746,15.6241],[102.0838,15.6212],[102.0886,15.6343],[102.0918,15.6274],[102.0953,15.634],[102.1,15.6303],[102.1082,15.6442],[102.1129,15.6394],[102.1147,15.6474],[102.1213,15.6461],[102.119,15.6531],[102.128,15.6511],[102.1239,15.6626],[102.1322,15.6673],[102.1277,15.6708],[102.1371,15.6715],[102.1469,15.6849],[102.1432,15.7068],[102.1498,15.7071],[102.1535,15.7262],[102.1625,15.727],[102.1554,15.7306],[102.156,15.7412],[102.1631,15.7372],[102.1644,15.7445],[102.1862,15.7475],[102.185,15.7401],[102.2015,15.7391],[102.205,15.7573],[102.2324,15.7434],[102.253,15.7529],[102.2468,15.7575],[102.2583,15.7723],[102.2565,15.7816],[102.2931,15.7852],[102.3074,15.7929],[102.3124,15.8082],[102.3278,15.8038],[102.3261,15.8213],[102.3194,15.826],[102.3246,15.8291],[102.3219,15.8423],[102.3156,15.8469],[102.3208,15.8479],[102.3203,15.8654],[102.3382,15.8738],[102.3406,15.8873],[102.3533,15.9007],[102.3622,15.9286],[102.355,15.9308],[102.3637,15.9325],[102.3689,15.9484],[102.3747,15.9463],[102.3655,15.9654],[102.3724,15.9678],[102.3719,15.9753],[102.3859,15.9807],[102.3868,15.9934],[102.3749,16.0],[102.3732,15.996],[102.3683,16.0069],[102.3641,16.0013],[102.3551,16.0051],[102.3522,16.0262],[102.3385,16.0386],[102.3267,16.0301],[102.3126,16.0424],[102.3023,16.0383],[102.2807,16.0775],[102.3343,16.1395],[102.4031,16.2429],[102.4178,16.2531],[102.4108,16.2712],[102.4227,16.3084],[102.4442,16.3466],[102.447,16.3787],[102.4589,16.3947],[102.4157,16.4225],[102.4055,16.4395],[102.4098,16.4473],[102.4008,16.4675],[102.3942,16.4589],[102.3991,16.4466],[102.3825,16.4453],[102.375,16.4348],[102.3654,16.4383],[102.3651,16.453],[102.3234,16.4453],[102.3172,16.4559],[102.3005,16.445],[102.2785,16.4606],[102.2693,16.4556],[102.2644,16.462],[102.2554,16.461],[102.2569,16.4668],[102.2438,16.4696],[102.2375,16.4843],[102.2282,16.4841],[102.2143,16.5013],[102.2067,16.4982],[102.2038,16.5044],[102.1924,16.4987],[102.1824,16.5063],[102.1727,16.4917],[102.165,16.5017],[102.1574,16.4983],[102.1585,16.5033],[102.1224,16.4943],[102.0943,16.4986],[102.0849,16.4922],[102.0789,16.4967],[102.0678,16.4936],[102.0728,16.5032],[102.0426,16.5085],[102.0315,16.5211],[102.0324,16.541],[102.0239,16.5484],[102.0234,16.5585],[102.0062,16.5575],[101.9882,16.566],[101.9921,16.5846],[101.9771,16.5872],[101.9833,16.5899],[101.9774,16.61],[101.972,16.6151],[101.969,16.6115],[101.969,16.618],[101.9547,16.6174],[101.9505,16.6228],[101.9564,16.6276],[101.9484,16.6347],[101.9263,16.6342],[101.9198,16.6272],[101.9126,16.6342],[101.9054,16.628],[101.9057,16.6349],[101.8897,16.645],[101.8738,16.6425],[101.8689,16.6496],[101.8538,16.6504],[101.8529,16.6578],[101.8321,16.6585],[101.8225,16.6501],[101.82,16.6548],[101.8054,16.6529],[101.7742,16.6287],[101.779,16.6469],[101.7649,16.6554],[101.7537,16.6523],[101.7508,16.6678],[101.744,16.6696],[101.7413,16.6607],[101.7246,16.652],[101.6886,16.6867],[101.6552,16.6888],[101.636,16.6805],[101.6202,16.6849],[101.6038,16.707],[101.5904,16.7084],[101.5855,16.7227],[101.5603,16.7285]]]}},{"type":"Feature","properties":{"pcode":"TH37","name_en":"Amnat Charoen","name_th":"อำนาจเจริญ"},"geometry":{"type":"Polygon","coordinates":[[[104.9598,16.2836],[104.9599,16.2718],[104.9478,16.262],[104.9312,16.2529],[104.9128,16.2555],[104.9102,16.2473],[104.8856,16.2351],[104.8783,16.2101],[104.8549,16.2016],[104.8262,16.205],[104.8124,16.1852],[104.7889,16.1994],[104.7661,16.1964],[104.7893,16.1574],[104.8045,16.1642],[104.8249,16.1555],[104.8108,16.0955],[104.8023,16.0949],[104.7808,16.114],[104.7639,16.1035],[104.7304,16.101],[104.661,16.1234],[104.6224,16.1232],[104.6053,16.1091],[104.5614,16.098],[104.5338,16.0569],[104.5363,16.0445],[104.5152,16.0256],[104.5326,15.9999],[104.5271,16.0008],[104.5195,15.9843],[104.5053,15.9821],[104.5051,15.9513],[104.4687,15.9179],[104.4679,15.9028],[104.4548,15.9013],[104.4598,15.8972],[104.4523,15.8816],[104.457,15.8757],[104.4485,15.8682],[104.4607,15.8434],[104.4359,15.812],[104.4408,15.804],[104.4314,15.793],[104.4335,15.7793],[104.426,15.7716],[104.4343,15.7524],[104.4189,15.7487],[104.4315,15.738],[104.4223,15.7229],[104.4271,15.7204],[104.4191,15.6977],[104.4403,15.7001],[104.4363,15.6857],[104.4439,15.683],[104.4393,15.6766],[104.4454,15.6702],[104.4357,15.6673],[104.4456,15.6612],[104.4443,15.6499],[104.4376,15.6491],[104.4477,15.6367],[104.4395,15.6187],[104.45,15.6178],[104.4646,15.6281],[104.4664,15.6168],[104.4607,15.6104],[104.4673,15.6015],[104.4575,15.5963],[104.4627,15.5888],[104.4834,15.5856],[104.4812,15.591],[104.4885,15.5945],[104.4924,15.5858],[104.5055,15.5868],[104.5106,15.5601],[104.5263,15.5582],[104.5276,15.5508],[104.5359,15.5521],[104.547,15.5423],[104.553,15.5554],[104.5859,15.5667],[104.5799,15.605],[104.6094,15.6158],[104.6165,15.6247],[104.6108,15.6298],[104.6145,15.6397],[104.6374,15.647],[104.6291,15.6628],[104.6122,15.663],[104.6021,15.672],[104.6115,15.6834],[104.6357,15.6891],[104.6474,15.6775],[104.6834,15.671],[104.6946,15.6582],[104.7144,15.6607],[104.7287,15.6478],[104.7422,15.6581],[104.7463,15.6414],[104.7772,15.6289],[104.7805,15.6186],[104.7879,15.621],[104.7867,15.6046],[104.7952,15.5955],[104.8027,15.5937],[104.8111,15.6064],[104.8226,15.5858],[104.8319,15.5843],[104.8302,15.5914],[104.8375,15.5919],[104.8359,15.5817],[104.8446,15.5844],[104.8475,15.5736],[104.8489,15.5797],[104.8618,15.5806],[104.8767,15.5625],[104.8634,15.5573],[104.8655,15.5488],[104.8742,15.5464],[104.8698,15.5383],[104.8787,15.5371],[104.8823,15.5473],[104.8875,15.545],[104.8958,15.5639],[104.8846,15.5721],[104.9086,15.5976],[104.9257,15.6023],[104.9238,15.6153],[104.9308,15.619],[104.927,15.6261],[104.9335,15.6381],[104.9286,15.6451],[104.8949,15.6535],[104.8913,15.6898],[104.9062,15.7252],[104.9039,15.7536],[104.9074,15.7614],[104.9599,15.7919],[104.9665,15.8109],[104.9634,15.861],[105.0037,15.9342],[104.9981,15.9469],[105.0256,15.9817],[105.0049,16.0094],[105.0063,16.0311],[105.024,16.0522],[105.0418,16.0938],[105.0603,16.0981],[105.0473,16.102],[105.0408,16.1112],[105.0141,16.1873],[105.0158,16.2441],[104.988,16.2733],[104.9787,16.2791],[104.9728,16.274],[104.9598,16.2836]]]}},{"type":"Feature","properties":{"pcode":"TH38","name_en":"Bueng Kan","name_th":"บึงกาฬ"},"geometry":{"type":"Polygon","coordinates":[[[103.405,18.449],[103.3559,18.4359],[103.3056,18.4316],[103.2424,18.3615],[103.2535,18.3363],[103.2888,18.3243],[103.3006,18.3034],[103.2947,18.2946],[103.2985,18.2885],[103.2936,18.2886],[103.2967,18.2804],[103.2896,18.2779],[103.2948,18.272],[103.2862,18.2731],[103.2859,18.2648],[103.2756,18.2691],[103.2666,18.2601],[103.261,18.2656],[103.2593,18.2491],[103.2653,18.2493],[103.2613,18.2445],[103.2705,18.2354],[103.281,18.2355],[103.3291,18.2107],[103.3406,18.1945],[103.3425,18.1755],[103.3606,18.1724],[103.3666,18.1643],[103.3356,18.1521],[103.3368,18.1369],[103.3234,18.1337],[103.3171,18.1231],[103.3072,18.126],[103.2947,18.1197],[103.2955,18.104],[103.3039,18.108],[103.3139,18.1028],[103.3011,18.0908],[103.3001,18.0805],[103.3136,18.0569],[103.3503,18.0472],[103.3566,18.0347],[103.3528,18.0296],[103.3535,18.027],[103.3746,18.0336],[103.3909,18.0255],[103.3961,18.0096],[103.4073,18.0033],[103.4026,17.9998],[103.3994,17.9915],[103.4299,17.9831],[103.4262,17.9761],[103.4393,17.975],[103.4394,17.9687],[103.4461,17.9671],[103.4514,17.9758],[103.4378,17.981],[103.4437,17.991],[103.4642,17.989],[103.4686,18.0006],[103.4733,17.9987],[103.4715,18.0052],[103.4918,17.9877],[103.4983,17.9904],[103.4974,17.9975],[103.5034,17.996],[103.4913,18.0377],[103.4981,18.0413],[103.4933,18.0601],[103.4969,18.0653],[103.5044,18.0583],[103.5045,18.0682],[103.5145,18.0741],[103.5272,18.0664],[103.5367,18.0682],[103.5411,18.0887],[103.5467,18.0779],[103.5384,18.0721],[103.5421,18.065],[103.5589,18.0621],[103.5813,18.038],[103.5952,18.0497],[103.5946,18.0436],[103.606,18.0351],[103.6112,18.0131],[103.6407,18.0133],[103.6324,18.0045],[103.6212,18.0034],[103.6254,17.9679],[103.6379,17.9767],[103.6386,17.9644],[103.6517,17.9631],[103.6625,17.9735],[103.6672,17.9667],[103.6613,17.9503],[103.6826,17.9559],[103.7035,17.9449],[103.7044,17.9391],[103.7155,17.9429],[103.7218,17.926],[103.7463,17.9113],[103.7529,17.9154],[103.7494,17.9263],[103.7655,17.9557],[103.7568,17.9223],[103.7646,17.9208],[103.7823,17.9316],[103.7748,17.9091],[103.7868,17.8916],[103.7686,17.891],[103.7646,17.8833],[103.794,17.8423],[103.8108,17.8584],[103.794,17.8713],[103.7959,17.8772],[103.8361,17.8702],[103.8565,17.8829],[103.868,17.8798],[103.8662,17.8642],[103.8754,17.8759],[103.9053,17.8805],[103.9008,17.8477],[103.9153,17.8593],[103.9228,17.8548],[103.9252,17.8341],[103.9183,17.8191],[103.9348,17.8066],[103.9423,17.785],[103.959,17.7751],[103.9732,17.785],[103.9701,17.7797],[103.9796,17.7709],[103.987,17.789],[104.0004,17.7885],[104.0007,17.8074],[104.0149,17.816],[104.0093,17.8176],[104.0131,17.8303],[103.9977,17.8414],[104.0017,17.8493],[103.9816,17.8584],[103.9966,17.8925],[104.0128,17.893],[104.0302,17.9099],[104.0479,17.9097],[104.0623,17.9033],[104.0614,17.8958],[104.0687,17.8968],[104.0648,17.886],[104.0726,17.8797],[104.1007,17.9089],[104.1232,17.9212],[104.1308,17.94],[104.1345,17.9547],[104.1175,17.9668],[104.1122,18.0053],[104.1726,18.0026],[104.1742,18.0158],[104.1824,18.0135],[104.1801,18.0186],[104.19,18.0237],[104.1043,18.1178],[104.0609,18.2189],[103.9746,18.3364],[103.9546,18.3395],[103.9267,18.3299],[103.886,18.2938],[103.8584,18.2839],[103.8357,18.3271],[103.8182,18.3388],[103.6999,18.3429],[103.6129,18.4033],[103.571,18.406],[103.5255,18.4264],[103.4578,18.4256],[103.405,18.449]]]}},{"type":"Feature","properties":{"pcode":"TH39","name_en":"Nong Bua Lam Phu","name_th":"หนองบัวลำภู"},"geometry":{"type":"Polygon","coordinates":[[[102.2866,17.6921],[102.2806,17.6854],[102.2626,17.6895],[102.2694,17.6627],[102.2451,17.6507],[102.1867,17.6572],[102.1579,17.6684],[102.1427,17.6589],[102.128,17.635],[102.1196,17.6328],[102.1046,17.6473],[102.0832,17.6343],[102.1064,17.6077],[102.1189,17.5688],[102.1344,17.5557],[102.1328,17.5411],[102.1398,17.5324],[102.1354,17.5088],[102.1253,17.5088],[102.1285,17.492],[102.1045,17.4761],[102.1134,17.4674],[102.1225,17.4708],[102.1292,17.4608],[102.1215,17.4519],[102.1159,17.4561],[102.1051,17.4468],[102.0867,17.4654],[102.0524,17.4491],[102.0281,17.4592],[101.9956,17.4605],[101.9875,17.4543],[101.9929,17.4206],[101.9818,17.4115],[102.018,17.3739],[102.0143,17.3578],[102.0207,17.3451],[102.0114,17.3342],[101.9903,17.3341],[101.9836,17.3163],[102.0147,17.2878],[102.0134,17.2784],[102.0264,17.2812],[102.0344,17.263],[102.0453,17.2628],[102.0537,17.2501],[102.0603,17.2546],[102.0771,17.2482],[102.0866,17.2122],[102.0936,17.2055],[102.0968,17.1771],[102.0842,17.1679],[102.0777,17.1828],[102.038,17.2203],[102.0283,17.2136],[102.0236,17.2043],[102.032,17.1963],[102.0294,17.1858],[102.0442,17.1643],[102.0408,17.1511],[102.034,17.1482],[102.0373,17.1384],[102.075,17.1106],[102.0889,17.1126],[102.0925,17.1025],[102.1005,17.1011],[102.0999,17.0875],[102.1057,17.0811],[102.1018,17.0671],[102.1203,17.0575],[102.1302,17.0374],[102.1495,17.0337],[102.1554,17.0243],[102.1238,16.9939],[102.0913,16.9805],[102.0688,16.9615],[102.0508,16.965],[102.0295,16.9486],[102.0483,16.9048],[102.068,16.8929],[102.0707,16.8852],[102.0814,16.8897],[102.0988,16.8832],[102.0964,16.8909],[102.1048,16.8974],[102.1244,16.8805],[102.1442,16.8763],[102.1562,16.8813],[102.1579,16.872],[102.1718,16.8649],[102.1802,16.8721],[102.1883,16.8575],[102.2138,16.8604],[102.2352,16.8806],[102.2426,16.8752],[102.2447,16.8817],[102.2492,16.8784],[102.2545,16.8948],[102.2954,16.8919],[102.2916,16.8841],[102.3069,16.8844],[102.3024,16.877],[102.3116,16.8675],[102.3247,16.867],[102.3167,16.8548],[102.3306,16.8549],[102.3321,16.8486],[102.3236,16.8463],[102.34,16.8367],[102.3359,16.8317],[102.3432,16.8181],[102.3501,16.831],[102.3615,16.8168],[102.3756,16.8108],[102.3774,16.8179],[102.392,16.8104],[102.4014,16.8178],[102.405,16.8023],[102.4156,16.8051],[102.415,16.7945],[102.4284,16.7913],[102.4336,16.7834],[102.4388,16.7949],[102.45,16.7901],[102.4594,16.8085],[102.472,16.8001],[102.4965,16.8039],[102.5431,16.7829],[102.608,16.7722],[102.6152,16.7796],[102.6187,16.8275],[102.6705,16.9384],[102.679,16.9699],[102.6693,16.9937],[102.6484,17.0001],[102.5433,17.0669],[102.5193,17.1002],[102.5042,17.1463],[102.4692,17.2027],[102.4911,17.2075],[102.4908,17.2195],[102.5022,17.2301],[102.5383,17.2255],[102.5744,17.2336],[102.585,17.2415],[102.5946,17.2638],[102.561,17.2689],[102.5484,17.2769],[102.5016,17.2719],[102.487,17.2831],[102.4622,17.2871],[102.4378,17.2821],[102.441,17.3256],[102.4276,17.3665],[102.3986,17.4146],[102.3667,17.5063],[102.3325,17.5509],[102.3334,17.579],[102.3258,17.5982],[102.3179,17.6792],[102.3029,17.6744],[102.3018,17.6819],[102.2866,17.6921]]]}},{"type":"Feature","properties":{"pcode":"TH40","name_en":"Khon Kaen","name_th":"ขอนแก่น"},"geometry":{"type":"Polygon","coordinates":[[[102.7072,17.0871],[102.7,17.0869],[102.6959,17.0663],[102.6793,17.0513],[102.6818,17.0162],[102.6692,16.9942],[102.6792,16.969],[102.6771,16.955],[102.6219,16.8365],[102.6128,16.7946],[102.6152,16.7796],[102.609,16.7725],[102.5431,16.7829],[102.5028,16.8019],[102.4747,16.7995],[102.4594,16.8085],[102.45,16.7901],[102.4388,16.7949],[102.4336,16.7834],[102.4284,16.7913],[102.415,16.7945],[102.4156,16.8051],[102.405,16.8023],[102.4014,16.8178],[102.392,16.8104],[102.3774,16.8179],[102.3756,16.8108],[102.3615,16.8168],[102.3501,16.831],[102.3432,16.8181],[102.3359,16.8317],[102.34,16.8367],[102.3236,16.8463],[102.3321,16.8486],[102.3306,16.8549],[102.3167,16.8548],[102.3247,16.867],[102.3116,16.8675],[102.3024,16.877],[102.3069,16.8844],[102.2916,16.8841],[102.2954,16.8919],[102.2545,16.8948],[102.2492,16.8784],[102.2447,16.8817],[102.2426,16.8752],[102.2352,16.8806],[102.2138,16.8604],[102.1882,16.8575],[102.1802,16.8721],[102.1718,16.8649],[102.1579,16.872],[102.1562,16.8813],[102.1442,16.8763],[102.1244,16.8805],[102.1046,16.8974],[102.0964,16.891],[102.097,16.8826],[102.0814,16.8897],[102.0632,16.8873],[102.0551,16.8757],[102.0597,16.8709],[102.0443,16.8679],[102.0398,16.8583],[102.0101,16.8704],[101.9994,16.8602],[102.0061,16.8552],[101.9964,16.8504],[101.9992,16.8447],[101.9938,16.84],[101.9786,16.84],[101.9783,16.8452],[101.9739,16.8404],[101.9624,16.8523],[101.9564,16.847],[101.9438,16.8526],[101.9513,16.8405],[101.9015,16.8132],[101.8808,16.811],[101.8626,16.7907],[101.7968,16.7688],[101.7861,16.7425],[101.7916,16.7272],[101.7761,16.7122],[101.7719,16.6858],[101.7502,16.6767],[101.7501,16.6562],[101.7789,16.647],[101.7743,16.6399],[101.7742,16.6287],[101.8054,16.6529],[101.82,16.6548],[101.8225,16.6501],[101.8321,16.6585],[101.8529,16.6578],[101.8538,16.6504],[101.8689,16.6496],[101.8738,16.6425],[101.8897,16.645],[101.9057,16.6349],[101.9054,16.628],[101.9126,16.6342],[101.9198,16.6272],[101.9263,16.6342],[101.9484,16.6347],[101.9564,16.6276],[101.9505,16.6228],[101.9547,16.6174],[101.969,16.618],[101.969,16.6115],[101.972,16.6151],[101.9774,16.61],[101.9833,16.5899],[101.9771,16.5872],[101.9921,16.5846],[101.9882,16.566],[102.0062,16.5575],[102.0234,16.5585],[102.0239,16.5484],[102.0324,16.541],[102.0315,16.5211],[102.0426,16.5085],[102.0728,16.5032],[102.0678,16.4936],[102.0789,16.4967],[102.0849,16.4922],[102.0943,16.4986],[102.1224,16.4943],[102.1585,16.5033],[102.1574,16.4983],[102.165,16.5017],[102.1727,16.4917],[102.1824,16.5063],[102.1924,16.4987],[102.2038,16.5044],[102.2067,16.4982],[102.2143,16.5013],[102.2282,16.4841],[102.2375,16.4843],[102.2438,16.4696],[102.2569,16.4668],[102.2554,16.461],[102.2644,16.462],[102.2693,16.4556],[102.2785,16.4606],[102.3005,16.445],[102.3172,16.4559],[102.3234,16.4453],[102.3651,16.453],[102.3654,16.4383],[102.375,16.4348],[102.3825,16.4453],[102.3991,16.4466],[102.3942,16.4589],[102.3989,16.4591],[102.3968,16.4665],[102.4033,16.466],[102.4099,16.4465],[102.4055,16.4395],[102.4157,16.4225],[102.4589,16.3947],[102.447,16.3787],[102.4442,16.3466],[102.4227,16.3084],[102.4108,16.2712],[102.418,16.2534],[102.4031,16.2429],[102.3255,16.1277],[102.2831,16.0859],[102.2799,16.072],[102.2864,16.07],[102.3024,16.0383],[102.3126,16.0424],[102.3267,16.0301],[102.3385,16.0386],[102.3522,16.0262],[102.3551,16.0051],[102.3641,16.0013],[102.3683,16.0069],[102.3732,15.996],[102.3749,16.0],[102.3868,15.9934],[102.3859,15.9807],[102.3719,15.9753],[102.3724,15.9678],[102.3655,15.9654],[102.3747,15.9463],[102.3689,15.9484],[102.3637,15.9325],[102.355,15.9308],[102.3622,15.9286],[102.3534,15.9008],[102.3406,15.8873],[102.3382,15.8738],[102.3204,15.8655],[102.3208,15.8479],[102.3156,15.847],[102.324,15.8343],[102.3194,15.826],[102.3261,15.8213],[102.3273,15.7989],[102.3632,15.7674],[102.3585,15.7338],[102.3633,15.7292],[102.3746,15.7339],[102.4044,15.7003],[102.4213,15.6949],[102.4491,15.716],[102.4792,15.7176],[102.5116,15.7282],[102.5356,15.7085],[102.5559,15.7035],[102.5979,15.7125],[102.6092,15.7279],[102.6501,15.7145],[102.6681,15.7156],[102.6823,15.7285],[102.6941,15.7199],[102.6896,15.7026],[102.7125,15.6815],[102.7165,15.6661],[102.7476,15.6702],[102.748,15.662],[102.7784,15.6491],[102.7766,15.6336],[102.8553,15.6361],[102.8722,15.6631],[102.8837,15.6678],[102.8689,15.6867],[102.8764,15.7063],[102.8739,15.7385],[102.8809,15.7467],[102.8774,15.7716],[102.9325,15.8013],[102.9311,15.8156],[102.9193,15.8237],[102.9253,15.8802],[102.9156,15.8815],[102.8898,15.933],[102.9093,15.9853],[102.8854,16.0112],[102.8841,16.0168],[102.895,16.0214],[102.8914,16.0294],[102.8743,16.0386],[102.859,16.039],[102.8614,16.059],[102.8481,16.0723],[102.8688,16.1187],[102.8676,16.1254],[102.8545,16.126],[102.8432,16.1457],[102.8572,16.1586],[102.8449,16.1735],[102.8482,16.199],[102.8433,16.2113],[102.8515,16.2225],[102.8446,16.2332],[102.8506,16.2566],[102.8454,16.2724],[102.8674,16.2994],[102.8945,16.3157],[102.8985,16.3489],[102.9088,16.3497],[102.9051,16.3579],[102.9175,16.3694],[102.9275,16.367],[102.9207,16.3775],[102.9379,16.377],[102.9357,16.3887],[102.9395,16.3855],[102.941,16.3932],[102.9494,16.3892],[102.9565,16.3987],[102.9458,16.4029],[102.9468,16.4097],[102.9565,16.4129],[102.9592,16.4266],[102.9483,16.4223],[102.9474,16.4416],[102.9549,16.4422],[102.9533,16.4512],[102.9612,16.449],[102.967,16.4571],[103.0191,16.4734],[103.0327,16.5014],[103.0425,16.4906],[103.0809,16.5109],[103.1043,16.5541],[103.1188,16.5667],[103.12,16.5922],[103.1526,16.6104],[103.1507,16.6586],[103.1596,16.6745],[103.1448,16.7019],[103.1589,16.7328],[103.1458,16.7537],[103.151,16.7625],[103.1712,16.7703],[103.1811,16.7893],[103.1845,16.8212],[103.1789,16.8269],[103.1797,16.8395],[103.1704,16.8484],[103.1751,16.8635],[103.1346,16.8723],[103.1418,16.8491],[103.137,16.8296],[103.1234,16.818],[103.1053,16.826],[103.1022,16.8411],[103.1145,16.8531],[103.1116,16.8611],[103.1205,16.8718],[103.1242,16.892],[103.1211,16.9018],[103.1009,16.913],[103.0837,16.8991],[103.072,16.9017],[103.0527,16.8857],[103.0425,16.8882],[103.026,16.8724],[103.0095,16.8702],[102.9416,16.8363],[102.9125,16.8386],[102.8732,16.8812],[102.8545,16.883],[102.8484,16.8733],[102.824,16.8626],[102.8102,16.8916],[102.8091,16.9088],[102.8208,16.9377],[102.8043,16.9552],[102.8228,16.9729],[102.8012,16.9877],[102.7872,17.0159],[102.7644,17.0255],[102.7506,17.0418],[102.7179,17.0538],[102.7072,17.0871]]]}},{"type":"Feature","properties":{"pcode":"TH41","name_en":"Udon Thani","name_th":"อุดรธานี"},"geometry":{"type":"Polygon","coordinates":[[[102.0581,18.0862],[102.0525,18.0774],[102.054,18.0363],[102.0372,18.0226],[102.0424,17.9894],[102.0256,17.9913],[102.0157,17.9809],[102.0271,17.9689],[102.0245,17.9557],[102.0388,17.9077],[102.0379,17.8856],[102.0524,17.8718],[102.0476,17.8201],[102.0364,17.8057],[102.0457,17.7901],[102.0298,17.7859],[102.0177,17.749],[102.0297,17.7002],[102.0264,17.6769],[102.0392,17.664],[102.0364,17.6503],[102.0613,17.657],[102.0782,17.6464],[102.0833,17.6343],[102.1046,17.6473],[102.1212,17.6329],[102.1303,17.6363],[102.1322,17.6471],[102.1493,17.6659],[102.1578,17.6684],[102.1867,17.6572],[102.2451,17.6507],[102.2694,17.6627],[102.2626,17.6895],[102.2806,17.6854],[102.2865,17.6922],[102.3018,17.6819],[102.3029,17.6744],[102.3179,17.6792],[102.3258,17.5982],[102.3334,17.579],[102.3325,17.5509],[102.3667,17.5063],[102.3986,17.4146],[102.4276,17.3665],[102.441,17.3256],[102.4378,17.2821],[102.4622,17.2871],[102.487,17.2831],[102.5016,17.2719],[102.5484,17.2769],[102.561,17.2689],[102.5946,17.2638],[102.585,17.2415],[102.5744,17.2336],[102.5383,17.2255],[102.5022,17.2301],[102.4908,17.2195],[102.4911,17.2075],[102.4692,17.2027],[102.5042,17.1463],[102.5193,17.1002],[102.5433,17.0669],[102.5688,17.0469],[102.6484,17.0001],[102.6693,16.9937],[102.682,17.0172],[102.6793,17.0513],[102.6959,17.0663],[102.7,17.0869],[102.7097,17.087],[102.7179,17.0538],[102.7506,17.0418],[102.7644,17.0255],[102.7872,17.0159],[102.8012,16.9877],[102.8228,16.9729],[102.8043,16.9552],[102.8208,16.9377],[102.8091,16.9088],[102.8102,16.8916],[102.824,16.8626],[102.8484,16.8733],[102.8545,16.883],[102.8732,16.8812],[102.9125,16.8386],[102.9416,16.8363],[103.0095,16.8702],[103.026,16.8724],[103.0425,16.8882],[103.0527,16.8857],[103.072,16.9017],[103.0838,16.8992],[103.0979,16.9122],[103.0984,16.9309],[103.1109,16.9415],[103.1175,16.9624],[103.1603,16.9467],[103.1757,16.9563],[103.1852,16.947],[103.1984,16.9482],[103.2037,16.9582],[103.2211,16.9679],[103.2302,16.9578],[103.2398,16.9614],[103.2772,16.9419],[103.2893,16.9244],[103.3496,16.9214],[103.371,16.903],[103.3851,16.9028],[103.4107,16.8715],[103.4126,16.862],[103.4008,16.8548],[103.4093,16.8496],[103.416,16.8309],[103.4127,16.8084],[103.4216,16.8031],[103.4497,16.8345],[103.4432,16.8474],[103.4548,16.8656],[103.47,16.8751],[103.4715,16.8865],[103.4797,16.8872],[103.4842,16.9038],[103.491,16.9028],[103.4938,16.9274],[103.4867,16.9402],[103.4941,16.9524],[103.4944,16.9699],[103.5003,16.9683],[103.502,16.9826],[103.52,16.9988],[103.5187,17.0342],[103.5112,17.0363],[103.5143,17.0435],[103.5074,17.0441],[103.5188,17.0497],[103.5198,17.0592],[103.5371,17.0658],[103.535,17.0709],[103.5477,17.0796],[103.548,17.0888],[103.5753,17.0909],[103.579,17.1019],[103.5917,17.0938],[103.6012,17.1001],[103.602,17.0951],[103.6072,17.0996],[103.6207,17.0929],[103.6278,17.0765],[103.639,17.0705],[103.64,17.0582],[103.6529,17.0474],[103.6467,17.024],[103.6621,17.0196],[103.6599,17.0369],[103.6663,17.0545],[103.6542,17.0738],[103.6681,17.1058],[103.6564,17.1141],[103.6378,17.1119],[103.6219,17.1493],[103.6139,17.1504],[103.6011,17.1693],[103.5908,17.1713],[103.5679,17.1572],[103.5549,17.1719],[103.4746,17.2178],[103.4703,17.2299],[103.4636,17.2176],[103.4516,17.2126],[103.4278,17.2212],[103.4169,17.2124],[103.395,17.2276],[103.3829,17.2279],[103.3759,17.2368],[103.3612,17.2359],[103.3523,17.2443],[103.3518,17.2552],[103.3286,17.2568],[103.3246,17.2643],[103.3072,17.2708],[103.2812,17.2666],[103.2507,17.3129],[103.2569,17.3277],[103.2712,17.3325],[103.2724,17.3493],[103.3015,17.3899],[103.2813,17.4157],[103.2836,17.4263],[103.2746,17.4398],[103.2902,17.4681],[103.2867,17.498],[103.3169,17.5238],[103.3216,17.5538],[103.3312,17.5511],[103.3405,17.5695],[103.3378,17.5783],[103.3605,17.5917],[103.3743,17.5792],[103.3761,17.5928],[103.4112,17.5951],[103.3973,17.6179],[103.4017,17.621],[103.3991,17.6519],[103.4073,17.6683],[103.4009,17.6849],[103.4061,17.7112],[103.4008,17.7185],[103.4106,17.7293],[103.4042,17.7335],[103.4093,17.7338],[103.4013,17.7575],[103.3843,17.753],[103.3669,17.7901],[103.377,17.7928],[103.374,17.8025],[103.3819,17.8093],[103.3748,17.8136],[103.39,17.8292],[103.3801,17.8399],[103.3976,17.8427],[103.3948,17.8328],[103.3998,17.8306],[103.4023,17.843],[103.4132,17.8342],[103.4224,17.8416],[103.405,17.85],[103.3983,17.8459],[103.3937,17.8558],[103.4068,17.8586],[103.4056,17.8774],[103.4167,17.8796],[103.4128,17.9012],[103.3959,17.9049],[103.398,17.885],[103.3897,17.8699],[103.3734,17.8751],[103.3762,17.8666],[103.3667,17.8577],[103.3423,17.851],[103.3292,17.8242],[103.291,17.8307],[103.2692,17.8495],[103.2662,17.8655],[103.2406,17.8857],[103.2208,17.8705],[103.2083,17.8732],[103.1999,17.8658],[103.1909,17.8717],[103.175,17.8536],[103.1674,17.8157],[103.1545,17.8027],[103.132,17.8157],[103.1356,17.8247],[103.1228,17.832],[103.128,17.8433],[103.1171,17.8444],[103.1142,17.861],[103.1074,17.8614],[103.1085,17.8544],[103.1006,17.8566],[103.0998,17.8702],[103.0953,17.8659],[103.0824,17.8739],[103.078,17.8857],[103.0518,17.8801],[103.0445,17.893],[103.038,17.8916],[103.0383,17.8777],[103.0125,17.8758],[103.0121,17.8622],[103.0044,17.8623],[103.0042,17.8421],[102.9884,17.8435],[102.9818,17.83],[102.9689,17.8237],[102.9442,17.8555],[102.9337,17.8877],[102.9274,17.8931],[102.8938,17.8912],[102.8834,17.8983],[102.8696,17.8879],[102.8677,17.8761],[102.8743,17.8647],[102.8734,17.8573],[102.865,17.8556],[102.8691,17.8465],[102.844,17.8365],[102.851,17.8268],[102.8356,17.8217],[102.8409,17.8206],[102.8389,17.8112],[102.8261,17.8136],[102.8427,17.8057],[102.8386,17.794],[102.8506,17.786],[102.8436,17.7847],[102.845,17.78],[102.8542,17.776],[102.8455,17.7616],[102.8502,17.7494],[102.8416,17.7444],[102.85,17.7282],[102.8329,17.7156],[102.8307,17.6935],[102.7841,17.6825],[102.773,17.664],[102.7744,17.6473],[102.7603,17.642],[102.7665,17.6199],[102.7409,17.6204],[102.7315,17.6035],[102.7126,17.6057],[102.6945,17.621],[102.668,17.5963],[102.6506,17.5938],[102.647,17.6143],[102.6137,17.6247],[102.5958,17.6229],[102.6032,17.6432],[102.5969,17.6708],[102.6004,17.6808],[102.6119,17.6835],[102.5404,17.7429],[102.5326,17.7595],[102.5201,17.763],[102.469,17.753],[102.4522,17.7614],[102.4492,17.7713],[102.4396,17.7678],[102.4372,17.7781],[102.4428,17.7839],[102.4289,17.7957],[102.4411,17.8207],[102.4248,17.8205],[102.4101,17.8331],[102.4098,17.8411],[102.4001,17.8436],[102.4031,17.8552],[102.3955,17.8644],[102.4002,17.8766],[102.3873,17.8984],[102.3677,17.904],[102.3662,17.9153],[102.3572,17.9165],[102.3558,17.9244],[102.3232,17.9349],[102.3092,17.947],[102.2911,17.9714],[102.2955,17.9831],[102.2815,17.9932],[102.2759,17.9806],[102.2455,17.9922],[102.2313,18.0057],[102.2085,18.0067],[102.2004,18.015],[102.2033,18.0222],[102.1699,18.0069],[102.1557,17.9901],[102.1486,17.9922],[102.1399,18.007],[102.1427,18.0353],[102.1042,18.0294],[102.1131,18.0543],[102.0997,18.0726],[102.1004,18.0817],[102.0837,18.079],[102.0581,18.0862]]]}},{"type":"Feature","properties":{"pcode":"TH42","name_en":"Loei","name_th":"เลย"},"geometry":{"type":"Polygon","coordinates":[[[102.095,18.2171],[102.0811,18.2188],[102.0433,18.1987],[102.0254,18.1519],[101.9949,18.1245],[101.9823,18.1213],[101.9621,18.1026],[101.9541,18.1038],[101.9537,18.0926],[101.9388,18.0823],[101.9051,18.0305],[101.8739,18.0291],[101.8254,18.0599],[101.7946,18.065],[101.7867,18.0717],[101.7809,18.0681],[101.7567,18.0363],[101.7541,18.0066],[101.7288,17.9481],[101.7329,17.9234],[101.723,17.9109],[101.7092,17.903],[101.6939,17.9131],[101.6502,17.8966],[101.617,17.8936],[101.6011,17.8551],[101.5923,17.8492],[101.5809,17.8678],[101.574,17.869],[101.5516,17.8104],[101.5676,17.8029],[101.5744,17.7849],[101.5504,17.7887],[101.5383,17.7752],[101.5216,17.7765],[101.4973,17.7549],[101.5025,17.7451],[101.495,17.7401],[101.4912,17.7243],[101.4851,17.7268],[101.4909,17.746],[101.4754,17.7481],[101.4824,17.7605],[101.4633,17.7543],[101.4662,17.7472],[101.455,17.7465],[101.4461,17.729],[101.4243,17.7373],[101.4197,17.7301],[101.416,17.7356],[101.4016,17.7342],[101.3968,17.7291],[101.4011,17.7237],[101.4188,17.7246],[101.4305,17.7156],[101.4056,17.7003],[101.4082,17.6888],[101.4009,17.6828],[101.3824,17.698],[101.3779,17.6823],[101.3613,17.6813],[101.3464,17.6598],[101.3059,17.6505],[101.3098,17.6355],[101.2948,17.631],[101.2802,17.608],[101.2743,17.6114],[101.2595,17.5982],[101.2473,17.5616],[101.2414,17.5532],[101.2322,17.5544],[101.2292,17.5359],[101.1756,17.5247],[101.1828,17.4979],[101.1632,17.4914],[101.1678,17.4804],[101.1608,17.4673],[101.1497,17.4668],[101.1458,17.4788],[101.1311,17.4731],[101.1357,17.4834],[101.1103,17.4799],[101.1068,17.4926],[101.094,17.4958],[101.1028,17.5092],[101.08,17.5029],[101.0615,17.5127],[101.0607,17.527],[101.0463,17.5303],[101.0456,17.5451],[101.0402,17.5413],[101.0239,17.5577],[101.0028,17.5568],[100.9927,17.5668],[100.9637,17.5754],[100.928,17.5693],[100.9039,17.5919],[100.8728,17.5764],[100.8609,17.5458],[100.8716,17.5284],[100.846,17.5027],[100.8339,17.4728],[100.8553,17.4512],[100.8745,17.4494],[100.8943,17.4656],[100.9164,17.4508],[100.9143,17.4349],[100.9246,17.4205],[100.9127,17.3776],[100.9137,17.3426],[100.9368,17.3354],[100.9437,17.3411],[100.9565,17.3374],[100.97,17.3423],[100.9999,17.3381],[101.0078,17.3322],[101.0107,17.3157],[101.0271,17.3111],[101.0484,17.2862],[101.0828,17.2814],[101.0928,17.2531],[101.1097,17.2336],[101.1077,17.2156],[101.0751,17.1777],[101.08,17.1533],[101.0782,17.1372],[101.0699,17.13],[101.071,17.1156],[101.051,17.1151],[101.0512,17.0962],[101.0565,17.0907],[101.0496,17.078],[101.0582,17.0604],[101.0519,17.0413],[101.0583,17.0288],[101.0424,16.9836],[101.0494,16.9753],[101.0446,16.9665],[101.0514,16.956],[101.0264,16.943],[101.0348,16.9305],[101.0699,16.9262],[101.0669,16.9025],[101.079,16.8996],[101.1004,16.9114],[101.1034,16.9317],[101.1125,16.9395],[101.1107,17.0005],[101.1149,17.0014],[101.1094,17.0033],[101.1151,17.0208],[101.1688,17.0382],[101.1727,17.0537],[101.1884,17.066],[101.2058,17.0687],[101.2227,17.0606],[101.229,17.0671],[101.2252,17.0854],[101.2439,17.1088],[101.2559,17.11],[101.2717,17.0963],[101.2776,17.0981],[101.2989,17.1108],[101.3078,17.1302],[101.3511,17.1678],[101.3824,17.1702],[101.3983,17.178],[101.4525,17.1409],[101.4568,17.126],[101.4521,17.1216],[101.4617,17.1056],[101.4586,17.0988],[101.4773,17.0869],[101.4893,17.0589],[101.4919,17.0331],[101.5043,17.0101],[101.536,17.0227],[101.545,17.0151],[101.5516,16.9947],[101.5752,16.9837],[101.5879,16.9964],[101.613,17.0043],[101.6287,17.0452],[101.6496,17.0423],[101.6468,17.0239],[101.6752,16.9756],[101.6727,16.9522],[101.68,16.9394],[101.6923,16.9362],[101.6787,16.8854],[101.6843,16.8688],[101.677,16.867],[101.6814,16.8573],[101.6886,16.8579],[101.6854,16.8468],[101.6908,16.8486],[101.6931,16.8354],[101.7068,16.83],[101.7219,16.8071],[101.7195,16.7995],[101.6999,16.8094],[101.6864,16.7985],[101.7256,16.7544],[101.7856,16.7622],[101.8626,16.7907],[101.8808,16.811],[101.9015,16.8132],[101.9513,16.8405],[101.9438,16.8526],[101.9564,16.847],[101.9624,16.8523],[101.9739,16.8404],[101.9783,16.8452],[101.9786,16.84],[101.9938,16.84],[101.9992,16.8447],[101.9964,16.8504],[102.0061,16.8552],[101.9994,16.8602],[102.0102,16.8705],[102.0396,16.8583],[102.0443,16.8679],[102.0597,16.8709],[102.0551,16.8758],[102.0684,16.8921],[102.0483,16.9048],[102.0292,16.9507],[102.0509,16.965],[102.0725,16.9632],[102.0913,16.9805],[102.1239,16.994],[102.1554,17.0246],[102.1495,17.0337],[102.1302,17.0374],[102.1203,17.0575],[102.1018,17.0671],[102.1057,17.0811],[102.0999,17.0875],[102.1005,17.1011],[102.0925,17.1025],[102.0889,17.1126],[102.075,17.1106],[102.0373,17.1384],[102.034,17.1482],[102.0408,17.1511],[102.0442,17.1643],[102.0294,17.1858],[102.032,17.1963],[102.0236,17.2043],[102.0283,17.2136],[102.038,17.2203],[102.0777,17.1828],[102.0842,17.1679],[102.0968,17.1771],[102.0936,17.2055],[102.0866,17.2122],[102.0771,17.2482],[102.0603,17.2546],[102.0537,17.2501],[102.0453,17.2628],[102.0344,17.263],[102.0264,17.2812],[102.0134,17.2784],[102.0147,17.2878],[101.9836,17.3163],[101.9903,17.3341],[102.0114,17.3342],[102.0207,17.3451],[102.0143,17.3578],[102.018,17.3739],[101.9817,17.4138],[101.9928,17.4202],[101.9875,17.4542],[101.9956,17.4605],[102.0464,17.4558],[102.0524,17.4491],[102.0867,17.4654],[102.1051,17.4468],[102.1159,17.4561],[102.1215,17.4519],[102.1292,17.4608],[102.1225,17.4708],[102.1134,17.4674],[102.1045,17.4761],[102.1285,17.492],[102.1254,17.509],[102.1354,17.5088],[102.1398,17.5275],[102.1328,17.5411],[102.1344,17.5557],[102.1189,17.5688],[102.1064,17.6077],[102.0959,17.6152],[102.0782,17.6464],[102.0613,17.657],[102.0364,17.6503],[102.0392,17.664],[102.0264,17.6769],[102.0297,17.7002],[102.0176,17.7471],[102.0298,17.7859],[102.0457,17.7901],[102.0364,17.8057],[102.0476,17.8201],[102.0524,17.8718],[102.0379,17.8856],[102.0388,17.9077],[102.0245,17.9557],[102.0271,17.9689],[102.0157,17.9809],[102.0256,17.9913],[102.0424,17.9894],[102.0372,18.0226],[102.054,18.0363],[102.0526,18.0785],[102.0679,18.143],[102.0866,18.1599],[102.1021,18.163],[102.1057,18.2135],[102.095,18.2171]]]}},{"type":"Feature","properties":{"pcode":"TH43","name_en":"Nong Khai","name_th":"หนองคาย"},"geometry":{"type":"Polygon","coordinates":[[[103.2985,18.297],[103.2986,18.3052],[103.2821,18.2946],[103.1681,18.2578],[103.1509,18.2288],[103.1555,18.1981],[103.1495,18.1763],[103.1327,18.1587],[103.0811,18.1268],[103.072,18.075],[103.0795,18.0371],[103.0406,17.9819],[103.0158,17.9738],[102.9916,17.994],[102.9545,18.0052],[102.9009,17.9825],[102.8604,17.9737],[102.8189,17.9417],[102.7842,17.9329],[102.7597,17.8946],[102.6888,17.8706],[102.6762,17.8441],[102.6963,17.8175],[102.6787,17.8039],[102.6647,17.8071],[102.6374,17.832],[102.5917,17.8387],[102.5925,17.8579],[102.6133,17.9096],[102.6137,17.9416],[102.6041,17.9545],[102.5553,17.97],[102.5305,17.9634],[102.5095,17.9712],[102.4833,17.9666],[102.46,17.9709],[102.4154,17.9931],[102.3476,18.0457],[102.2915,18.0571],[102.1853,18.1481],[102.1624,18.2044],[102.1441,18.206],[102.1345,18.2159],[102.1057,18.2135],[102.1021,18.163],[102.0866,18.1599],[102.0684,18.1438],[102.0551,18.0862],[102.0837,18.079],[102.1003,18.0819],[102.0997,18.0726],[102.1131,18.0543],[102.1042,18.0294],[102.1427,18.0353],[102.1399,18.007],[102.1486,17.9922],[102.1557,17.9901],[102.1699,18.0069],[102.2033,18.0222],[102.2004,18.015],[102.2085,18.0067],[102.2313,18.0057],[102.2455,17.9922],[102.2759,17.9806],[102.2815,17.9932],[102.2955,17.9831],[102.2911,17.9714],[102.3092,17.947],[102.3232,17.9349],[102.3558,17.9244],[102.3572,17.9165],[102.3662,17.9153],[102.3677,17.904],[102.3873,17.8984],[102.4002,17.8766],[102.3955,17.8644],[102.4031,17.8552],[102.4001,17.8436],[102.4098,17.8411],[102.4101,17.8331],[102.4248,17.8205],[102.4411,17.8207],[102.4289,17.7957],[102.4428,17.7839],[102.4372,17.7781],[102.4396,17.7678],[102.4492,17.7713],[102.4522,17.7614],[102.469,17.753],[102.5279,17.7622],[102.5404,17.7429],[102.607,17.6908],[102.6119,17.6835],[102.6004,17.6808],[102.5968,17.6703],[102.6032,17.6433],[102.5959,17.6228],[102.6137,17.6247],[102.647,17.6143],[102.6506,17.5938],[102.668,17.5963],[102.6945,17.621],[102.7126,17.6057],[102.7315,17.6035],[102.7409,17.6204],[102.7678,17.6214],[102.7603,17.642],[102.7744,17.6473],[102.773,17.664],[102.7841,17.6825],[102.8307,17.6935],[102.8329,17.7156],[102.85,17.7282],[102.8416,17.7444],[102.8502,17.7494],[102.8455,17.7616],[102.8541,17.7762],[102.845,17.78],[102.8436,17.7847],[102.8506,17.786],[102.8386,17.794],[102.8427,17.8057],[102.8261,17.8136],[102.8389,17.8112],[102.8409,17.8206],[102.8356,17.8217],[102.851,17.8268],[102.844,17.8365],[102.8691,17.8465],[102.865,17.8556],[102.8734,17.8573],[102.8743,17.8647],[102.8677,17.8761],[102.8696,17.8879],[102.8834,17.8983],[102.8938,17.8912],[102.9274,17.8931],[102.9337,17.8877],[102.9442,17.8555],[102.9689,17.8237],[102.9818,17.83],[102.9884,17.8435],[103.0042,17.8421],[103.0044,17.8623],[103.0121,17.8622],[103.0125,17.8758],[103.0383,17.8777],[103.038,17.8916],[103.0445,17.893],[103.0518,17.8801],[103.078,17.8857],[103.0824,17.8739],[103.0953,17.8659],[103.0998,17.8702],[103.1006,17.8566],[103.1085,17.8544],[103.1074,17.8614],[103.1142,17.861],[103.1171,17.8444],[103.128,17.8433],[103.1228,17.832],[103.1356,17.8247],[103.132,17.8157],[103.1536,17.8027],[103.1668,17.8142],[103.175,17.8536],[103.1909,17.8717],[103.1999,17.8658],[103.2083,17.8732],[103.2208,17.8705],[103.2391,17.8796],[103.2397,17.8858],[103.2662,17.8655],[103.2692,17.8495],[103.291,17.8307],[103.3123,17.825],[103.3296,17.8244],[103.3423,17.851],[103.3668,17.8577],[103.3762,17.8666],[103.3734,17.8751],[103.3897,17.8699],[103.398,17.885],[103.394,17.9011],[103.3997,17.9046],[103.4003,17.9215],[103.394,17.9303],[103.4129,17.9332],[103.4044,17.943],[103.4088,17.9495],[103.3891,17.9575],[103.3919,17.9793],[103.3867,17.9806],[103.3912,17.9869],[103.3994,17.9816],[103.4065,18.006],[103.3961,18.0096],[103.3909,18.0255],[103.3746,18.0336],[103.3535,18.027],[103.3566,18.0347],[103.3503,18.0472],[103.3132,18.0573],[103.2998,18.0851],[103.3139,18.1028],[103.2921,18.1087],[103.2948,18.1197],[103.3072,18.126],[103.3171,18.123],[103.3234,18.1337],[103.3366,18.1366],[103.3356,18.1521],[103.3666,18.1643],[103.3606,18.1724],[103.3425,18.1755],[103.3406,18.1945],[103.3291,18.2107],[103.281,18.2355],[103.2705,18.2354],[103.2613,18.2445],[103.2652,18.2495],[103.2593,18.2491],[103.261,18.2656],[103.2666,18.2601],[103.2756,18.2691],[103.2859,18.2648],[103.2862,18.2731],[103.2947,18.2719],[103.2896,18.2779],[103.2967,18.2804],[103.2985,18.297]]]}},{"type":"Feature","properties":{"pcode":"TH44","name_en":"Maha Sarakham","name_th":"มหาสารคาม"},"geometry":{"type":"Polygon","coordinates":[[[103.1562,16.6425],[103.1499,16.6425],[103.1527,16.6106],[103.12,16.5922],[103.1188,16.5667],[103.1043,16.5541],[103.0809,16.5109],[103.0425,16.4906],[103.0327,16.5014],[103.0191,16.4734],[102.967,16.4571],[102.9612,16.449],[102.9533,16.4512],[102.9549,16.4422],[102.9474,16.4416],[102.9483,16.4223],[102.9592,16.4266],[102.9565,16.4129],[102.9468,16.4097],[102.9458,16.4029],[102.9565,16.3987],[102.9494,16.3892],[102.941,16.3932],[102.9395,16.3855],[102.9357,16.3887],[102.9379,16.377],[102.9207,16.3775],[102.9275,16.367],[102.9175,16.3694],[102.9051,16.3579],[102.9088,16.3497],[102.8985,16.3489],[102.8945,16.3157],[102.8674,16.2994],[102.8456,16.2728],[102.8506,16.2566],[102.8446,16.2332],[102.8515,16.2225],[102.8433,16.2113],[102.8482,16.199],[102.8449,16.1735],[102.8572,16.1586],[102.8432,16.1457],[102.8545,16.126],[102.8676,16.1254],[102.8688,16.1187],[102.8481,16.0723],[102.8614,16.059],[102.859,16.039],[102.8743,16.0386],[102.8914,16.0294],[102.895,16.0214],[102.8841,16.0168],[102.8854,16.0112],[102.9093,15.9853],[102.8898,15.933],[102.9156,15.8815],[102.9253,15.8802],[102.9193,15.8238],[102.9311,15.8156],[102.9288,15.7927],[102.9333,15.7949],[102.9398,15.7843],[102.9413,15.7661],[102.971,15.7573],[102.9861,15.7343],[103.0054,15.7286],[103.0026,15.7178],[103.0111,15.7035],[103.0074,15.6892],[102.9758,15.671],[102.9745,15.6608],[102.9948,15.6481],[102.9927,15.6398],[103.0124,15.6284],[103.0127,15.6154],[103.026,15.6004],[103.0528,15.5927],[103.0459,15.5641],[103.0774,15.5425],[103.0813,15.5467],[103.0905,15.5334],[103.0889,15.5257],[103.0831,15.5277],[103.0839,15.5173],[103.0748,15.5128],[103.0728,15.4975],[103.1113,15.4813],[103.2154,15.4612],[103.2244,15.4485],[103.2508,15.4483],[103.2695,15.4233],[103.3272,15.4142],[103.3415,15.4059],[103.4033,15.4365],[103.4008,15.445],[103.4209,15.5059],[103.421,15.5242],[103.4267,15.5249],[103.4244,15.5327],[103.4113,15.5401],[103.3841,15.5386],[103.3603,15.5262],[103.3547,15.5414],[103.3027,15.5622],[103.2939,15.5932],[103.2822,15.593],[103.2737,15.6017],[103.2756,15.6112],[103.2892,15.6208],[103.299,15.6489],[103.2669,15.6506],[103.2811,15.6588],[103.2854,15.6743],[103.2985,15.6845],[103.2919,15.6926],[103.3084,15.6936],[103.3082,15.7028],[103.301,15.7064],[103.3169,15.7084],[103.3273,15.6984],[103.3517,15.7258],[103.3881,15.7098],[103.4051,15.7098],[103.4223,15.7257],[103.4207,15.7398],[103.4101,15.7447],[103.4003,15.76],[103.4256,15.7732],[103.4399,15.8003],[103.4341,15.8085],[103.4403,15.8158],[103.4374,15.8387],[103.4441,15.8688],[103.4577,15.8944],[103.4573,15.9082],[103.4883,15.9314],[103.463,15.9717],[103.4604,16.0242],[103.4706,16.0461],[103.4536,16.0835],[103.4575,16.1216],[103.4804,16.1458],[103.4904,16.1715],[103.4853,16.1848],[103.5013,16.1938],[103.504,16.2081],[103.4923,16.2027],[103.4797,16.2083],[103.4717,16.1923],[103.452,16.1822],[103.4482,16.1917],[103.456,16.1915],[103.4442,16.1983],[103.4506,16.2048],[103.4402,16.2061],[103.4485,16.2127],[103.443,16.2164],[103.4482,16.2176],[103.447,16.2276],[103.4388,16.2201],[103.4323,16.2333],[103.414,16.2397],[103.4045,16.2566],[103.4131,16.2807],[103.4078,16.2948],[103.3957,16.2927],[103.3538,16.3084],[103.3436,16.3602],[103.3004,16.3695],[103.2904,16.3954],[103.26,16.3762],[103.2479,16.3796],[103.1754,16.3634],[103.1635,16.3891],[103.1856,16.4352],[103.1847,16.4478],[103.1672,16.4669],[103.1629,16.4996],[103.1871,16.5516],[103.1675,16.6029],[103.1961,16.6309],[103.1903,16.6403],[103.1562,16.6425]]]}},{"type":"Feature","properties":{"pcode":"TH45","name_en":"Roi Et","name_th":"ร้อยเอ็ด"},"geometry":{"type":"Polygon","coordinates":[[[104.314,16.4376],[104.3092,16.4562],[104.2912,16.4728],[104.2849,16.4507],[104.2661,16.4368],[104.2462,16.4362],[104.2379,16.4286],[104.2179,16.4378],[104.1898,16.43],[104.1707,16.4461],[104.1466,16.4384],[104.1454,16.429],[104.1366,16.4241],[104.1288,16.4287],[104.0982,16.4216],[104.0848,16.4092],[104.0711,16.4101],[104.0654,16.3976],[104.0455,16.3909],[104.0355,16.4158],[104.0378,16.4366],[104.03,16.4435],[104.0005,16.4455],[103.976,16.4309],[103.9479,16.444],[103.9285,16.4343],[103.9145,16.4392],[103.9102,16.4533],[103.9043,16.4474],[103.8852,16.4538],[103.8664,16.4711],[103.8442,16.4621],[103.8269,16.4707],[103.8165,16.4689],[103.8063,16.4543],[103.7739,16.4355],[103.7685,16.425],[103.7269,16.406],[103.7002,16.3741],[103.728,16.3456],[103.7229,16.3303],[103.7561,16.3001],[103.7504,16.2872],[103.7548,16.2694],[103.7339,16.2475],[103.7339,16.223],[103.7134,16.2185],[103.691,16.2255],[103.697,16.2163],[103.6897,16.2172],[103.6859,16.2108],[103.6855,16.2177],[103.6746,16.2118],[103.6649,16.2215],[103.6631,16.2092],[103.6758,16.2016],[103.6614,16.1926],[103.6531,16.204],[103.6512,16.1885],[103.6439,16.1935],[103.6369,16.1868],[103.6174,16.2176],[103.6003,16.2153],[103.6128,16.2151],[103.6194,16.2045],[103.599,16.1925],[103.5958,16.2024],[103.5892,16.1944],[103.5508,16.2036],[103.549,16.2082],[103.5603,16.2179],[103.5372,16.2114],[103.5399,16.2225],[103.5323,16.2192],[103.5213,16.1959],[103.5023,16.1997],[103.4973,16.19],[103.4903,16.1905],[103.4853,16.1847],[103.4903,16.171],[103.4804,16.1458],[103.4577,16.1223],[103.4534,16.0852],[103.4706,16.0461],[103.4604,16.0242],[103.4631,15.9717],[103.4883,15.9314],[103.4573,15.9082],[103.4577,15.8944],[103.4441,15.8688],[103.4374,15.8387],[103.4403,15.8158],[103.4341,15.8085],[103.4399,15.8003],[103.4256,15.7732],[103.4003,15.76],[103.4101,15.7447],[103.4207,15.7398],[103.4234,15.7283],[103.4051,15.7098],[103.3881,15.7098],[103.3517,15.7258],[103.3273,15.6984],[103.3169,15.7084],[103.301,15.7064],[103.3082,15.7028],[103.3084,15.6936],[103.2919,15.6926],[103.2985,15.6845],[103.2854,15.6743],[103.2811,15.6588],[103.2669,15.6504],[103.299,15.6489],[103.2892,15.6208],[103.2756,15.6112],[103.2737,15.6017],[103.2822,15.593],[103.2939,15.5932],[103.3027,15.5622],[103.3547,15.5414],[103.3603,15.5262],[103.3841,15.5386],[103.4113,15.5401],[103.4244,15.5329],[103.4267,15.5249],[103.421,15.5242],[103.4209,15.5059],[103.4008,15.445],[103.4033,15.4365],[103.4455,15.4562],[103.4802,15.4522],[103.4922,15.4382],[103.5034,15.4393],[103.516,15.4286],[103.5324,15.4264],[103.5429,15.4395],[103.55,15.4384],[103.5554,15.4545],[103.5617,15.4524],[103.5794,15.4658],[103.6067,15.4689],[103.6229,15.4668],[103.6294,15.4575],[103.6486,15.458],[103.6718,15.4442],[103.6883,15.4492],[103.7036,15.4416],[103.7155,15.447],[103.7243,15.438],[103.7325,15.4442],[103.738,15.4397],[103.7438,15.4477],[103.7562,15.4377],[103.7708,15.4394],[103.7741,15.4346],[103.7807,15.4424],[103.8284,15.4513],[103.8324,15.4606],[103.8471,15.4558],[103.8531,15.4664],[103.8588,15.4492],[103.8774,15.4684],[103.8864,15.4539],[103.8904,15.4694],[103.8992,15.4415],[103.9046,15.4432],[103.9092,15.4359],[103.9237,15.4392],[103.9301,15.4321],[103.9456,15.4389],[103.9479,15.4332],[103.9415,15.4278],[103.9498,15.4129],[103.9744,15.4265],[103.9712,15.4074],[103.9842,15.4049],[103.9914,15.4132],[103.9967,15.4491],[104.0164,15.4616],[104.0316,15.4892],[104.06,15.5024],[104.0555,15.5154],[104.0663,15.5238],[104.0741,15.5225],[104.0741,15.5401],[104.0857,15.5506],[104.1056,15.5467],[104.0995,15.5674],[104.1197,15.5615],[104.122,15.5778],[104.1611,15.6028],[104.2095,15.609],[104.2104,15.6182],[104.1873,15.609],[104.182,15.6213],[104.1906,15.633],[104.1701,15.6325],[104.1787,15.6391],[104.1719,15.6602],[104.1841,15.6567],[104.1875,15.6655],[104.1752,15.664],[104.1768,15.6717],[104.1521,15.6907],[104.1421,15.7056],[104.1483,15.7122],[104.1391,15.7113],[104.1282,15.696],[104.1181,15.7022],[104.1304,15.7054],[104.1324,15.7434],[104.1418,15.7515],[104.1331,15.7541],[104.1275,15.7684],[104.1395,15.7841],[104.1335,15.8006],[104.111,15.807],[104.0968,15.825],[104.0743,15.8394],[104.0697,15.8296],[104.0796,15.8246],[104.0754,15.8179],[104.0347,15.7961],[104.0005,15.7956],[103.9978,15.8144],[104.0051,15.8117],[104.005,15.8173],[104.0141,15.8174],[104.0074,15.8314],[104.0173,15.8304],[104.0127,15.8448],[104.021,15.8395],[104.0186,15.848],[104.0277,15.8519],[104.029,15.8603],[104.0197,15.8672],[104.0367,15.8683],[104.0236,15.8703],[104.0322,15.8751],[104.0151,15.8859],[104.0213,15.8911],[104.015,15.8925],[104.0195,15.9062],[104.014,15.9107],[104.0237,15.9118],[104.0359,15.9409],[104.0274,15.9606],[104.0158,15.9491],[104.0112,15.9581],[104.0284,15.9844],[104.0613,15.9882],[104.0947,15.977],[104.1029,15.9842],[104.1073,15.9975],[104.1023,16.0063],[104.1141,16.0357],[104.1016,16.05],[104.0952,16.075],[104.1087,16.1072],[104.1217,16.117],[104.1377,16.1097],[104.1518,16.1178],[104.1541,16.1295],[104.1632,16.1317],[104.1731,16.148],[104.1981,16.1504],[104.2074,16.1642],[104.211,16.1573],[104.2211,16.1605],[104.2468,16.1926],[104.25,16.219],[104.2983,16.2397],[104.2969,16.2529],[104.3226,16.2649],[104.3435,16.291],[104.348,16.3232],[104.3254,16.3342],[104.314,16.4376]]]}},{"type":"Feature","properties":{"pcode":"TH46","name_en":"Kalasin","name_th":"กาฬสินธุ์"},"geometry":{"type":"Polygon","coordinates":[[[103.584,17.0998],[103.5778,17.1017],[103.5753,17.0909],[103.548,17.0888],[103.5477,17.0796],[103.535,17.0709],[103.5371,17.0658],[103.5198,17.0592],[103.5188,17.0497],[103.5074,17.0442],[103.5143,17.0435],[103.5112,17.0363],[103.5187,17.0342],[103.52,16.9988],[103.502,16.9826],[103.5003,16.9683],[103.4944,16.9699],[103.4941,16.9524],[103.4867,16.9402],[103.4938,16.9274],[103.491,16.9028],[103.4842,16.9038],[103.4797,16.8872],[103.4715,16.8865],[103.47,16.8751],[103.4548,16.8656],[103.4432,16.8474],[103.4497,16.8345],[103.4216,16.8031],[103.4127,16.8084],[103.416,16.8309],[103.4093,16.8496],[103.4008,16.8548],[103.4129,16.863],[103.4044,16.8828],[103.3802,16.9063],[103.371,16.903],[103.3503,16.9212],[103.2893,16.9244],[103.2772,16.9419],[103.2398,16.9614],[103.2302,16.9578],[103.2211,16.9679],[103.2037,16.9582],[103.1984,16.9482],[103.1852,16.947],[103.1757,16.9563],[103.1603,16.9467],[103.1177,16.9625],[103.1109,16.9415],[103.1018,16.9385],[103.0968,16.9145],[103.1211,16.9018],[103.1242,16.892],[103.1205,16.8718],[103.1116,16.8611],[103.1145,16.8531],[103.1022,16.8411],[103.1053,16.826],[103.1234,16.818],[103.137,16.8296],[103.1418,16.8491],[103.1346,16.8723],[103.1751,16.8635],[103.1704,16.8484],[103.1797,16.8395],[103.1789,16.8269],[103.1845,16.8212],[103.1811,16.7893],[103.1712,16.7703],[103.151,16.7625],[103.1458,16.7537],[103.1589,16.7328],[103.1448,16.7019],[103.1596,16.6745],[103.1513,16.6617],[103.1524,16.6436],[103.1903,16.6403],[103.1961,16.6309],[103.1675,16.6029],[103.1871,16.5516],[103.1629,16.4996],[103.1672,16.4669],[103.1847,16.4478],[103.1856,16.4352],[103.1635,16.3891],[103.1754,16.3634],[103.2479,16.3796],[103.26,16.3762],[103.2904,16.3954],[103.3004,16.3695],[103.3436,16.3602],[103.3538,16.3084],[103.3957,16.2927],[103.4078,16.2948],[103.4131,16.2807],[103.4045,16.2566],[103.414,16.2397],[103.4323,16.2333],[103.4388,16.2201],[103.447,16.2276],[103.4482,16.2176],[103.443,16.2164],[103.4485,16.2127],[103.4402,16.2061],[103.4506,16.2048],[103.4442,16.1983],[103.4559,16.1917],[103.4482,16.1917],[103.4525,16.1819],[103.4717,16.1923],[103.48,16.2083],[103.4927,16.2027],[103.5036,16.2086],[103.5017,16.2],[103.5209,16.1956],[103.5323,16.2192],[103.5399,16.2225],[103.5372,16.2114],[103.5603,16.2179],[103.549,16.2082],[103.5508,16.2036],[103.5892,16.1944],[103.5958,16.2024],[103.599,16.1925],[103.6194,16.2045],[103.6128,16.2151],[103.6003,16.2153],[103.6174,16.2176],[103.6369,16.1868],[103.6439,16.1935],[103.6512,16.1885],[103.6531,16.204],[103.6614,16.1926],[103.6758,16.2016],[103.6631,16.2092],[103.6649,16.2215],[103.6746,16.2118],[103.6855,16.2177],[103.6859,16.2108],[103.6897,16.2172],[103.697,16.2163],[103.691,16.2255],[103.7134,16.2185],[103.7339,16.223],[103.7339,16.2475],[103.7548,16.2694],[103.7504,16.2872],[103.7561,16.3001],[103.7229,16.3303],[103.728,16.3456],[103.7002,16.3741],[103.7269,16.406],[103.7685,16.425],[103.7739,16.4355],[103.8063,16.4543],[103.8165,16.4689],[103.8269,16.4707],[103.8442,16.4621],[103.8664,16.4711],[103.8852,16.4538],[103.9043,16.4474],[103.9102,16.4533],[103.9145,16.4392],[103.9285,16.4343],[103.9479,16.444],[103.976,16.4309],[104.0005,16.4455],[104.03,16.4435],[104.0378,16.4366],[104.0355,16.4158],[104.0455,16.3909],[104.0654,16.3976],[104.0711,16.4101],[104.0848,16.4092],[104.0982,16.4216],[104.1288,16.4287],[104.1366,16.4241],[104.1454,16.429],[104.1466,16.4384],[104.1707,16.4461],[104.1897,16.43],[104.2179,16.4378],[104.2379,16.4286],[104.2385,16.4545],[104.2246,16.4685],[104.2264,16.4793],[104.2389,16.4921],[104.2405,16.5181],[104.2225,16.5289],[104.226,16.5514],[104.2055,16.5652],[104.2051,16.5841],[104.1776,16.597],[104.1732,16.6089],[104.1802,16.6246],[104.175,16.6364],[104.1947,16.6499],[104.1991,16.66],[104.162,16.6793],[104.1703,16.6972],[104.154,16.6986],[104.1508,16.7159],[104.1311,16.739],[104.131,16.7485],[104.1431,16.76],[104.1355,16.7712],[104.1139,16.7668],[104.0943,16.7903],[104.0918,16.8106],[104.0787,16.8109],[104.0724,16.8173],[104.0689,16.8379],[104.0445,16.8426],[104.0228,16.8559],[104.0002,16.837],[103.9817,16.8351],[103.9695,16.8116],[103.9562,16.819],[103.949,16.7886],[103.9527,16.7791],[103.9376,16.7727],[103.9351,16.7879],[103.9232,16.7891],[103.888,16.8164],[103.875,16.8185],[103.8695,16.8324],[103.8437,16.8392],[103.8355,16.8492],[103.8357,16.8651],[103.8243,16.8659],[103.8216,16.8745],[103.8076,16.8775],[103.806,16.8846],[103.7891,16.8883],[103.7923,16.8957],[103.7813,16.909],[103.776,16.9424],[103.7834,16.9586],[103.75,16.9733],[103.74,16.9713],[103.7386,16.9903],[103.7209,16.9809],[103.729,17.0068],[103.6947,17.0339],[103.6773,17.0318],[103.6724,17.02],[103.6484,17.0224],[103.6529,17.0476],[103.64,17.0582],[103.639,17.0705],[103.6278,17.0765],[103.6207,17.0929],[103.6072,17.0996],[103.602,17.0951],[103.6012,17.1001],[103.5917,17.0938],[103.584,17.0998]]]}},{"type":"Feature","properties":{"pcode":"TH47","name_en":"Sakon Nakhon","name_th":"สกลนคร"},"geometry":{"type":"Polygon","coordinates":[[[103.5404,18.0678],[103.5387,18.0729],[103.5467,18.0779],[103.5403,18.0889],[103.5367,18.0682],[103.5272,18.0664],[103.5145,18.0741],[103.5045,18.0682],[103.5044,18.0583],[103.4969,18.0653],[103.4933,18.0601],[103.4981,18.0418],[103.4913,18.0377],[103.4981,18.0274],[103.4947,18.0174],[103.5039,18.0023],[103.5033,17.9959],[103.4942,17.9939],[103.4981,17.9903],[103.4914,17.9879],[103.4715,18.0052],[103.4733,17.9987],[103.4686,18.0006],[103.4643,17.9891],[103.449,17.9944],[103.4386,17.9843],[103.4464,17.9753],[103.4515,17.9776],[103.446,17.9671],[103.4389,17.9691],[103.4392,17.9751],[103.4263,17.9759],[103.4299,17.9831],[103.4095,17.9867],[103.4071,17.9935],[103.3992,17.9814],[103.3912,17.9869],[103.3867,17.9809],[103.3919,17.9793],[103.3891,17.9575],[103.4078,17.9505],[103.4044,17.943],[103.4128,17.9339],[103.3985,17.9285],[103.3951,17.9331],[103.3944,17.9243],[103.4003,17.9215],[103.3967,17.9079],[103.4129,17.9011],[103.4178,17.8825],[103.4056,17.8774],[103.4069,17.8587],[103.3937,17.8557],[103.3983,17.8459],[103.405,17.85],[103.4226,17.842],[103.4133,17.8342],[103.4023,17.843],[103.3998,17.8306],[103.3948,17.8328],[103.3976,17.8427],[103.3801,17.8399],[103.39,17.8292],[103.3748,17.8136],[103.3819,17.8093],[103.374,17.8025],[103.377,17.7928],[103.3669,17.7901],[103.3843,17.753],[103.4013,17.7575],[103.4093,17.7338],[103.4042,17.7335],[103.4106,17.7293],[103.4008,17.7185],[103.4061,17.7112],[103.4009,17.6849],[103.4073,17.6683],[103.3991,17.6519],[103.4017,17.621],[103.3973,17.6179],[103.4112,17.5951],[103.3761,17.5928],[103.3788,17.5852],[103.3743,17.5792],[103.3605,17.5917],[103.3378,17.5783],[103.3405,17.5695],[103.3312,17.5511],[103.3216,17.5538],[103.3169,17.5238],[103.2865,17.4976],[103.2902,17.4681],[103.2746,17.4398],[103.2836,17.4263],[103.2813,17.4157],[103.3015,17.3899],[103.2724,17.3493],[103.2712,17.3325],[103.2569,17.3277],[103.2507,17.3129],[103.2571,17.3096],[103.2626,17.2895],[103.2745,17.2802],[103.2749,17.2704],[103.2829,17.2664],[103.2866,17.2712],[103.3072,17.2708],[103.3246,17.2643],[103.3286,17.2568],[103.3518,17.2552],[103.3523,17.2443],[103.3612,17.2359],[103.3759,17.2368],[103.3829,17.2279],[103.395,17.2276],[103.4169,17.2124],[103.4278,17.2212],[103.4516,17.2126],[103.4636,17.2176],[103.4703,17.2299],[103.4746,17.2178],[103.5549,17.1719],[103.5679,17.1572],[103.5908,17.1713],[103.6011,17.1693],[103.6139,17.1504],[103.6219,17.1493],[103.6378,17.1119],[103.6564,17.1141],[103.6681,17.1058],[103.6542,17.0738],[103.6663,17.0545],[103.6599,17.0369],[103.6621,17.0196],[103.6742,17.0209],[103.6773,17.0318],[103.6943,17.034],[103.7055,17.0207],[103.7259,17.0106],[103.7302,17.0032],[103.7203,16.9814],[103.7386,16.9903],[103.74,16.9713],[103.75,16.9733],[103.7835,16.9584],[103.776,16.9424],[103.7813,16.909],[103.7923,16.8957],[103.7891,16.8883],[103.806,16.8846],[103.8076,16.8775],[103.8216,16.8745],[103.8243,16.8659],[103.8357,16.8651],[103.8355,16.8492],[103.8437,16.8392],[103.8695,16.8324],[103.875,16.8185],[103.888,16.8164],[103.9232,16.7891],[103.9351,16.7879],[103.9377,16.7727],[103.9527,16.7791],[103.949,16.7886],[103.9562,16.819],[103.9695,16.8116],[103.9817,16.8351],[104.0002,16.837],[104.0228,16.8559],[104.0445,16.8426],[104.0687,16.838],[104.0701,16.8213],[104.1043,16.835],[104.1045,16.852],[104.1238,16.8611],[104.1194,16.8803],[104.1246,16.8885],[104.1779,16.8884],[104.2083,16.873],[104.2179,16.8914],[104.2414,16.8933],[104.2668,16.9204],[104.2858,16.929],[104.3015,16.9271],[104.3211,16.9675],[104.3175,16.9763],[104.3307,16.9753],[104.3513,16.9846],[104.3565,17.0059],[104.3783,17.0171],[104.3919,17.0162],[104.3993,17.0267],[104.3946,17.0375],[104.3832,17.0364],[104.3844,17.0461],[104.3626,17.0573],[104.3618,17.0653],[104.3528,17.0596],[104.3513,17.0685],[104.3622,17.0729],[104.359,17.0953],[104.3652,17.1049],[104.3919,17.1121],[104.3909,17.1228],[104.4088,17.1387],[104.3887,17.1482],[104.3914,17.1779],[104.4353,17.24],[104.4245,17.2476],[104.4259,17.2554],[104.4057,17.2799],[104.4029,17.2996],[104.4031,17.3083],[104.4179,17.315],[104.4233,17.3344],[104.4069,17.3791],[104.4153,17.3953],[104.4099,17.4044],[104.4176,17.4177],[104.4138,17.4269],[104.3975,17.4283],[104.3912,17.4221],[104.3956,17.4151],[104.3861,17.4125],[104.374,17.4207],[104.3395,17.4224],[104.3179,17.4319],[104.288,17.4321],[104.2605,17.4172],[104.2286,17.4136],[104.2078,17.4154],[104.1987,17.4291],[104.1845,17.4223],[104.1807,17.4292],[104.1721,17.4294],[104.17,17.418],[104.176,17.4138],[104.1574,17.4171],[104.1545,17.4073],[104.1443,17.4094],[104.1534,17.3954],[104.1409,17.3962],[104.14,17.3843],[104.1281,17.3806],[104.1258,17.3989],[104.1095,17.3916],[104.1101,17.4018],[104.096,17.4036],[104.0909,17.4018],[104.0962,17.398],[104.0919,17.3896],[104.1017,17.3902],[104.0983,17.3781],[104.0885,17.3762],[104.0911,17.3842],[104.0774,17.3936],[104.073,17.3766],[104.066,17.389],[104.057,17.3896],[104.0589,17.3957],[104.0281,17.4365],[104.0299,17.444],[104.0178,17.4568],[104.0095,17.486],[104.02,17.4875],[104.0408,17.527],[104.0352,17.5635],[104.0514,17.5737],[104.0549,17.5928],[104.0322,17.6183],[104.0365,17.6353],[104.0283,17.6392],[104.0431,17.6463],[104.049,17.638],[104.0673,17.6441],[104.0715,17.6673],[104.0835,17.6707],[104.0782,17.6742],[104.0843,17.6835],[104.0702,17.6794],[104.0664,17.6908],[104.0769,17.694],[104.0693,17.7001],[104.0773,17.7066],[104.0593,17.7258],[104.0684,17.7237],[104.0646,17.7473],[104.0497,17.7389],[104.0574,17.7574],[104.039,17.7696],[104.029,17.7681],[104.0285,17.7568],[104.0235,17.7591],[104.0099,17.7919],[104.021,17.7974],[104.0171,17.8101],[104.0008,17.8076],[104.0004,17.7885],[103.987,17.789],[103.9797,17.7709],[103.9701,17.7797],[103.9732,17.785],[103.9545,17.7769],[103.939,17.7895],[103.9284,17.8142],[103.9178,17.8199],[103.9252,17.8341],[103.9225,17.8554],[103.9153,17.8593],[103.9004,17.8482],[103.9047,17.8807],[103.8754,17.8759],[103.8662,17.8642],[103.868,17.8798],[103.8565,17.8829],[103.8361,17.8702],[103.7959,17.8772],[103.794,17.8713],[103.8108,17.8584],[103.7944,17.842],[103.7646,17.8833],[103.7686,17.891],[103.7868,17.8916],[103.7748,17.9091],[103.7823,17.9316],[103.7646,17.9208],[103.7568,17.9223],[103.7655,17.9557],[103.7494,17.9263],[103.7529,17.9154],[103.7463,17.9113],[103.7218,17.926],[103.7155,17.9429],[103.7044,17.9391],[103.7035,17.9449],[103.6826,17.9559],[103.6613,17.9503],[103.6672,17.9667],[103.6625,17.9735],[103.6517,17.9631],[103.6386,17.9644],[103.6379,17.9767],[103.6254,17.9679],[103.6212,18.0034],[103.6324,18.0045],[103.6407,18.0133],[103.6112,18.0131],[103.606,18.0351],[103.5946,18.0436],[103.5952,18.0497],[103.5812,18.0381],[103.5589,18.0621],[103.5404,18.0678]]]}},{"type":"Feature","properties":{"pcode":"TH48","name_en":"Nakhon Phanom","name_th":"นครพนม"},"geometry":{"type":"Polygon","coordinates":[[[104.192,18.0215],[104.1802,18.0186],[104.1819,18.0133],[104.1742,18.0158],[104.1726,18.0026],[104.1122,18.0053],[104.1175,17.9668],[104.1345,17.9547],[104.1308,17.94],[104.1232,17.9212],[104.1007,17.9089],[104.0738,17.8806],[104.0695,17.8782],[104.0651,17.8853],[104.0697,17.8941],[104.0606,17.8966],[104.0618,17.9037],[104.0305,17.91],[104.0128,17.893],[103.9966,17.8925],[103.9815,17.8585],[104.0016,17.8493],[103.9977,17.8414],[104.0131,17.8303],[104.0093,17.8175],[104.0142,17.818],[104.0116,17.8116],[104.0211,17.7976],[104.0099,17.7919],[104.024,17.7583],[104.0291,17.7575],[104.0292,17.7683],[104.0398,17.7694],[104.0588,17.7551],[104.0498,17.7484],[104.0505,17.7376],[104.0648,17.7471],[104.0684,17.7237],[104.0593,17.7261],[104.0773,17.7066],[104.0693,17.7],[104.0783,17.6966],[104.0664,17.6906],[104.0708,17.679],[104.0842,17.6836],[104.0782,17.6742],[104.0835,17.6707],[104.0715,17.6673],[104.0673,17.6441],[104.049,17.638],[104.0431,17.6463],[104.0283,17.6392],[104.0365,17.6353],[104.0322,17.6183],[104.0549,17.5928],[104.0514,17.5737],[104.0352,17.5635],[104.0408,17.527],[104.02,17.4875],[104.0095,17.486],[104.0178,17.4568],[104.0589,17.3956],[104.057,17.3896],[104.066,17.389],[104.0734,17.3764],[104.0786,17.3933],[104.0939,17.3752],[104.1019,17.3894],[104.0919,17.3894],[104.0962,17.398],[104.0909,17.4018],[104.1075,17.4027],[104.1091,17.3917],[104.1261,17.3988],[104.1312,17.3798],[104.1422,17.3875],[104.1411,17.3963],[104.1531,17.3944],[104.1506,17.4022],[104.1442,17.4023],[104.1448,17.4098],[104.1545,17.4073],[104.1574,17.4171],[104.1757,17.4135],[104.17,17.418],[104.1721,17.4294],[104.1807,17.4292],[104.1815,17.4233],[104.1845,17.4223],[104.1987,17.4291],[104.2078,17.4154],[104.2286,17.4136],[104.2605,17.4172],[104.288,17.4321],[104.3179,17.4319],[104.3395,17.4224],[104.374,17.4207],[104.3861,17.4125],[104.3956,17.4151],[104.3912,17.4221],[104.4012,17.4297],[104.4174,17.421],[104.4099,17.4044],[104.4153,17.3951],[104.4069,17.3791],[104.4229,17.3292],[104.4178,17.3149],[104.4031,17.3083],[104.4029,17.2996],[104.4057,17.2799],[104.4259,17.2554],[104.4245,17.2476],[104.4353,17.24],[104.3914,17.1779],[104.3887,17.1482],[104.4088,17.1387],[104.3909,17.1228],[104.3919,17.1121],[104.3652,17.1049],[104.359,17.0953],[104.3622,17.0729],[104.3513,17.0685],[104.3529,17.0595],[104.3618,17.0654],[104.3626,17.0573],[104.3845,17.0461],[104.3832,17.0364],[104.3946,17.0375],[104.3984,17.023],[104.3565,17.0059],[104.3513,16.9846],[104.3307,16.9753],[104.3175,16.9763],[104.3211,16.9675],[104.3031,16.9287],[104.2856,16.9289],[104.2529,16.9081],[104.2484,16.8719],[104.2589,16.8728],[104.2649,16.8646],[104.2778,16.8625],[104.2777,16.8565],[104.2876,16.8567],[104.296,16.8378],[104.3052,16.8447],[104.3194,16.8747],[104.357,16.8801],[104.3636,16.8768],[104.3622,16.8663],[104.3817,16.8644],[104.3965,16.839],[104.4056,16.8379],[104.4096,16.845],[104.3983,16.8707],[104.4076,16.8962],[104.4415,16.8725],[104.4289,16.857],[104.4366,16.86],[104.4318,16.8498],[104.4408,16.8423],[104.4408,16.8529],[104.4493,16.8562],[104.4455,16.8342],[104.4497,16.8302],[104.4566,16.842],[104.4557,16.8604],[104.4675,16.8537],[104.4675,16.8413],[104.4788,16.8422],[104.4628,16.8625],[104.4674,16.866],[104.4833,16.8536],[104.5053,16.8521],[104.5377,16.8676],[104.5668,16.8633],[104.5924,16.867],[104.6077,16.8606],[104.6283,16.8631],[104.6374,16.8411],[104.636,16.8225],[104.6665,16.7874],[104.6761,16.7958],[104.6924,16.7904],[104.6927,16.824],[104.7006,16.8273],[104.7165,16.8294],[104.7213,16.8091],[104.7373,16.8047],[104.7416,16.8211],[104.7641,16.8485],[104.7363,16.9157],[104.7295,17.0063],[104.7358,17.0299],[104.7594,17.0622],[104.7792,17.106],[104.8023,17.1719],[104.8068,17.3122],[104.7999,17.3948],[104.7523,17.4516],[104.73,17.486],[104.7299,17.4992],[104.7017,17.5295],[104.4665,17.6567],[104.4025,17.7428],[104.3537,17.8246],[104.3359,17.8368],[104.2996,17.8459],[104.2743,17.8651],[104.2235,17.9829],[104.192,18.0215]]]}},{"type":"Feature","properties":{"pcode":"TH49","name_en":"Mukdahan","name_th":"มุกดาหาร"},"geometry":{"type":"Polygon","coordinates":[[[104.2527,16.893],[104.2522,16.9069],[104.2414,16.8933],[104.2179,16.8914],[104.2083,16.873],[104.1779,16.8884],[104.1246,16.8885],[104.1194,16.8803],[104.1238,16.8611],[104.1045,16.852],[104.1043,16.835],[104.0701,16.8213],[104.0786,16.8109],[104.0918,16.8106],[104.0943,16.7903],[104.1139,16.7668],[104.1355,16.7712],[104.1431,16.76],[104.131,16.7485],[104.1311,16.739],[104.1508,16.7159],[104.154,16.6986],[104.1703,16.6972],[104.162,16.6793],[104.1989,16.6606],[104.1947,16.6499],[104.175,16.6364],[104.1802,16.6246],[104.1732,16.6089],[104.1776,16.597],[104.2051,16.5841],[104.2055,16.5652],[104.226,16.5514],[104.2225,16.5289],[104.2405,16.5181],[104.2389,16.4921],[104.2264,16.4793],[104.2246,16.4685],[104.2385,16.4545],[104.2379,16.4286],[104.2462,16.4362],[104.2682,16.4376],[104.2842,16.4499],[104.2904,16.4726],[104.3105,16.4541],[104.3195,16.4221],[104.3151,16.3934],[104.3264,16.3547],[104.326,16.3331],[104.348,16.3232],[104.3666,16.3408],[104.3884,16.3488],[104.4987,16.3402],[104.5108,16.317],[104.5371,16.3182],[104.5505,16.3123],[104.5626,16.285],[104.5559,16.2615],[104.5727,16.2591],[104.5849,16.2372],[104.5976,16.242],[104.6,16.2265],[104.615,16.2156],[104.6279,16.2111],[104.6431,16.2156],[104.658,16.2258],[104.6633,16.244],[104.6698,16.2305],[104.6907,16.2266],[104.6923,16.2154],[104.7037,16.2074],[104.7661,16.1964],[104.7889,16.1994],[104.8118,16.1853],[104.8262,16.205],[104.8549,16.2016],[104.879,16.2105],[104.8856,16.2351],[104.9102,16.2473],[104.9128,16.2555],[104.9312,16.2529],[104.9478,16.262],[104.9599,16.2718],[104.9598,16.2843],[104.9728,16.274],[104.9787,16.2791],[104.9578,16.2925],[104.9276,16.3343],[104.8918,16.3465],[104.8842,16.3715],[104.8626,16.4001],[104.861,16.4266],[104.8444,16.4558],[104.777,16.4932],[104.7426,16.5284],[104.7346,16.5688],[104.7439,16.6356],[104.764,16.7012],[104.7586,16.7414],[104.7465,16.7642],[104.7373,16.8047],[104.7213,16.8091],[104.7165,16.8293],[104.6927,16.8241],[104.6924,16.7904],[104.6761,16.7958],[104.6679,16.7871],[104.636,16.8225],[104.6374,16.8411],[104.6283,16.8631],[104.5668,16.8633],[104.552,16.8693],[104.5272,16.865],[104.5053,16.8521],[104.4833,16.8536],[104.4674,16.866],[104.4628,16.8625],[104.4788,16.8422],[104.4675,16.8413],[104.4675,16.8537],[104.4557,16.8604],[104.4566,16.842],[104.4497,16.8302],[104.4455,16.8342],[104.4493,16.8562],[104.4408,16.8529],[104.4408,16.8423],[104.4318,16.8498],[104.4366,16.86],[104.4289,16.857],[104.4415,16.8725],[104.4076,16.8962],[104.3983,16.8707],[104.4096,16.845],[104.4056,16.8379],[104.3965,16.839],[104.3817,16.8644],[104.3623,16.8662],[104.3633,16.8773],[104.3547,16.8802],[104.3194,16.8747],[104.3052,16.8447],[104.296,16.8378],[104.2876,16.8567],[104.2777,16.8565],[104.2778,16.8625],[104.2649,16.8646],[104.2589,16.8728],[104.2484,16.8719],[104.2527,16.893]]]}},{"type":"Feature","properties":{"pcode":"TH50","name_en":"Chiang Mai","name_th":"เชียงใหม่"},"geometry":{"type":"Polygon","coordinates":[[[99.5251,20.1376],[99.5102,20.1475],[99.4946,20.1334],[99.498,20.1161],[99.4446,20.0984],[99.4385,20.0907],[99.4172,20.0936],[99.4007,20.0861],[99.3785,20.0893],[99.3652,20.0992],[99.3514,20.0964],[99.3322,20.1113],[99.2782,20.1166],[99.2464,20.1128],[99.2321,20.1249],[99.2231,20.1209],[99.2105,20.1325],[99.1923,20.1283],[99.1587,20.133],[99.1261,20.1194],[99.1286,20.1073],[99.1194,20.1011],[99.1005,20.0977],[99.0937,20.1072],[99.0908,20.0975],[99.0777,20.102],[99.0673,20.088],[99.0672,20.0691],[99.0569,20.0636],[99.044,20.0387],[99.0436,20.0163],[99.0543,20.0035],[99.0376,19.9903],[99.032,19.9738],[99.0451,19.949],[99.0427,19.9314],[99.0303,19.9248],[99.0219,19.9273],[99.0289,19.9009],[99.0252,19.8886],[99.0358,19.8857],[99.036,19.8646],[99.0231,19.8174],[99.008,19.8101],[99.009,19.7984],[99.0026,19.7975],[99.0061,19.7876],[98.9944,19.7937],[98.956,19.7698],[98.9298,19.774],[98.9122,19.7616],[98.8987,19.7658],[98.8385,19.814],[98.8314,19.8094],[98.8283,19.7941],[98.796,19.7759],[98.7794,19.7531],[98.7516,19.7603],[98.7383,19.7543],[98.7114,19.7688],[98.7042,19.7582],[98.6659,19.7494],[98.6604,19.7343],[98.6538,19.7401],[98.6258,19.7284],[98.6233,19.7139],[98.6164,19.7174],[98.6079,19.7092],[98.59,19.7157],[98.5716,19.7039],[98.5664,19.6722],[98.5394,19.6884],[98.5299,19.7052],[98.511,19.7174],[98.5057,19.7098],[98.4678,19.6947],[98.4721,19.6563],[98.4814,19.6547],[98.5043,19.6312],[98.5215,19.6262],[98.5266,19.6137],[98.5402,19.6111],[98.5357,19.6018],[98.5423,19.5585],[98.5659,19.5469],[98.5616,19.5307],[98.5682,19.5076],[98.577,19.5118],[98.5952,19.4897],[98.5925,19.4837],[98.6001,19.4701],[98.5913,19.4629],[98.5845,19.4264],[98.5856,19.4152],[98.5963,19.4073],[98.5879,19.3982],[98.5773,19.3987],[98.573,19.3873],[98.5815,19.3662],[98.5965,19.3625],[98.5901,19.3533],[98.594,19.3397],[98.5891,19.3324],[98.6023,19.3103],[98.5943,19.2892],[98.6049,19.2798],[98.5873,19.2554],[98.5989,19.229],[98.568,19.2099],[98.5856,19.1861],[98.6056,19.1809],[98.6075,19.173],[98.6228,19.1681],[98.6229,19.1577],[98.6383,19.1547],[98.6441,19.1052],[98.6522,19.0943],[98.649,19.0811],[98.6388,19.0664],[98.621,19.0679],[98.595,19.0433],[98.5692,19.0462],[98.5419,19.0262],[98.4396,19.0486],[98.4202,19.0272],[98.4008,19.0364],[98.393,19.0553],[98.3727,19.0666],[98.3718,19.0846],[98.3527,19.0912],[98.3429,19.1225],[98.3497,19.1319],[98.3392,19.1431],[98.3418,19.1516],[98.3204,19.1559],[98.2654,19.152],[98.252,19.1609],[98.2431,19.1535],[98.2405,19.1397],[98.2506,19.1083],[98.2382,19.1023],[98.2086,19.0627],[98.2052,19.0488],[98.1844,19.0318],[98.1859,19.0147],[98.1692,18.9988],[98.1636,18.981],[98.1726,18.9513],[98.1664,18.9395],[98.1566,18.937],[98.1573,18.9202],[98.1436,18.9116],[98.1298,18.9118],[98.0921,18.8702],[98.0784,18.8214],[98.0883,18.8044],[98.0861,18.793],[98.0932,18.7766],[98.1076,18.7802],[98.1219,18.7755],[98.1207,18.7591],[98.0937,18.7383],[98.1022,18.7355],[98.1077,18.7133],[98.1002,18.7039],[98.1073,18.6882],[98.1048,18.677],[98.1127,18.6703],[98.1054,18.6486],[98.1181,18.6345],[98.1437,18.6394],[98.1611,18.6264],[98.1828,18.6252],[98.1824,18.6097],[98.2107,18.6072],[98.2129,18.5909],[98.2274,18.5867],[98.2372,18.5693],[98.232,18.5572],[98.2093,18.538],[98.1752,18.5472],[98.1703,18.5251],[98.1629,18.5248],[98.1543,18.5124],[98.1224,18.5026],[98.1056,18.4583],[98.0827,18.4459],[98.074,18.4294],[98.0826,18.4178],[98.0937,18.4214],[98.1258,18.4064],[98.1228,18.3945],[98.1356,18.3857],[98.1454,18.363],[98.1976,18.3333],[98.2082,18.3076],[98.1933,18.2851],[98.1528,18.2864],[98.1384,18.2812],[98.1356,18.2681],[98.1429,18.2522],[98.139,18.2404],[98.1504,18.2245],[98.169,18.2227],[98.1662,18.2046],[98.1761,18.1921],[98.1666,18.1822],[98.167,18.1682],[98.1558,18.1637],[98.168,18.1412],[98.1629,18.1338],[98.1654,18.1194],[98.1907,18.114],[98.206,18.0884],[98.2235,18.0902],[98.2303,18.0987],[98.2335,18.0919],[98.2285,18.0885],[98.2427,18.088],[98.2427,18.0777],[98.2537,18.0789],[98.2565,18.0877],[98.2723,18.0871],[98.2718,18.083],[98.2868,18.085],[98.2894,18.0753],[98.2767,18.0525],[98.2638,18.0497],[98.254,18.0266],[98.2431,18.0193],[98.2462,17.9896],[98.1837,17.9812],[98.1799,17.9719],[98.1616,17.9705],[98.1435,17.9354],[98.0989,17.9626],[98.056,17.952],[98.0468,17.943],[98.0234,17.9368],[98.0166,17.92],[98.0111,17.9271],[98.0088,17.9004],[98.027,17.8885],[98.0324,17.8762],[98.0537,17.8706],[98.0595,17.8577],[98.0696,17.8533],[98.0733,17.8292],[98.0879,17.8084],[98.1087,17.7935],[98.1147,17.7984],[98.1325,17.7967],[98.1472,17.7766],[98.1353,17.7597],[98.1398,17.749],[98.1491,17.7458],[98.1534,17.7297],[98.1453,17.6832],[98.1233,17.6577],[98.0892,17.6372],[98.1015,17.6227],[98.0995,17.6145],[98.1071,17.6112],[98.103,17.6004],[98.1105,17.5928],[98.1085,17.5823],[98.1277,17.5678],[98.1312,17.5467],[98.1494,17.541],[98.1674,17.5477],[98.1785,17.5373],[98.2089,17.5401],[98.2387,17.5499],[98.2648,17.5786],[98.2981,17.5753],[98.3025,17.5669],[98.2982,17.5541],[98.3078,17.5426],[98.3058,17.5326],[98.3143,17.5273],[98.3152,17.5051],[98.3266,17.4897],[98.3297,17.4696],[98.3195,17.445],[98.3263,17.4292],[98.3223,17.4167],[98.2917,17.4074],[98.3192,17.3799],[98.3174,17.3674],[98.3341,17.3479],[98.3322,17.3297],[98.3174,17.3221],[98.3217,17.3107],[98.3398,17.2958],[98.3626,17.2884],[98.358,17.2736],[98.3915,17.2423],[98.3983,17.2521],[98.4299,17.2566],[98.4417,17.271],[98.4537,17.269],[98.4607,17.2759],[98.4787,17.2775],[98.4898,17.2703],[98.5023,17.2801],[98.5179,17.2815],[98.532,17.2745],[98.545,17.283],[98.5744,17.2845],[98.5789,17.2944],[98.5751,17.2999],[98.557,17.2938],[98.5558,17.3143],[98.5611,17.3221],[98.5552,17.3382],[98.5619,17.3518],[98.5374,17.3622],[98.5561,17.3971],[98.5577,17.4266],[98.5462,17.4337],[98.5465,17.4458],[98.5283,17.4536],[98.518,17.48],[98.5244,17.4959],[98.5188,17.5114],[98.5263,17.519],[98.5276,17.5368],[98.5496,17.5593],[98.5635,17.5622],[98.5781,17.5754],[98.567,17.5959],[98.5327,17.6191],[98.5219,17.6808],[98.5253,17.7073],[98.5035,17.7606],[98.5098,17.7886],[98.497,17.7965],[98.4916,17.8124],[98.5087,17.8125],[98.522,17.8244],[98.5605,17.7954],[98.5715,17.8089],[98.5815,17.8012],[98.5966,17.8036],[98.6137,17.7804],[98.6238,17.7771],[98.6333,17.7853],[98.6315,17.801],[98.639,17.8148],[98.6691,17.8345],[98.6854,17.791],[98.7127,17.7988],[98.727,17.7936],[98.7428,17.8057],[98.7628,17.8018],[98.7775,17.831],[98.7846,17.8326],[98.7943,17.8238],[98.7973,17.8142],[98.7921,17.8125],[98.8018,17.796],[98.8271,17.7992],[98.8571,17.8146],[98.8518,17.822],[98.852,17.846],[98.8597,17.8557],[98.8704,17.8492],[98.8407,17.9638],[98.83,17.9755],[98.8328,17.9883],[98.8075,18.0086],[98.7868,17.9988],[98.7769,18.0006],[98.7791,18.014],[98.7942,18.0301],[98.7968,18.057],[98.8081,18.0646],[98.8065,18.0728],[98.8136,18.0787],[98.797,18.0861],[98.8092,18.1127],[98.8053,18.1556],[98.7931,18.1597],[98.7827,18.1793],[98.7852,18.221],[98.7724,18.2296],[98.7754,18.2497],[98.7364,18.2667],[98.7202,18.286],[98.7022,18.2914],[98.6838,18.3099],[98.6725,18.3101],[98.6719,18.3268],[98.6883,18.3345],[98.7036,18.3322],[98.6815,18.369],[98.6899,18.391],[98.7095,18.4138],[98.6983,18.4104],[98.6933,18.415],[98.7074,18.4407],[98.7166,18.433],[98.7253,18.4453],[98.7428,18.4313],[98.7647,18.4347],[98.7766,18.4491],[98.798,18.4526],[98.805,18.4629],[98.8143,18.4616],[98.8158,18.472],[98.8378,18.4851],[98.846,18.4994],[98.8593,18.5006],[98.8677,18.5153],[98.8794,18.5105],[98.9147,18.5362],[98.9341,18.542],[98.9325,18.5544],[98.9694,18.6026],[98.9654,18.6152],[98.9783,18.6355],[99.0045,18.6431],[99.0099,18.6733],[99.0652,18.6597],[99.0739,18.667],[99.0762,18.6818],[99.127,18.6834],[99.1357,18.7006],[99.1514,18.7081],[99.1899,18.7051],[99.1887,18.6789],[99.2058,18.6678],[99.2063,18.6601],[99.2339,18.6511],[99.2307,18.6241],[99.2353,18.6169],[99.2229,18.607],[99.2175,18.592],[99.2637,18.5716],[99.2963,18.537],[99.3173,18.5322],[99.3284,18.5456],[99.3321,18.576],[99.3535,18.5794],[99.3487,18.594],[99.3583,18.6077],[99.3484,18.6178],[99.3269,18.6195],[99.3325,18.6501],[99.3491,18.6554],[99.3332,18.6686],[99.3271,18.6848],[99.3368,18.6937],[99.334,18.7021],[99.343,18.7075],[99.3482,18.7353],[99.3715,18.7534],[99.3662,18.7694],[99.371,18.7822],[99.359,18.8014],[99.3504,18.8362],[99.3526,18.8475],[99.377,18.8607],[99.3914,18.8843],[99.3776,18.9217],[99.3867,18.9439],[99.375,18.9597],[99.3761,18.9734],[99.3813,18.9897],[99.4018,19.0001],[99.3813,19.0419],[99.3838,19.0631],[99.3655,19.0692],[99.3603,19.0831],[99.3444,19.0864],[99.3211,19.1236],[99.3194,19.1652],[99.3046,19.1825],[99.3036,19.1936],[99.3145,19.2091],[99.3108,19.2241],[99.343,19.2678],[99.3365,19.284],[99.3393,19.2983],[99.3272,19.3193],[99.3341,19.3305],[99.3343,19.3523],[99.332,19.3781],[99.3231,19.3965],[99.3306,19.3984],[99.3081,19.431],[99.3187,19.4548],[99.3054,19.4746],[99.3078,19.4888],[99.2987,19.487],[99.2945,19.4952],[99.3059,19.5266],[99.3262,19.5391],[99.3168,19.5546],[99.297,19.5612],[99.289,19.581],[99.2928,19.5925],[99.2842,19.6036],[99.267,19.6108],[99.2666,19.6253],[99.2586,19.6291],[99.258,19.6496],[99.2655,19.6648],[99.2968,19.6821],[99.3134,19.7076],[99.3468,19.7123],[99.3489,19.7246],[99.3598,19.7263],[99.3662,19.7682],[99.3615,19.7773],[99.377,19.7792],[99.3804,19.8102],[99.4199,19.814],[99.4206,19.8232],[99.408,19.8318],[99.415,19.8453],[99.3876,19.8653],[99.3814,19.8895],[99.403,19.9147],[99.4204,19.9176],[99.4146,19.9315],[99.4186,19.953],[99.4414,19.9632],[99.4655,20.0054],[99.4783,20.0132],[99.4657,20.0259],[99.4675,20.0341],[99.5052,20.0537],[99.4915,20.0655],[99.4912,20.079],[99.5501,20.1039],[99.5592,20.0981],[99.5708,20.1078],[99.5685,20.1236],[99.5251,20.1376]]]}},{"type":"Feature","properties":{"pcode":"TH51","name_en":"Lamphun","name_th":"ลำพูน"},"geometry":{"type":"Polygon","coordinates":[[[99.1882,18.7063],[99.1496,18.7075],[99.1357,18.7006],[99.127,18.6834],[99.1135,18.6791],[99.0763,18.6819],[99.0739,18.667],[99.0652,18.6597],[99.0099,18.6733],[99.0045,18.6431],[98.9783,18.6355],[98.9654,18.6152],[98.9694,18.6026],[98.9325,18.5544],[98.9341,18.542],[98.9147,18.5362],[98.8794,18.5105],[98.8677,18.5153],[98.8593,18.5006],[98.846,18.4994],[98.8378,18.4851],[98.8158,18.472],[98.8143,18.4616],[98.805,18.4629],[98.798,18.4526],[98.7766,18.4491],[98.7647,18.4347],[98.7428,18.4313],[98.7253,18.4453],[98.7166,18.433],[98.7095,18.442],[98.6935,18.418],[98.6974,18.4105],[98.7095,18.4138],[98.6899,18.391],[98.6814,18.3681],[98.7038,18.3335],[98.6993,18.3297],[98.6883,18.3345],[98.6719,18.3268],[98.6725,18.3101],[98.6838,18.3099],[98.7022,18.2914],[98.7202,18.286],[98.7364,18.2667],[98.7754,18.2497],[98.7724,18.2296],[98.7852,18.221],[98.7827,18.1793],[98.7931,18.1597],[98.8053,18.1556],[98.8092,18.1127],[98.797,18.0861],[98.8136,18.0787],[98.8065,18.0728],[98.8081,18.0646],[98.7968,18.057],[98.7942,18.0301],[98.7791,18.014],[98.7769,18.0006],[98.7868,17.9988],[98.8075,18.0086],[98.8328,17.9883],[98.83,17.9755],[98.8407,17.9638],[98.8707,17.8542],[98.8692,17.8489],[98.8597,17.8557],[98.852,17.846],[98.8518,17.822],[98.8571,17.8146],[98.8271,17.7992],[98.7992,17.7961],[98.7921,17.8125],[98.7973,17.8142],[98.7943,17.8238],[98.7846,17.8326],[98.7775,17.831],[98.7628,17.8018],[98.7428,17.8057],[98.727,17.7936],[98.7127,17.7988],[98.6853,17.791],[98.6876,17.7797],[98.7055,17.7609],[98.7033,17.7438],[98.7245,17.7254],[98.7257,17.7154],[98.7415,17.7046],[98.7463,17.6927],[98.7245,17.676],[98.684,17.6647],[98.6916,17.6315],[98.6826,17.5968],[98.6943,17.5846],[98.7019,17.5569],[98.7026,17.5266],[98.697,17.5136],[98.7056,17.5012],[98.7052,17.486],[98.6886,17.4747],[98.6827,17.4605],[98.6809,17.4472],[98.691,17.4259],[98.7186,17.4656],[98.7499,17.4681],[98.7638,17.4842],[98.7855,17.496],[98.8137,17.4988],[98.8159,17.5073],[98.8288,17.5147],[98.8545,17.5133],[98.8719,17.4919],[98.8796,17.491],[98.882,17.5094],[98.9102,17.5367],[98.9046,17.5609],[98.9111,17.5818],[98.8878,17.5894],[98.887,17.6016],[98.88,17.6052],[98.8807,17.627],[98.9035,17.6403],[98.9058,17.6489],[98.9198,17.6408],[98.9381,17.6409],[98.9463,17.6471],[98.9602,17.6403],[98.9755,17.6435],[98.9901,17.6343],[99.0005,17.6387],[99.0189,17.6145],[99.0493,17.6121],[99.0624,17.6372],[99.0657,17.693],[99.0877,17.704],[99.0852,17.7381],[99.1045,17.7411],[99.1116,17.7676],[99.1256,17.7711],[99.1032,17.8126],[99.1352,17.8211],[99.1591,17.8079],[99.1747,17.8104],[99.1591,17.8432],[99.1809,17.8464],[99.1833,17.8605],[99.1445,17.9009],[99.1469,17.9108],[99.1082,17.9133],[99.1158,17.9462],[99.1014,17.9476],[99.095,17.9548],[99.1011,17.9835],[99.0949,17.9959],[99.101,18.0011],[99.0707,18.0611],[99.0733,18.083],[99.0651,18.1395],[99.0514,18.1634],[99.0568,18.1752],[99.0291,18.2161],[99.0178,18.2524],[99.0292,18.265],[99.0503,18.2653],[99.063,18.2725],[99.0817,18.2691],[99.0839,18.2796],[99.0929,18.2794],[99.1063,18.2654],[99.1133,18.2674],[99.1125,18.2949],[99.1232,18.3002],[99.1251,18.3129],[99.1524,18.3155],[99.153,18.3295],[99.169,18.3497],[99.1672,18.3743],[99.1897,18.3886],[99.1995,18.4215],[99.2215,18.4302],[99.2382,18.4485],[99.242,18.4792],[99.2565,18.4966],[99.282,18.5002],[99.2857,18.4923],[99.298,18.4888],[99.3215,18.4996],[99.3173,18.5322],[99.2963,18.537],[99.2637,18.5716],[99.2175,18.592],[99.2229,18.607],[99.2353,18.6169],[99.2307,18.6241],[99.2339,18.6511],[99.2063,18.6601],[99.2058,18.6678],[99.1887,18.6789],[99.1882,18.7063]]]}},{"type":"Feature","properties":{"pcode":"TH52","name_en":"Lampang","name_th":"ลำปาง"},"geometry":{"type":"Polygon","coordinates":[[[99.5845,19.406],[99.5654,19.4177],[99.563,19.4143],[99.5637,19.4035],[99.576,19.3893],[99.5807,19.3524],[99.5728,19.3462],[99.5812,19.3378],[99.576,19.3258],[99.5806,19.3114],[99.5779,19.2939],[99.5709,19.2936],[99.5645,19.2837],[99.5593,19.2571],[99.5484,19.2513],[99.5489,19.2247],[99.5414,19.2063],[99.5459,19.1909],[99.5367,19.1636],[99.5494,19.1567],[99.5606,19.1365],[99.5371,19.1075],[99.5383,19.0862],[99.5291,19.0765],[99.5179,19.0806],[99.4836,19.0718],[99.4716,19.0442],[99.4362,19.0079],[99.3925,18.9974],[99.3775,18.9825],[99.375,18.9597],[99.3867,18.9439],[99.3776,18.9217],[99.3914,18.8843],[99.377,18.8607],[99.3526,18.8475],[99.3504,18.8362],[99.359,18.8014],[99.371,18.7822],[99.3662,18.7694],[99.3715,18.7534],[99.3482,18.7353],[99.343,18.7075],[99.334,18.7021],[99.3368,18.6937],[99.3271,18.6848],[99.3332,18.6686],[99.3491,18.6554],[99.3325,18.6501],[99.3269,18.6195],[99.3484,18.6178],[99.359,18.6047],[99.3487,18.594],[99.3535,18.5794],[99.3326,18.5762],[99.3278,18.5657],[99.3284,18.5456],[99.3168,18.5289],[99.3215,18.4996],[99.298,18.4888],[99.2857,18.4923],[99.282,18.5002],[99.2565,18.4966],[99.242,18.4792],[99.2382,18.4485],[99.2215,18.4302],[99.1995,18.4215],[99.1897,18.3886],[99.1672,18.3743],[99.169,18.3497],[99.153,18.3295],[99.1524,18.3155],[99.1251,18.3129],[99.1232,18.3002],[99.1125,18.2949],[99.1133,18.2674],[99.1063,18.2654],[99.0929,18.2794],[99.0839,18.2796],[99.0817,18.2691],[99.063,18.2725],[99.0503,18.2653],[99.0292,18.265],[99.0178,18.2524],[99.0291,18.2161],[99.0568,18.1752],[99.0514,18.1634],[99.0651,18.1395],[99.0733,18.083],[99.0707,18.0611],[99.101,18.0011],[99.0949,17.9959],[99.1011,17.9835],[99.095,17.9548],[99.1014,17.9476],[99.1158,17.9462],[99.1082,17.9133],[99.1469,17.9108],[99.1445,17.9009],[99.1833,17.8605],[99.1809,17.8464],[99.1591,17.8432],[99.1747,17.8104],[99.1591,17.8079],[99.1352,17.8211],[99.1032,17.8126],[99.1256,17.7711],[99.1116,17.7676],[99.1045,17.7411],[99.0852,17.7381],[99.0877,17.704],[99.0657,17.693],[99.0624,17.6372],[99.0489,17.6119],[99.0189,17.6145],[99.0005,17.6387],[98.9901,17.6343],[98.9755,17.6435],[98.9602,17.6403],[98.9463,17.6471],[98.9381,17.6409],[98.9198,17.6408],[98.9058,17.6489],[98.9035,17.6403],[98.8807,17.627],[98.8801,17.6048],[98.887,17.6016],[98.8878,17.5894],[98.9111,17.5818],[98.9047,17.5632],[98.9065,17.545],[98.9248,17.5257],[98.9218,17.5126],[98.9282,17.5064],[98.9314,17.4736],[98.9456,17.4686],[98.9553,17.4743],[98.9592,17.4629],[98.9805,17.4677],[99.0138,17.4226],[99.012,17.4146],[99.0326,17.4105],[99.0469,17.3857],[99.0567,17.3881],[99.0776,17.3732],[99.0864,17.3774],[99.1096,17.3588],[99.1172,17.3674],[99.1418,17.361],[99.1614,17.3325],[99.1738,17.3357],[99.177,17.3488],[99.2061,17.3687],[99.2079,17.3828],[99.2251,17.4047],[99.265,17.4038],[99.2754,17.3824],[99.271,17.3493],[99.2778,17.3463],[99.2766,17.3315],[99.2863,17.3116],[99.2969,17.3043],[99.303,17.2739],[99.34,17.2674],[99.3717,17.2291],[99.374,17.2104],[99.3909,17.2055],[99.4008,17.2204],[99.4199,17.2182],[99.4186,17.2263],[99.4285,17.2317],[99.4398,17.2288],[99.4453,17.2422],[99.4408,17.2521],[99.4554,17.2545],[99.4512,17.293],[99.4555,17.3094],[99.478,17.3282],[99.4704,17.3676],[99.4566,17.369],[99.4425,17.3889],[99.4312,17.3896],[99.427,17.4088],[99.4405,17.4219],[99.4411,17.4331],[99.4211,17.4423],[99.4144,17.4499],[99.418,17.458],[99.4062,17.4715],[99.4193,17.4864],[99.4214,17.5187],[99.4394,17.5274],[99.4307,17.5489],[99.4358,17.5635],[99.413,17.5741],[99.4226,17.5918],[99.4191,17.6005],[99.4257,17.6091],[99.44,17.6097],[99.4543,17.5981],[99.4476,17.6448],[99.4507,17.6549],[99.4677,17.6629],[99.4762,17.6764],[99.4702,17.6913],[99.4793,17.729],[99.4649,17.7373],[99.4495,17.7094],[99.4221,17.7101],[99.3872,17.6876],[99.3892,17.6973],[99.3796,17.7116],[99.3858,17.7222],[99.3768,17.7268],[99.381,17.7548],[99.3688,17.7774],[99.3854,17.7903],[99.3926,17.8147],[99.4115,17.8249],[99.4289,17.8578],[99.4749,17.8943],[99.483,17.9202],[99.4979,17.9268],[99.5227,17.9569],[99.5584,17.9744],[99.5641,17.991],[99.5946,18.0089],[99.585,18.0352],[99.6011,18.0398],[99.61,18.0498],[99.6188,18.0486],[99.6313,18.0623],[99.6503,18.0566],[99.6595,18.0411],[99.6688,18.0417],[99.6915,18.0555],[99.6905,18.065],[99.7198,18.0701],[99.7392,18.1085],[99.762,18.1234],[99.7539,18.14],[99.7995,18.1995],[99.8016,18.215],[99.8217,18.2375],[99.8334,18.2356],[99.8447,18.2562],[99.8503,18.2554],[99.8576,18.2839],[99.872,18.2779],[99.8892,18.2833],[99.9063,18.2799],[99.9358,18.3271],[99.9398,18.3518],[99.9509,18.3563],[99.9554,18.3768],[99.9684,18.3847],[99.9667,18.3933],[99.9871,18.3916],[100.0066,18.4111],[100.0142,18.4377],[100.0044,18.4453],[100.0218,18.4477],[100.0286,18.4649],[100.023,18.4691],[100.0315,18.4707],[100.0497,18.4977],[100.0557,18.5572],[100.0785,18.5628],[100.0896,18.5728],[100.1091,18.56],[100.109,18.5896],[100.1209,18.6018],[100.0995,18.6289],[100.1113,18.6721],[100.104,18.688],[100.1076,18.7034],[100.0963,18.7301],[100.1003,18.7521],[100.1158,18.7655],[100.1145,18.7764],[100.126,18.7866],[100.1215,18.7979],[100.0879,18.8273],[100.0663,18.8167],[100.0661,18.8275],[100.0609,18.8296],[100.0703,18.8653],[100.0612,18.88],[100.0396,18.8906],[100.0338,18.9023],[100.017,18.8957],[99.9664,18.9245],[99.9467,18.9425],[99.9272,18.9779],[99.9116,18.988],[99.9058,18.9828],[99.8891,18.988],[99.8811,19.0003],[99.8715,18.9963],[99.8385,19.0016],[99.8292,19.0114],[99.8337,19.0391],[99.8215,19.0482],[99.8193,19.0614],[99.7955,19.0531],[99.7733,19.0642],[99.7743,19.076],[99.7635,19.09],[99.7586,19.134],[99.7436,19.1422],[99.7391,19.1591],[99.7261,19.1699],[99.7286,19.1815],[99.7031,19.2445],[99.7053,19.2761],[99.698,19.3061],[99.7084,19.3343],[99.7073,19.3447],[99.6914,19.3598],[99.6956,19.3814],[99.6837,19.3828],[99.6814,19.3915],[99.6323,19.3855],[99.6057,19.4016],[99.5845,19.406]]]}},{"type":"Feature","properties":{"pcode":"TH53","name_en":"Uttaradit","name_th":"อุตรดิตถ์"},"geometry":{"type":"Polygon","coordinates":[[[101.0924,18.3817],[101.0854,18.381],[101.0738,18.3564],[101.0561,18.356],[101.0432,18.3397],[100.999,18.3091],[100.9795,18.3057],[100.9773,18.2952],[100.9514,18.2659],[100.9188,18.2427],[100.9124,18.2266],[100.9254,18.2115],[100.9075,18.1939],[100.9057,18.1768],[100.9131,18.1591],[100.8934,18.1493],[100.8827,18.1511],[100.8715,18.1353],[100.8746,18.119],[100.8559,18.1024],[100.8495,18.082],[100.8191,18.0832],[100.8094,18.077],[100.8009,18.0542],[100.7699,18.0264],[100.725,18.0328],[100.6934,18.024],[100.6699,18.0423],[100.6557,18.0389],[100.6091,18.0502],[100.5896,18.0399],[100.5786,18.0443],[100.5743,18.0366],[100.558,18.0327],[100.5033,18.0534],[100.4812,18.0555],[100.4731,18.045],[100.4564,18.0419],[100.4464,18.0255],[100.426,18.013],[100.4085,18.024],[100.3937,18.0209],[100.3761,18.0002],[100.3504,17.9833],[100.3596,17.9256],[100.348,17.9158],[100.342,17.8942],[100.3346,17.889],[100.3257,17.8914],[100.3131,17.9091],[100.3068,17.9334],[100.2994,17.9391],[100.2873,17.937],[100.2799,17.9574],[100.2624,17.9533],[100.2463,17.9615],[100.2258,17.9491],[100.2149,17.9207],[100.1594,17.8886],[100.13,17.8564],[100.1198,17.8586],[100.1014,17.8471],[100.0953,17.851],[100.0885,17.8427],[100.0633,17.8405],[100.0577,17.8333],[100.0434,17.8479],[100.0117,17.833],[99.9886,17.835],[99.9904,17.8104],[99.9774,17.7968],[99.9648,17.7979],[99.9595,17.7783],[99.9459,17.7771],[99.9071,17.8055],[99.8945,17.8072],[99.899,17.7972],[99.9222,17.7864],[99.9242,17.7728],[99.9119,17.7627],[99.9431,17.7242],[99.9632,17.7115],[99.9772,17.657],[99.966,17.6324],[99.9769,17.6222],[99.9402,17.5922],[99.9239,17.5866],[99.9257,17.5654],[99.9427,17.5453],[99.9423,17.5363],[99.9284,17.5214],[99.967,17.4923],[99.9731,17.4949],[99.9814,17.4863],[99.9812,17.473],[99.9989,17.4667],[100.0028,17.458],[100.02,17.4586],[100.0309,17.4445],[100.018,17.4192],[99.9966,17.4167],[99.9904,17.4074],[100.0095,17.3813],[99.9999,17.3695],[100.0081,17.3609],[100.0009,17.3545],[100.0041,17.3452],[100.0193,17.3339],[99.9954,17.3267],[99.9947,17.3062],[100.0044,17.2963],[99.9961,17.2887],[99.9704,17.2835],[99.9756,17.2763],[99.9646,17.2724],[99.9631,17.2503],[99.9545,17.2427],[99.9736,17.2414],[99.9579,17.2304],[99.9821,17.2158],[99.971,17.2112],[99.9835,17.1894],[99.9729,17.1646],[99.9811,17.156],[99.9922,17.1593],[100.0097,17.1505],[99.9961,17.1388],[100.0143,17.1391],[100.0363,17.1813],[100.0781,17.182],[100.1024,17.1894],[100.1362,17.1811],[100.1498,17.1858],[100.16,17.1656],[100.1676,17.2011],[100.2297,17.2117],[100.2393,17.2217],[100.2825,17.2206],[100.2736,17.2388],[100.2781,17.2659],[100.2722,17.2774],[100.2822,17.3067],[100.2833,17.3364],[100.2969,17.3478],[100.2889,17.3761],[100.2985,17.3748],[100.3074,17.3831],[100.323,17.3683],[100.3291,17.3869],[100.3485,17.3926],[100.3563,17.3828],[100.3913,17.4047],[100.4212,17.4121],[100.427,17.4215],[100.4353,17.4167],[100.4475,17.424],[100.4544,17.418],[100.4813,17.4178],[100.5013,17.4289],[100.5137,17.4039],[100.5301,17.4171],[100.551,17.4145],[100.5704,17.4222],[100.5943,17.4219],[100.6033,17.428],[100.6029,17.4478],[100.6134,17.4659],[100.645,17.4745],[100.6423,17.4934],[100.6693,17.5009],[100.6929,17.5246],[100.7403,17.5424],[100.7466,17.5589],[100.7736,17.5828],[100.7724,17.596],[100.7896,17.6129],[100.8018,17.6385],[100.8427,17.6534],[100.8527,17.6802],[100.8749,17.7111],[100.9051,17.715],[100.9098,17.7018],[100.9256,17.6959],[100.9664,17.7023],[100.9888,17.7437],[100.9782,17.7529],[100.9779,17.7627],[100.9986,17.7704],[101.0064,17.7839],[100.9927,17.8043],[100.9986,17.8202],[101.0325,17.8338],[101.0349,17.8601],[101.0174,17.8779],[101.0193,17.8912],[101.0473,17.9128],[101.0704,17.9134],[101.0716,17.9199],[101.0955,17.9311],[101.1041,17.9465],[101.1176,17.9507],[101.115,17.9709],[101.1222,18.0],[101.1517,18.0372],[101.161,18.03],[101.1845,18.0656],[101.1739,18.0757],[101.1753,18.0884],[101.1612,18.1235],[101.1928,18.2131],[101.1796,18.2246],[101.1653,18.2177],[101.1594,18.2459],[101.1445,18.2595],[101.1633,18.2788],[101.1485,18.2956],[101.1794,18.3265],[101.1822,18.3407],[101.1478,18.3476],[101.1312,18.3666],[101.0924,18.3817]]]}},{"type":"Feature","properties":{"pcode":"TH54","name_en":"Phrae","name_th":"แพร่"},"geometry":{"type":"Polygon","coordinates":[[[100.1597,18.8272],[100.1559,18.8355],[100.1334,18.8171],[100.1167,18.8189],[100.1155,18.7999],[100.126,18.7866],[100.1145,18.7764],[100.1158,18.7655],[100.1001,18.7517],[100.0964,18.7296],[100.1076,18.7034],[100.104,18.688],[100.1113,18.6721],[100.0995,18.6289],[100.1209,18.6023],[100.109,18.5896],[100.1093,18.5602],[100.0896,18.5728],[100.0785,18.5628],[100.0557,18.5572],[100.0497,18.4977],[100.0315,18.4707],[100.023,18.4691],[100.0286,18.4649],[100.0218,18.4477],[100.0044,18.4453],[100.0142,18.4377],[100.0066,18.4111],[99.9871,18.3916],[99.9667,18.3933],[99.9684,18.3847],[99.9554,18.3768],[99.9509,18.3563],[99.9398,18.3518],[99.9358,18.3271],[99.9063,18.2799],[99.8892,18.2833],[99.872,18.2779],[99.8576,18.2839],[99.8503,18.2554],[99.8447,18.2562],[99.8334,18.2356],[99.8217,18.2375],[99.8016,18.215],[99.7995,18.1995],[99.7539,18.14],[99.762,18.1234],[99.7392,18.1085],[99.7198,18.0701],[99.6905,18.065],[99.6915,18.0555],[99.6688,18.0417],[99.6595,18.0411],[99.6503,18.0566],[99.6313,18.0623],[99.6188,18.0486],[99.61,18.0498],[99.6011,18.0398],[99.585,18.0352],[99.5938,18.008],[99.5641,17.991],[99.5584,17.9744],[99.5227,17.9569],[99.4979,17.9268],[99.483,17.9202],[99.4749,17.8943],[99.4289,17.8578],[99.4115,17.8249],[99.3926,17.8147],[99.3854,17.7903],[99.3676,17.7735],[99.381,17.7548],[99.3768,17.7268],[99.3858,17.7222],[99.3796,17.7116],[99.3892,17.6973],[99.3872,17.6876],[99.4221,17.7101],[99.4533,17.7121],[99.4562,17.7279],[99.4817,17.745],[99.4867,17.7628],[99.5153,17.7828],[99.519,17.7974],[99.5476,17.8119],[99.5661,17.8113],[99.5992,17.8217],[99.6296,17.8144],[99.6507,17.796],[99.6707,17.7993],[99.6863,17.7773],[99.6908,17.7591],[99.7067,17.7576],[99.7097,17.7381],[99.7297,17.7217],[99.7527,17.7392],[99.7568,17.7488],[99.7506,17.7525],[99.7651,17.7606],[99.7771,17.7773],[99.7724,17.7804],[99.7766,17.7872],[99.7966,17.7923],[99.8111,17.804],[99.8597,17.798],[99.8687,17.8051],[99.8827,17.8026],[99.884,17.81],[99.8909,17.8041],[99.9069,17.8057],[99.9459,17.7771],[99.9592,17.7782],[99.9648,17.7979],[99.9774,17.7968],[99.9904,17.8104],[99.9886,17.835],[100.0117,17.833],[100.0434,17.8479],[100.0577,17.8333],[100.0633,17.8405],[100.0885,17.8427],[100.0953,17.851],[100.1014,17.8471],[100.1198,17.8586],[100.13,17.8564],[100.1594,17.8886],[100.2149,17.9207],[100.2258,17.9491],[100.246,17.9614],[100.2624,17.9533],[100.2799,17.9574],[100.2874,17.9369],[100.2994,17.9391],[100.3072,17.933],[100.313,17.9092],[100.3253,17.8918],[100.3346,17.889],[100.342,17.8941],[100.348,17.9158],[100.3597,17.9263],[100.3504,17.9833],[100.3761,18.0002],[100.3905,18.019],[100.4143,18.0217],[100.4176,18.0278],[100.4034,18.065],[100.4098,18.0753],[100.3958,18.0858],[100.4001,18.1005],[100.3923,18.1185],[100.3976,18.1366],[100.41,18.1416],[100.4178,18.1553],[100.4367,18.1523],[100.447,18.1585],[100.4514,18.1836],[100.46,18.1948],[100.4541,18.2146],[100.4762,18.265],[100.494,18.2787],[100.4834,18.2901],[100.4798,18.3185],[100.4931,18.338],[100.4828,18.3419],[100.4815,18.3494],[100.4978,18.353],[100.5175,18.3924],[100.5365,18.391],[100.5506,18.417],[100.5494,18.4583],[100.5371,18.4913],[100.5194,18.4765],[100.505,18.473],[100.4844,18.4804],[100.4767,18.4948],[100.4602,18.4905],[100.4468,18.4961],[100.4441,18.4899],[100.4368,18.5019],[100.4217,18.4956],[100.4147,18.4805],[100.3993,18.4858],[100.396,18.5036],[100.3869,18.512],[100.3957,18.5282],[100.3869,18.5427],[100.3876,18.5584],[100.371,18.567],[100.3793,18.5873],[100.3782,18.6132],[100.3819,18.6231],[100.3922,18.6277],[100.3926,18.6384],[100.3751,18.6371],[100.3613,18.6437],[100.3516,18.6806],[100.3633,18.7072],[100.3884,18.7275],[100.3914,18.7394],[100.3737,18.7409],[100.3581,18.7508],[100.3623,18.778],[100.356,18.7846],[100.337,18.787],[100.3387,18.813],[100.3125,18.8101],[100.302,18.8185],[100.2414,18.8195],[100.226,18.8255],[100.2155,18.8183],[100.1987,18.8145],[100.1875,18.8191],[100.1749,18.8133],[100.1597,18.8272]]]}},{"type":"Feature","properties":{"pcode":"TH55","name_en":"Nan","name_th":"น่าน"},"geometry":{"type":"Polygon","coordinates":[[[100.8948,19.6343],[100.8922,19.638],[100.8828,19.6066],[100.858,19.5826],[100.8601,19.5736],[100.8481,19.5689],[100.8165,19.5251],[100.7905,19.5102],[100.7717,19.4876],[100.7572,19.5034],[100.758,19.512],[100.7081,19.5357],[100.6943,19.5357],[100.6728,19.5496],[100.6608,19.5477],[100.6518,19.5572],[100.6123,19.5505],[100.5986,19.5101],[100.6025,19.4792],[100.5831,19.4755],[100.5712,19.4636],[100.5648,19.4362],[100.5407,19.4165],[100.4881,19.3996],[100.4848,19.383],[100.4945,19.3801],[100.496,19.3714],[100.5212,19.3807],[100.5339,19.3673],[100.53,19.3532],[100.5629,19.3395],[100.558,19.3213],[100.57,19.3046],[100.5863,19.314],[100.5917,19.327],[100.6089,19.3342],[100.6138,19.3277],[100.6118,19.2884],[100.6001,19.2522],[100.6167,19.227],[100.6217,19.1995],[100.618,19.1823],[100.6289,19.1512],[100.6226,19.1386],[100.6233,19.1114],[100.5855,19.0953],[100.5729,19.1043],[100.5635,19.0797],[100.6191,19.0334],[100.6042,19.0204],[100.5831,19.0312],[100.5658,19.0314],[100.5568,19.0447],[100.5487,19.0403],[100.5383,19.0469],[100.5314,19.0413],[100.4937,19.0524],[100.4932,19.0427],[100.4799,19.0365],[100.4777,19.0243],[100.4552,19.0071],[100.5044,18.9956],[100.4985,18.9785],[100.4814,18.9661],[100.4825,18.9523],[100.4586,18.9425],[100.4537,18.9346],[100.4239,18.9485],[100.4052,18.9447],[100.4067,18.9357],[100.391,18.9257],[100.3885,18.8938],[100.3662,18.8701],[100.364,18.8485],[100.3361,18.8194],[100.3451,18.8139],[100.337,18.787],[100.356,18.7846],[100.3623,18.778],[100.3581,18.7508],[100.3737,18.7409],[100.3914,18.7394],[100.3884,18.7275],[100.3633,18.7072],[100.3516,18.6806],[100.3613,18.6437],[100.3751,18.6371],[100.3926,18.6384],[100.3922,18.6277],[100.3819,18.6231],[100.3782,18.6132],[100.3793,18.5873],[100.371,18.567],[100.3876,18.5584],[100.3869,18.5427],[100.3957,18.5282],[100.3869,18.512],[100.396,18.5036],[100.3993,18.4858],[100.4147,18.4805],[100.4217,18.4956],[100.4368,18.5019],[100.4441,18.4899],[100.4468,18.4961],[100.4602,18.4905],[100.4767,18.4948],[100.4844,18.4804],[100.505,18.473],[100.5194,18.4765],[100.5371,18.4913],[100.5506,18.4499],[100.5506,18.417],[100.5364,18.3908],[100.5175,18.3924],[100.4978,18.353],[100.4815,18.3494],[100.4828,18.3419],[100.4931,18.338],[100.4798,18.3185],[100.4834,18.2901],[100.494,18.2787],[100.4762,18.265],[100.4541,18.2146],[100.46,18.1948],[100.4514,18.1836],[100.447,18.1585],[100.4367,18.1523],[100.4145,18.1537],[100.41,18.1416],[100.3976,18.1366],[100.3923,18.1188],[100.4001,18.1005],[100.3958,18.0858],[100.4098,18.0753],[100.4034,18.065],[100.4177,18.0303],[100.4147,18.0205],[100.4215,18.0137],[100.4464,18.0255],[100.4533,18.0394],[100.4731,18.045],[100.4818,18.0556],[100.5033,18.0534],[100.558,18.0327],[100.5743,18.0366],[100.5786,18.0443],[100.5896,18.0399],[100.6091,18.0502],[100.6557,18.0389],[100.6699,18.0423],[100.6934,18.024],[100.725,18.0328],[100.7672,18.0255],[100.8009,18.0542],[100.8094,18.077],[100.8191,18.0832],[100.8494,18.0819],[100.8559,18.1024],[100.8746,18.119],[100.8755,18.1425],[100.8833,18.1515],[100.8934,18.1493],[100.9132,18.1593],[100.9057,18.1768],[100.9075,18.1939],[100.9254,18.2115],[100.9124,18.2266],[100.9188,18.2427],[100.9514,18.2659],[100.9773,18.2952],[100.9795,18.3057],[100.999,18.3091],[101.0432,18.3397],[101.056,18.356],[101.0738,18.3564],[101.0818,18.369],[101.0838,18.3966],[101.0527,18.4255],[101.0541,18.4417],[101.0824,18.4754],[101.0936,18.4794],[101.0915,18.4989],[101.0985,18.5024],[101.104,18.5214],[101.1385,18.5274],[101.1488,18.5524],[101.1826,18.5597],[101.1869,18.5796],[101.1803,18.5879],[101.1823,18.6119],[101.2267,18.6246],[101.2424,18.6403],[101.2417,18.6513],[101.2501,18.6567],[101.259,18.6775],[101.2727,18.6879],[101.2572,18.7056],[101.2345,18.7121],[101.224,18.7313],[101.236,18.7411],[101.244,18.7699],[101.253,18.7724],[101.249,18.7907],[101.2585,18.809],[101.2456,18.828],[101.2459,18.838],[101.2549,18.8477],[101.2469,18.8905],[101.2541,18.9061],[101.2751,18.918],[101.2743,18.9301],[101.2949,18.9389],[101.2925,18.9809],[101.3053,18.9884],[101.3097,19.0021],[101.3362,19.0042],[101.3582,19.0512],[101.3503,19.0524],[101.3394,19.0704],[101.3268,19.0727],[101.3253,19.0806],[101.3159,19.0801],[101.2975,19.0939],[101.294,19.104],[101.2566,19.1249],[101.2579,19.1492],[101.2456,19.1797],[101.2598,19.2305],[101.2488,19.2459],[101.2409,19.282],[101.2275,19.3059],[101.2315,19.3184],[101.2419,19.3257],[101.2285,19.3478],[101.2196,19.3439],[101.2056,19.3497],[101.1906,19.3777],[101.187,19.3994],[101.197,19.3986],[101.195,19.4059],[101.2154,19.4317],[101.2054,19.4582],[101.2113,19.4737],[101.2365,19.4778],[101.239,19.4727],[101.2659,19.4697],[101.2676,19.5037],[101.2853,19.527],[101.2739,19.5508],[101.2878,19.569],[101.2807,19.5825],[101.2469,19.5946],[101.244,19.6035],[101.2064,19.6059],[101.1973,19.577],[101.1795,19.5783],[101.1694,19.5864],[101.1666,19.5812],[101.1226,19.5728],[101.1145,19.5849],[101.0973,19.5845],[101.0791,19.6048],[101.0671,19.6043],[101.0621,19.6196],[101.0351,19.629],[101.0241,19.6306],[101.0141,19.6201],[100.9821,19.6274],[100.9727,19.6193],[100.9402,19.6261],[100.917,19.6215],[100.8948,19.6343]]]}},{"type":"Feature","properties":{"pcode":"TH56","name_en":"Phayao","name_th":"พะเยา"},"geometry":{"type":"Polygon","coordinates":[[[100.4195,19.7285],[100.4066,19.7361],[100.3852,19.7102],[100.3738,19.708],[100.3608,19.7159],[100.338,19.7095],[100.3337,19.7026],[100.3416,19.6878],[100.3315,19.6794],[100.3178,19.6498],[100.2904,19.6427],[100.2835,19.6436],[100.2803,19.652],[100.2691,19.6468],[100.2695,19.6416],[100.2611,19.6488],[100.2299,19.6058],[100.219,19.611],[100.1744,19.6112],[100.1678,19.6019],[100.1735,19.5982],[100.1667,19.5912],[100.1701,19.587],[100.1646,19.5848],[100.1689,19.5756],[100.1623,19.5739],[100.1687,19.5654],[100.1621,19.5426],[100.0975,19.5545],[100.0724,19.5446],[100.0652,19.5034],[100.0686,19.4315],[100.0564,19.4354],[100.0517,19.431],[100.0512,19.4406],[100.0394,19.445],[100.0274,19.4361],[100.0102,19.4389],[100.0106,19.4257],[99.9981,19.4357],[99.992,19.429],[99.9478,19.4285],[99.9201,19.4064],[99.9144,19.4325],[99.8991,19.4257],[99.8944,19.4376],[99.8746,19.4552],[99.8639,19.4459],[99.8438,19.4446],[99.7869,19.451],[99.7751,19.4417],[99.7553,19.4411],[99.7314,19.4242],[99.6829,19.4223],[99.6957,19.381],[99.6914,19.3598],[99.7076,19.3443],[99.7081,19.3293],[99.698,19.3054],[99.7053,19.2761],[99.7031,19.2445],[99.7286,19.1815],[99.7261,19.1699],[99.7391,19.1591],[99.7436,19.1422],[99.7586,19.134],[99.7635,19.09],[99.7743,19.076],[99.7733,19.0642],[99.7955,19.0531],[99.8193,19.0614],[99.8215,19.0482],[99.8337,19.0391],[99.8292,19.0114],[99.8385,19.0016],[99.8715,18.9963],[99.8811,19.0003],[99.8891,18.988],[99.9058,18.9828],[99.9116,18.988],[99.9272,18.9779],[99.9467,18.9425],[99.9664,18.9245],[100.017,18.8957],[100.0336,18.9024],[100.0452,18.885],[100.0612,18.88],[100.0705,18.8647],[100.0609,18.8296],[100.0669,18.8163],[100.0859,18.8278],[100.114,18.8086],[100.1173,18.8196],[100.1334,18.8171],[100.1559,18.8355],[100.1736,18.8134],[100.1875,18.8191],[100.199,18.8145],[100.2263,18.8255],[100.2414,18.8195],[100.302,18.8185],[100.3125,18.8101],[100.3384,18.8132],[100.3404,18.806],[100.3451,18.8139],[100.3361,18.8194],[100.364,18.8485],[100.3662,18.8701],[100.3885,18.8938],[100.391,18.9257],[100.4067,18.9357],[100.4051,18.9447],[100.4239,18.9485],[100.4537,18.9346],[100.4586,18.9425],[100.4825,18.9523],[100.4814,18.9661],[100.4985,18.9785],[100.5044,18.9956],[100.4552,19.0071],[100.4777,19.0243],[100.4799,19.0365],[100.4932,19.0427],[100.4937,19.0524],[100.5314,19.0413],[100.5383,19.0469],[100.5487,19.0403],[100.5568,19.0447],[100.5658,19.0314],[100.5831,19.0312],[100.6042,19.0204],[100.6193,19.0336],[100.5635,19.0796],[100.5729,19.1043],[100.5854,19.0953],[100.6019,19.1048],[100.6096,19.1015],[100.6233,19.1114],[100.6259,19.1229],[100.6226,19.1385],[100.629,19.1546],[100.618,19.1823],[100.6217,19.1995],[100.6167,19.227],[100.6001,19.2522],[100.6118,19.2884],[100.6138,19.3277],[100.6089,19.3342],[100.5917,19.327],[100.5863,19.314],[100.57,19.3046],[100.558,19.3213],[100.5629,19.3395],[100.53,19.3532],[100.5339,19.3673],[100.5215,19.3806],[100.4964,19.3712],[100.4945,19.3801],[100.4847,19.3834],[100.4881,19.3996],[100.5262,19.4089],[100.5643,19.4357],[100.5712,19.4636],[100.5831,19.4755],[100.6025,19.4792],[100.5986,19.5101],[100.5745,19.4996],[100.5498,19.5195],[100.5338,19.5247],[100.5232,19.5194],[100.4856,19.5449],[100.4814,19.5595],[100.4919,19.5786],[100.4843,19.5873],[100.4833,19.6098],[100.4602,19.619],[100.4567,19.6282],[100.4432,19.6348],[100.4439,19.6624],[100.4277,19.6731],[100.4458,19.7071],[100.4377,19.7195],[100.4195,19.7285]]]}},{"type":"Feature","properties":{"pcode":"TH57","name_en":"Chiang Rai","name_th":"เชียงราย"},"geometry":{"type":"Polygon","coordinates":[[[99.9609,20.4648],[99.9321,20.4562],[99.9212,20.4457],[99.9076,20.4499],[99.8933,20.4431],[99.8601,20.4425],[99.8639,20.4331],[99.8594,20.4213],[99.8399,20.4012],[99.8396,20.3744],[99.8107,20.3364],[99.7769,20.3351],[99.7706,20.3418],[99.7579,20.3393],[99.7303,20.3502],[99.7175,20.342],[99.7178,20.3284],[99.6988,20.3267],[99.6817,20.3164],[99.658,20.3279],[99.6442,20.3436],[99.6123,20.332],[99.5579,20.358],[99.5396,20.3561],[99.5157,20.3631],[99.4973,20.3851],[99.4894,20.3835],[99.4728,20.3943],[99.4576,20.3924],[99.4556,20.3625],[99.4884,20.3458],[99.5071,20.3257],[99.5049,20.2944],[99.5179,20.2656],[99.5227,20.2332],[99.5341,20.2317],[99.5637,20.2059],[99.5511,20.1766],[99.541,20.1722],[99.5386,20.1478],[99.5112,20.151],[99.5206,20.1381],[99.5705,20.1222],[99.5708,20.1078],[99.5592,20.0981],[99.5501,20.1039],[99.4912,20.079],[99.4915,20.0655],[99.5052,20.0537],[99.4675,20.0341],[99.4657,20.0259],[99.4783,20.0132],[99.4655,20.0054],[99.4414,19.9632],[99.4186,19.953],[99.4146,19.9315],[99.4204,19.9176],[99.403,19.9147],[99.3814,19.8895],[99.3876,19.8653],[99.415,19.8453],[99.408,19.8318],[99.4206,19.8232],[99.4199,19.814],[99.3804,19.8102],[99.377,19.7792],[99.3615,19.7773],[99.3662,19.7682],[99.3598,19.7263],[99.3489,19.7246],[99.3468,19.7123],[99.3134,19.7076],[99.2968,19.6821],[99.2655,19.6648],[99.258,19.6496],[99.2586,19.6291],[99.2666,19.6253],[99.267,19.6108],[99.2842,19.6036],[99.2928,19.5925],[99.289,19.581],[99.297,19.5612],[99.3168,19.5546],[99.3262,19.5391],[99.3059,19.5266],[99.2945,19.4952],[99.2987,19.487],[99.3078,19.4888],[99.3054,19.4746],[99.3187,19.4548],[99.3081,19.431],[99.3306,19.3984],[99.3231,19.3965],[99.332,19.3781],[99.3343,19.3523],[99.3341,19.3305],[99.3272,19.3193],[99.3393,19.2983],[99.3365,19.284],[99.343,19.2678],[99.3108,19.2241],[99.3145,19.2091],[99.3036,19.1936],[99.3046,19.1825],[99.3194,19.1652],[99.3211,19.1236],[99.3444,19.0864],[99.3603,19.0831],[99.3655,19.0692],[99.3838,19.0631],[99.3813,19.0419],[99.4018,19.0001],[99.4362,19.0079],[99.4716,19.0442],[99.4836,19.0718],[99.5179,19.0806],[99.5291,19.0765],[99.5383,19.0862],[99.5391,19.1114],[99.56,19.1321],[99.5601,19.1434],[99.5366,19.1639],[99.5459,19.1909],[99.5414,19.2063],[99.5489,19.2247],[99.5484,19.2513],[99.5593,19.2571],[99.5645,19.2837],[99.5709,19.2936],[99.5779,19.2939],[99.5806,19.3114],[99.576,19.3258],[99.5812,19.3378],[99.5728,19.3462],[99.5807,19.3524],[99.576,19.3893],[99.5634,19.4043],[99.5648,19.4173],[99.6323,19.3855],[99.6814,19.3915],[99.6886,19.3817],[99.6936,19.3827],[99.6829,19.4223],[99.7314,19.4242],[99.7553,19.4411],[99.7751,19.4417],[99.7869,19.451],[99.8438,19.4446],[99.8639,19.4459],[99.8767,19.4549],[99.8991,19.4257],[99.9144,19.4325],[99.9201,19.4064],[99.9478,19.4285],[99.992,19.429],[99.9981,19.4357],[100.0106,19.4257],[100.0102,19.4389],[100.0274,19.4361],[100.0394,19.445],[100.0512,19.4406],[100.0517,19.431],[100.0564,19.4354],[100.0686,19.4315],[100.0684,19.541],[100.0975,19.5545],[100.1618,19.5425],[100.1687,19.5654],[100.1623,19.5739],[100.1689,19.5756],[100.1646,19.5848],[100.1701,19.587],[100.1667,19.5912],[100.1735,19.5982],[100.1678,19.6019],[100.1744,19.6112],[100.219,19.611],[100.2299,19.6058],[100.2611,19.6488],[100.2695,19.6416],[100.2691,19.6468],[100.2803,19.652],[100.2835,19.6436],[100.2904,19.6427],[100.3178,19.6498],[100.3315,19.6794],[100.3416,19.6878],[100.3337,19.7026],[100.337,19.7086],[100.3608,19.7159],[100.3738,19.708],[100.3855,19.7105],[100.3961,19.7288],[100.4058,19.7337],[100.4041,19.7527],[100.416,19.7816],[100.4385,19.7911],[100.4488,19.8265],[100.4426,19.8362],[100.4497,19.8473],[100.4629,19.8572],[100.4967,19.8652],[100.5011,19.883],[100.5205,19.9033],[100.5141,19.9089],[100.5226,19.9288],[100.5171,19.9428],[100.5411,20.0031],[100.5419,20.0222],[100.552,20.0312],[100.5606,20.0861],[100.57,20.0985],[100.5765,20.1706],[100.5519,20.1752],[100.5268,20.1434],[100.5081,20.1504],[100.4794,20.1877],[100.4563,20.199],[100.4525,20.2325],[100.4142,20.2554],[100.4062,20.2821],[100.383,20.3135],[100.3758,20.3499],[100.3592,20.3559],[100.355,20.3788],[100.3311,20.3984],[100.3138,20.4022],[100.2652,20.3986],[100.2495,20.3851],[100.2459,20.3677],[100.2262,20.3551],[100.2286,20.3326],[100.2219,20.3186],[100.1691,20.3008],[100.1691,20.2835],[100.1804,20.2659],[100.171,20.2455],[100.1084,20.2525],[100.0913,20.2712],[100.0993,20.3083],[100.0792,20.3626],[100.086,20.3684],[100.077,20.3739],[100.0788,20.3801],[100.0672,20.3747],[100.0721,20.3889],[100.0635,20.3861],[100.0662,20.3945],[100.056,20.396],[100.054,20.3876],[100.0424,20.3986],[100.0396,20.3929],[100.0367,20.4021],[100.0196,20.4064],[100.0087,20.4188],[100.004,20.4126],[99.9985,20.4195],[99.9898,20.4179],[99.995,20.4215],[99.9869,20.4228],[99.9927,20.427],[99.9844,20.4296],[99.989,20.4365],[99.9761,20.4392],[99.9803,20.4506],[99.967,20.4544],[99.9701,20.4594],[99.9653,20.4573],[99.9609,20.4648]]]}},{"type":"Feature","properties":{"pcode":"TH58","name_en":"Mae Hong Son","name_th":"แม่ฮ่องสอน"},"geometry":{"type":"Polygon","coordinates":[[[98.0591,19.8039],[98.0487,19.8153],[98.0339,19.8043],[98.0396,19.7997],[98.033,19.7831],[98.0377,19.7652],[98.0319,19.7251],[98.025,19.7218],[98.0345,19.7006],[98.0286,19.6881],[98.0313,19.6741],[98.0423,19.6658],[98.0445,19.6557],[98.0384,19.6436],[98.0009,19.6331],[97.9846,19.6405],[97.9728,19.6345],[97.9751,19.6026],[97.9609,19.599],[97.9597,19.5933],[97.9424,19.5978],[97.9014,19.5784],[97.8794,19.5814],[97.8616,19.5757],[97.855,19.5318],[97.8684,19.5231],[97.8757,19.5064],[97.8881,19.5006],[97.873,19.4956],[97.8717,19.4849],[97.8611,19.4816],[97.8579,19.4691],[97.8284,19.4418],[97.8269,19.4296],[97.8139,19.4135],[97.7858,19.3987],[97.8045,19.3853],[97.7983,19.3529],[97.8256,19.3233],[97.8287,19.3026],[97.8401,19.3004],[97.8429,19.2927],[97.8107,19.2797],[97.8012,19.289],[97.7904,19.2832],[97.783,19.2676],[97.8093,19.2532],[97.8175,19.2381],[97.8268,19.2366],[97.8256,19.2292],[97.8412,19.2248],[97.8451,19.2156],[97.8451,19.2022],[97.8379,19.1954],[97.8444,19.1818],[97.8387,19.1704],[97.8445,19.1493],[97.8343,19.1359],[97.8406,19.1179],[97.8364,19.0939],[97.811,19.0907],[97.7919,19.0738],[97.7687,19.0728],[97.7645,19.066],[97.7713,19.0558],[97.7691,19.0448],[97.7604,19.0387],[97.7356,19.0404],[97.7372,18.9779],[97.722,18.9675],[97.7053,18.9677],[97.7074,18.9577],[97.6917,18.9486],[97.684,18.9529],[97.6678,18.9479],[97.6674,18.9317],[97.6893,18.9254],[97.6889,18.9159],[97.7036,18.8978],[97.7196,18.8864],[97.7364,18.8868],[97.7413,18.8814],[97.7393,18.8666],[97.7486,18.8443],[97.7391,18.8272],[97.7527,18.8082],[97.7484,18.7976],[97.7534,18.7674],[97.763,18.7584],[97.7517,18.737],[97.7578,18.7126],[97.7739,18.6888],[97.7674,18.6689],[97.7723,18.6554],[97.7671,18.6328],[97.7739,18.6103],[97.769,18.5785],[97.7517,18.576],[97.7318,18.5865],[97.7226,18.5737],[97.7013,18.5695],[97.6506,18.5769],[97.6354,18.5589],[97.627,18.5656],[97.6144,18.5612],[97.6202,18.5395],[97.6133,18.5456],[97.6032,18.5361],[97.5719,18.5351],[97.5636,18.5218],[97.5453,18.5296],[97.5342,18.4912],[97.5182,18.4978],[97.5009,18.494],[97.4914,18.5095],[97.4822,18.5111],[97.4654,18.4972],[97.4441,18.4953],[97.436,18.521],[97.429,18.5253],[97.4272,18.545],[97.409,18.5556],[97.4037,18.5666],[97.3892,18.5602],[97.3627,18.5604],[97.3618,18.5995],[97.3441,18.5778],[97.3434,18.5638],[97.3534,18.5344],[97.3856,18.507],[97.3985,18.4582],[97.4164,18.438],[97.4254,18.4093],[97.4399,18.4048],[97.4519,18.3892],[97.4416,18.3589],[97.4467,18.3314],[97.5018,18.2674],[97.5202,18.2729],[97.5357,18.2861],[97.55,18.3325],[97.5588,18.3387],[97.5754,18.3384],[97.6184,18.3186],[97.6387,18.2883],[97.6391,18.2804],[97.6112,18.2506],[97.609,18.2385],[97.6515,18.1779],[97.6752,18.1622],[97.6776,18.115],[97.6903,18.0883],[97.6892,18.0799],[97.68,18.0751],[97.6817,18.0642],[97.6877,18.0602],[97.6972,18.0666],[97.7077,18.0565],[97.7372,17.9773],[97.7334,17.9554],[97.7075,17.9464],[97.6873,17.9255],[97.672,17.8829],[97.6988,17.8199],[97.703,17.8156],[97.7185,17.819],[97.7231,17.7996],[97.7526,17.7781],[97.7851,17.7851],[97.795,17.7771],[97.8163,17.7866],[97.8461,17.7789],[97.9025,17.8097],[97.906,17.8201],[97.8992,17.8316],[97.9126,17.8547],[97.9697,17.8676],[97.9704,17.8479],[97.9824,17.8387],[97.9752,17.8229],[97.9799,17.8232],[97.9797,17.8139],[97.9915,17.8102],[97.9854,17.8068],[97.9956,17.7881],[97.9897,17.7858],[97.9964,17.7858],[97.9967,17.7763],[98.0108,17.7675],[98.0126,17.7483],[98.0219,17.738],[98.0142,17.7402],[98.015,17.733],[98.0275,17.7208],[98.0231,17.7103],[98.0308,17.7106],[98.0405,17.6747],[98.0463,17.6646],[98.0572,17.6629],[98.0614,17.6486],[98.0875,17.637],[98.1233,17.6577],[98.1453,17.6832],[98.1534,17.7297],[98.1491,17.7458],[98.1398,17.749],[98.1353,17.7597],[98.1472,17.7766],[98.1325,17.7967],[98.1147,17.7984],[98.1087,17.7935],[98.0879,17.8084],[98.0733,17.8292],[98.0696,17.8533],[98.0595,17.8577],[98.0541,17.8704],[98.0324,17.8762],[98.027,17.8886],[98.0104,17.8958],[98.008,17.9219],[98.0119,17.9273],[98.0168,17.9201],[98.0228,17.9362],[98.0346,17.9426],[98.09,17.9633],[98.1222,17.946],[98.1334,17.946],[98.1436,17.9354],[98.1616,17.9705],[98.1799,17.9719],[98.1837,17.9812],[98.2462,17.9896],[98.2431,18.0193],[98.254,18.0266],[98.2638,18.0497],[98.2767,18.0525],[98.2895,18.0782],[98.2868,18.085],[98.2565,18.0877],[98.2473,18.0759],[98.2411,18.0791],[98.2427,18.088],[98.2285,18.0885],[98.2335,18.0919],[98.2303,18.0987],[98.2235,18.0902],[98.2062,18.0883],[98.1907,18.114],[98.1654,18.1194],[98.1629,18.1338],[98.168,18.1412],[98.1558,18.1637],[98.167,18.1682],[98.1666,18.1822],[98.1761,18.1921],[98.1662,18.2046],[98.169,18.2227],[98.1504,18.2245],[98.139,18.2404],[98.1429,18.2522],[98.1356,18.2681],[98.1384,18.2812],[98.1528,18.2864],[98.1933,18.2851],[98.2082,18.3076],[98.1976,18.3333],[98.1454,18.363],[98.1356,18.3857],[98.1228,18.3945],[98.1258,18.4064],[98.0937,18.4214],[98.0826,18.4178],[98.074,18.4294],[98.0827,18.4459],[98.1056,18.4583],[98.1224,18.5026],[98.1543,18.5124],[98.1629,18.5248],[98.1703,18.5251],[98.1752,18.5472],[98.2093,18.538],[98.232,18.5572],[98.2372,18.5693],[98.2274,18.5867],[98.2129,18.5909],[98.2107,18.6072],[98.1824,18.6097],[98.1828,18.6252],[98.1611,18.6264],[98.1437,18.6394],[98.1181,18.6345],[98.1054,18.6486],[98.1127,18.6703],[98.1048,18.677],[98.1073,18.6882],[98.1002,18.7039],[98.1077,18.7133],[98.1022,18.7355],[98.0937,18.7383],[98.1207,18.7591],[98.1219,18.7755],[98.1076,18.7802],[98.0932,18.7766],[98.0861,18.793],[98.0883,18.8044],[98.0784,18.8214],[98.0921,18.8702],[98.1298,18.9118],[98.1436,18.9116],[98.1573,18.9202],[98.1566,18.937],[98.1664,18.9395],[98.1726,18.9513],[98.1636,18.981],[98.1692,18.9988],[98.1859,19.0147],[98.1844,19.0318],[98.2052,19.0488],[98.2086,19.0627],[98.2382,19.1023],[98.2506,19.1083],[98.2405,19.1397],[98.2431,19.1535],[98.252,19.1609],[98.2654,19.152],[98.3204,19.1559],[98.3418,19.1516],[98.3392,19.1431],[98.3497,19.1319],[98.3429,19.1225],[98.3527,19.0912],[98.3718,19.0846],[98.3727,19.0666],[98.393,19.0553],[98.4008,19.0364],[98.4202,19.0272],[98.4396,19.0486],[98.5056,19.0362],[98.5298,19.0253],[98.5443,19.0269],[98.5682,19.0459],[98.5822,19.0486],[98.5945,19.0431],[98.621,19.0679],[98.6388,19.0664],[98.6522,19.0943],[98.6441,19.1052],[98.6383,19.1547],[98.6229,19.1577],[98.6228,19.1681],[98.6075,19.173],[98.6023,19.1828],[98.5856,19.1861],[98.5684,19.2074],[98.5716,19.2164],[98.5853,19.2175],[98.5992,19.2297],[98.5873,19.2554],[98.6049,19.2798],[98.5943,19.2892],[98.6023,19.3103],[98.5891,19.3324],[98.594,19.3397],[98.5901,19.3533],[98.5966,19.3623],[98.5815,19.3662],[98.573,19.3873],[98.5773,19.3987],[98.5879,19.3982],[98.5962,19.407],[98.5855,19.4154],[98.5844,19.4398],[98.5913,19.4629],[98.6001,19.4707],[98.5844,19.5057],[98.5753,19.5124],[98.5682,19.5076],[98.565,19.5144],[98.5659,19.5469],[98.5423,19.5585],[98.5357,19.6018],[98.5402,19.6111],[98.5266,19.6137],[98.5215,19.6262],[98.5043,19.6312],[98.4814,19.6547],[98.4721,19.6563],[98.4701,19.6856],[98.4609,19.6976],[98.4144,19.6929],[98.3931,19.7044],[98.3697,19.6895],[98.3232,19.6987],[98.2965,19.6825],[98.2682,19.6838],[98.2483,19.6767],[98.2317,19.6972],[98.2382,19.7085],[98.2295,19.727],[98.2171,19.7252],[98.1929,19.7383],[98.1843,19.7597],[98.1687,19.7706],[98.151,19.7741],[98.1354,19.7883],[98.1009,19.7721],[98.0912,19.7905],[98.0834,19.7923],[98.0839,19.8099],[98.0667,19.81],[98.0591,19.8039]]]}},{"type":"Feature","properties":{"pcode":"TH60","name_en":"Nakhon Sawan","name_th":"นครสวรรค์"},"geometry":{"type":"Polygon","coordinates":[[[100.0266,16.189],[100.0219,16.1883],[100.0167,16.1489],[99.9968,16.1333],[99.9965,16.123],[99.9729,16.1103],[99.9583,16.0863],[99.9409,16.0719],[99.9351,16.056],[99.9102,16.0517],[99.895,16.0395],[99.8737,16.0369],[99.8452,16.0235],[99.8475,15.9818],[99.8283,15.9629],[99.8252,15.9506],[99.8072,15.9441],[99.805,15.9206],[99.7859,15.9274],[99.7692,15.9219],[99.7735,15.9031],[99.751,15.8813],[99.7438,15.8583],[99.7235,15.8731],[99.6978,15.8774],[99.6636,15.8553],[99.6579,15.8621],[99.6617,15.8752],[99.6454,15.8863],[99.6338,15.885],[99.6291,15.8761],[99.6241,15.8873],[99.5988,15.8976],[99.5927,15.9064],[99.5577,15.9062],[99.5541,15.9158],[99.5386,15.9248],[99.5312,15.9203],[99.5022,15.9284],[99.4785,15.9219],[99.477,15.9024],[99.4663,15.9007],[99.4311,15.9094],[99.4256,15.9203],[99.4151,15.9105],[99.4043,15.9106],[99.3917,15.9172],[99.3736,15.9154],[99.3581,15.926],[99.3296,15.9116],[99.3198,15.9275],[99.3201,15.9178],[99.3106,15.9179],[99.31,15.9044],[99.2973,15.9089],[99.29,15.9051],[99.2896,15.8916],[99.2711,15.9121],[99.2661,15.9076],[99.2343,15.9282],[99.2229,15.9445],[99.2192,15.9367],[99.2089,15.9484],[99.2043,15.9363],[99.1943,15.9454],[99.1862,15.9283],[99.1724,15.9372],[99.1737,15.9283],[99.1534,15.9199],[99.1458,15.9078],[99.1376,15.9056],[99.1285,15.9121],[99.0955,15.8826],[99.0861,15.8845],[99.0975,15.8712],[99.0966,15.8318],[99.1033,15.8212],[99.1237,15.8144],[99.1337,15.7983],[99.1619,15.791],[99.1657,15.7782],[99.187,15.7836],[99.2135,15.7798],[99.2455,15.7223],[99.2768,15.7165],[99.2968,15.6929],[99.3331,15.6915],[99.3547,15.682],[99.372,15.6636],[99.368,15.6499],[99.3787,15.626],[99.4228,15.6143],[99.4263,15.605],[99.4501,15.5913],[99.4548,15.5815],[99.4616,15.5823],[99.4714,15.564],[99.4909,15.5704],[99.5043,15.5618],[99.5172,15.5627],[99.5256,15.5715],[99.5489,15.5758],[99.5963,15.6284],[99.6269,15.6426],[99.6601,15.649],[99.6693,15.6699],[99.7059,15.6859],[99.7174,15.6813],[99.7338,15.688],[99.7648,15.6613],[99.7832,15.6598],[99.7947,15.6425],[99.8573,15.6174],[99.8658,15.6186],[99.8638,15.654],[99.9325,15.6723],[99.942,15.6199],[99.9373,15.5981],[99.947,15.5011],[99.9596,15.507],[100.0005,15.4837],[100.0098,15.4919],[100.0071,15.5014],[100.0346,15.5104],[100.0241,15.4823],[100.013,15.4732],[100.0469,15.457],[100.0493,15.443],[100.0627,15.4385],[100.0544,15.4238],[100.0935,15.4234],[100.14,15.4043],[100.1439,15.3904],[100.1619,15.3809],[100.1806,15.3808],[100.2178,15.3634],[100.2155,15.359],[100.2225,15.3587],[100.2247,15.3655],[100.2504,15.355],[100.2651,15.3226],[100.2628,15.3132],[100.2515,15.3057],[100.2536,15.2913],[100.263,15.2873],[100.2688,15.2538],[100.2785,15.2498],[100.2743,15.2243],[100.2922,15.2182],[100.2982,15.18],[100.3197,15.1582],[100.3398,15.1506],[100.346,15.1279],[100.356,15.1177],[100.3546,15.0967],[100.4244,15.0516],[100.4448,15.0916],[100.4578,15.1041],[100.4591,15.1163],[100.475,15.1068],[100.507,15.1304],[100.5319,15.1836],[100.549,15.1891],[100.5902,15.2296],[100.584,15.2426],[100.5912,15.2474],[100.6202,15.2427],[100.59,15.2685],[100.5973,15.2794],[100.5933,15.2877],[100.6112,15.2947],[100.622,15.319],[100.6337,15.324],[100.632,15.3612],[100.6422,15.3726],[100.6438,15.4175],[100.6586,15.4275],[100.6589,15.4354],[100.6668,15.4331],[100.6789,15.4526],[100.7052,15.4394],[100.7697,15.463],[100.7688,15.4963],[100.7529,15.5016],[100.746,15.5133],[100.7592,15.5189],[100.7583,15.5256],[100.7694,15.534],[100.7906,15.5377],[100.831,15.5626],[100.8134,15.578],[100.8183,15.5858],[100.8078,15.5928],[100.8256,15.6151],[100.8195,15.6276],[100.8274,15.6447],[100.8231,15.662],[100.8281,15.6666],[100.8258,15.6757],[100.8335,15.6807],[100.8255,15.6848],[100.8174,15.7075],[100.8248,15.7502],[100.7984,15.8257],[100.8092,15.8387],[100.8115,15.8581],[100.8045,15.8684],[100.8098,15.8854],[100.7696,15.9024],[100.7624,15.9224],[100.7678,15.9349],[100.7549,15.9431],[100.7425,15.9858],[100.69,15.9934],[100.6541,16.0269],[100.6373,16.006],[100.6255,16.0025],[100.6169,15.9834],[100.5884,15.9634],[100.5805,15.9452],[100.5632,15.9443],[100.5453,15.9253],[100.5241,15.9192],[100.5195,15.9253],[100.5301,15.9373],[100.52,15.9407],[100.4789,15.9345],[100.4514,15.9373],[100.4454,15.9302],[100.4267,15.9385],[100.4114,15.9299],[100.3784,15.9409],[100.3382,15.9378],[100.3312,15.9407],[100.3464,15.974],[100.3223,15.9879],[100.3235,15.9744],[100.3065,15.9735],[100.3099,15.9611],[100.2686,15.9396],[100.2625,15.942],[100.2622,15.9575],[100.2544,15.9613],[100.2415,15.9467],[100.2475,15.9384],[100.229,15.927],[100.2009,15.9349],[100.1801,15.9293],[100.1681,15.9575],[100.1603,15.9599],[100.162,15.9781],[100.1476,15.9892],[100.1311,16.0181],[100.1304,16.0355],[100.1153,16.0468],[100.1183,16.0589],[100.1086,16.0761],[100.1133,16.0803],[100.096,16.0944],[100.0946,16.1107],[100.0769,16.1244],[100.0863,16.1415],[100.0767,16.1473],[100.0765,16.1615],[100.0631,16.1593],[100.0442,16.1682],[100.0375,16.1827],[100.0266,16.189]]]}},{"type":"Feature","properties":{"pcode":"TH61","name_en":"Uthai Thani","name_th":"อุทัยธานี"},"geometry":{"type":"Polygon","coordinates":[[[99.139,15.7965],[99.1337,15.7983],[99.1361,15.7891],[99.1273,15.7682],[99.1389,15.7313],[99.1282,15.7226],[99.1268,15.6954],[99.1113,15.6678],[99.1158,15.6321],[99.1064,15.6148],[99.0972,15.6111],[99.0909,15.5898],[99.0941,15.5823],[99.0518,15.5636],[99.0481,15.5555],[99.0547,15.526],[99.0785,15.4994],[99.0641,15.472],[99.0588,15.4393],[99.0676,15.4205],[99.0696,15.3961],[99.0435,15.3757],[99.0431,15.3462],[99.0311,15.3362],[99.0311,15.3026],[99.0384,15.2885],[99.0238,15.2787],[99.0167,15.2653],[99.0195,15.2462],[99.0062,15.2386],[99.0085,15.2082],[99.0023,15.1847],[98.989,15.1869],[98.984,15.18],[99.0016,15.1621],[99.0076,15.1444],[98.9993,15.1357],[98.9973,15.1049],[99.0119,15.0868],[98.9997,15.071],[99.0086,15.0703],[99.0281,15.0496],[99.0679,15.0475],[99.0784,15.0386],[99.1141,15.0445],[99.1186,15.0548],[99.13,15.0493],[99.1432,15.0518],[99.1469,15.0473],[99.1353,15.0375],[99.1578,15.0175],[99.1697,15.0141],[99.1914,15.0273],[99.2038,15.0143],[99.2332,15.0125],[99.2572,14.9875],[99.2828,14.9976],[99.276,15.0134],[99.3032,15.0623],[99.3198,15.0809],[99.3394,15.0805],[99.3706,15.0509],[99.4159,15.0473],[99.4264,15.015],[99.445,14.9912],[99.4779,14.9915],[99.5263,14.9806],[99.5346,14.968],[99.5646,14.9621],[99.5882,14.9448],[99.6313,14.9433],[99.6271,14.9794],[99.6319,14.9838],[99.6272,14.9874],[99.6389,14.9903],[99.676,14.9839],[99.6945,14.9686],[99.7194,14.9602],[99.724,14.9675],[99.7197,14.9815],[99.7289,14.9951],[99.7691,15.0226],[99.777,15.0535],[99.7725,15.0584],[99.7925,15.0899],[99.7908,15.1003],[99.7675,15.1298],[99.7717,15.1406],[99.749,15.165],[99.7608,15.1751],[99.7301,15.2132],[99.7335,15.2417],[99.7273,15.2496],[99.7327,15.2688],[99.7381,15.2664],[99.7535,15.2946],[99.7638,15.2989],[99.7642,15.308],[99.7573,15.3119],[99.7866,15.3195],[99.837,15.3088],[99.8514,15.3111],[99.8768,15.3021],[99.8835,15.2871],[99.9579,15.3061],[99.9673,15.2985],[100.0055,15.302],[100.0203,15.2912],[100.0366,15.293],[100.0477,15.2649],[100.0571,15.2632],[100.0608,15.2828],[100.0808,15.2997],[100.0783,15.3182],[100.0989,15.3319],[100.0996,15.3487],[100.0736,15.3722],[100.0788,15.3801],[100.1056,15.3746],[100.1055,15.3821],[100.0876,15.4025],[100.0897,15.4128],[100.1019,15.4174],[100.0774,15.4269],[100.0544,15.4238],[100.0627,15.4385],[100.0493,15.443],[100.0469,15.457],[100.013,15.4732],[100.0241,15.4823],[100.0346,15.5104],[100.0071,15.5014],[100.0098,15.4919],[100.0005,15.4837],[99.9597,15.5069],[99.9459,15.5031],[99.9373,15.5981],[99.942,15.6199],[99.9325,15.6723],[99.8638,15.654],[99.8658,15.6186],[99.8573,15.6174],[99.7947,15.6425],[99.7832,15.6598],[99.7648,15.6613],[99.7338,15.688],[99.7174,15.6813],[99.7059,15.6859],[99.6693,15.6699],[99.6601,15.649],[99.6269,15.6426],[99.5963,15.6284],[99.5489,15.5758],[99.5256,15.5715],[99.5172,15.5627],[99.5043,15.5618],[99.4909,15.5704],[99.4715,15.5639],[99.4616,15.5823],[99.4548,15.5815],[99.4501,15.5913],[99.4263,15.605],[99.4228,15.6143],[99.3787,15.626],[99.368,15.6499],[99.372,15.6636],[99.3547,15.682],[99.3331,15.6915],[99.2968,15.6929],[99.2768,15.7165],[99.2455,15.7223],[99.2135,15.7798],[99.187,15.7836],[99.1662,15.778],[99.1589,15.7931],[99.139,15.7965]]]}},{"type":"Feature","properties":{"pcode":"TH62","name_en":"Kamphaeng Phet","name_th":"กำแพงเพชร"},"geometry":{"type":"Polygon","coordinates":[[[99.4887,16.9104],[99.4739,16.9053],[99.4476,16.8699],[99.4231,16.883],[99.4111,16.8725],[99.3835,16.8666],[99.378,16.8478],[99.3873,16.8382],[99.382,16.8218],[99.3883,16.8132],[99.3854,16.8078],[99.3696,16.8035],[99.3458,16.8133],[99.3247,16.8132],[99.3153,16.7941],[99.2918,16.785],[99.2951,16.7721],[99.3056,16.768],[99.2957,16.7198],[99.2829,16.7062],[99.2822,16.6897],[99.2714,16.6847],[99.272,16.6687],[99.2473,16.6632],[99.2472,16.6442],[99.2409,16.6417],[99.243,16.6187],[99.255,16.603],[99.2498,16.59],[99.2564,16.5688],[99.2447,16.5539],[99.248,16.5495],[99.2403,16.5337],[99.2193,16.5276],[99.2,16.5311],[99.1909,16.5392],[99.1913,16.5308],[99.1805,16.5325],[99.1708,16.5217],[99.1675,16.5105],[99.1739,16.511],[99.1658,16.503],[99.1619,16.5067],[99.1542,16.4991],[99.1399,16.5005],[99.1219,16.474],[99.1073,16.481],[99.0988,16.4728],[99.0744,16.4671],[99.0544,16.4444],[99.0404,16.4379],[99.0308,16.4217],[99.0198,16.4186],[99.0164,16.3867],[99.0367,16.3832],[99.0448,16.3537],[99.0426,16.3389],[99.0516,16.3339],[99.0534,16.309],[99.0421,16.2921],[99.0485,16.2601],[99.0813,16.2093],[99.068,16.1654],[99.0508,16.1613],[99.0501,16.1379],[99.0806,16.1248],[99.0943,16.1026],[99.1065,16.1022],[99.1064,16.087],[99.1174,16.0746],[99.1055,16.0495],[99.0872,16.0424],[99.0833,16.0222],[99.0886,15.9797],[99.0744,15.9541],[99.0863,15.9481],[99.097,15.9304],[99.0862,15.9146],[99.0861,15.8845],[99.0955,15.8826],[99.1285,15.9121],[99.1376,15.9056],[99.1458,15.9078],[99.1534,15.9199],[99.1737,15.9283],[99.1724,15.9372],[99.1862,15.9283],[99.1943,15.9454],[99.2043,15.9363],[99.21,15.9484],[99.2176,15.9435],[99.2136,15.939],[99.2196,15.9368],[99.2226,15.9446],[99.2343,15.9282],[99.2661,15.9076],[99.2711,15.9121],[99.2896,15.8916],[99.29,15.9051],[99.2973,15.9089],[99.31,15.9044],[99.3106,15.9179],[99.3201,15.9178],[99.3198,15.9275],[99.3296,15.9116],[99.3581,15.926],[99.3736,15.9154],[99.3917,15.9172],[99.4043,15.9106],[99.4151,15.9105],[99.4256,15.9203],[99.4311,15.9094],[99.4663,15.9007],[99.477,15.9024],[99.4785,15.9219],[99.5022,15.9284],[99.5312,15.9203],[99.5386,15.9248],[99.5541,15.9158],[99.5577,15.9062],[99.5927,15.9064],[99.5988,15.8976],[99.6241,15.8873],[99.6291,15.8761],[99.6338,15.885],[99.6454,15.8863],[99.6617,15.8752],[99.6579,15.8621],[99.6636,15.8553],[99.6978,15.8774],[99.7235,15.8731],[99.7438,15.8583],[99.751,15.8813],[99.7735,15.9031],[99.7692,15.9219],[99.7859,15.9274],[99.805,15.9206],[99.8072,15.9441],[99.8252,15.9506],[99.8283,15.9629],[99.8475,15.9818],[99.8452,16.0235],[99.8737,16.0369],[99.895,16.0395],[99.9102,16.0517],[99.9351,16.056],[99.9409,16.0719],[99.9583,16.0863],[99.9729,16.1103],[99.9965,16.123],[99.9968,16.1333],[100.0167,16.1489],[100.0222,16.1888],[100.0468,16.2072],[100.0213,16.2506],[100.0312,16.2794],[100.0191,16.297],[100.0213,16.3129],[99.9837,16.3791],[99.9946,16.4053],[99.9939,16.4401],[100.0018,16.4626],[100.0346,16.5017],[100.0249,16.5202],[100.0106,16.5212],[100.0084,16.5301],[100.0149,16.5826],[100.0059,16.5859],[100.004,16.5791],[99.9844,16.5746],[99.9709,16.5799],[99.9426,16.5744],[99.9254,16.5787],[99.8887,16.6711],[99.8918,16.6864],[99.8847,16.6939],[99.8905,16.6976],[99.8852,16.7011],[99.8967,16.7055],[99.8886,16.715],[99.8837,16.7111],[99.8729,16.7154],[99.8717,16.725],[99.8534,16.7353],[99.8454,16.7154],[99.8326,16.7148],[99.8283,16.7242],[99.8146,16.7206],[99.8035,16.7104],[99.8093,16.6982],[99.7923,16.6863],[99.7689,16.6827],[99.7596,16.6849],[99.7556,16.7216],[99.7417,16.7295],[99.7449,16.7441],[99.7198,16.7226],[99.7088,16.7248],[99.697,16.7166],[99.6933,16.7318],[99.6753,16.7276],[99.6538,16.7465],[99.6412,16.7446],[99.6222,16.757],[99.6028,16.7892],[99.594,16.7906],[99.5784,16.8072],[99.5813,16.8194],[99.5723,16.8351],[99.5708,16.8595],[99.5595,16.8531],[99.5448,16.8624],[99.5417,16.84],[99.5309,16.8253],[99.517,16.8583],[99.5142,16.8825],[99.4974,16.8926],[99.4887,16.9104]]]}},{"type":"Feature","properties":{"pcode":"TH63","name_en":"Tak","name_th":"ตาก"},"geometry":{"type":"Polygon","coordinates":[[[97.9732,17.8645],[97.9683,17.8679],[97.9497,17.8593],[97.9126,17.8547],[97.8992,17.8316],[97.906,17.8201],[97.9025,17.8097],[97.8495,17.78],[97.8163,17.7866],[97.7954,17.7771],[97.7851,17.7851],[97.7623,17.7765],[97.7424,17.7858],[97.7463,17.7695],[97.7583,17.7707],[97.7744,17.7515],[97.7621,17.746],[97.7639,17.723],[97.7909,17.6922],[97.7941,17.6791],[97.8196,17.6605],[97.8497,17.6251],[97.9056,17.5841],[97.9231,17.5393],[97.9623,17.5273],[97.9709,17.5078],[97.9915,17.5107],[98.0364,17.4521],[98.0554,17.442],[98.0454,17.4297],[98.06,17.4207],[98.0797,17.3902],[98.0882,17.3963],[98.1101,17.3853],[98.1089,17.3768],[98.1194,17.372],[98.1047,17.354],[98.1119,17.3196],[98.1251,17.3206],[98.1374,17.2999],[98.1347,17.2927],[98.1465,17.2919],[98.1611,17.2799],[98.1666,17.2628],[98.2041,17.2503],[98.2127,17.2285],[98.2271,17.2208],[98.2387,17.2303],[98.2441,17.2266],[98.2275,17.2043],[98.2465,17.2106],[98.2438,17.1987],[98.2515,17.1969],[98.2498,17.1821],[98.2626,17.1874],[98.2594,17.1754],[98.2797,17.1728],[98.2671,17.1608],[98.2717,17.1515],[98.2877,17.1561],[98.2975,17.1483],[98.2967,17.1416],[98.2845,17.1435],[98.2801,17.1153],[98.2928,17.1133],[98.2978,17.1273],[98.3012,17.1074],[98.3225,17.111],[98.3164,17.0952],[98.3087,17.1012],[98.2996,17.0921],[98.3128,17.0885],[98.3181,17.0685],[98.3445,17.0479],[98.3901,17.0604],[98.3959,17.0474],[98.4039,17.056],[98.4112,17.0539],[98.416,17.043],[98.438,17.0354],[98.4302,17.0219],[98.4555,17.0212],[98.4475,16.997],[98.4585,16.9911],[98.4715,16.9959],[98.4805,16.9806],[98.4686,16.971],[98.4871,16.9713],[98.4884,16.9576],[98.4993,16.9575],[98.5075,16.9493],[98.5042,16.9444],[98.4957,16.9501],[98.4828,16.9361],[98.491,16.934],[98.4901,16.9223],[98.5055,16.9277],[98.5009,16.9181],[98.5067,16.9108],[98.509,16.9162],[98.5219,16.9171],[98.5127,16.9022],[98.5359,16.8981],[98.5259,16.885],[98.54,16.861],[98.5198,16.8785],[98.5087,16.8797],[98.5155,16.8574],[98.5112,16.8557],[98.5063,16.8672],[98.4996,16.8633],[98.4921,16.8421],[98.5024,16.8325],[98.5142,16.8375],[98.5257,16.8271],[98.537,16.8292],[98.5476,16.8141],[98.5149,16.8048],[98.5159,16.7982],[98.5258,16.7987],[98.5198,16.7899],[98.5104,16.7978],[98.5027,16.7856],[98.495,16.792],[98.4852,16.7894],[98.4898,16.772],[98.4769,16.7637],[98.4783,16.7461],[98.462,16.7498],[98.4688,16.7387],[98.4631,16.7292],[98.4778,16.7188],[98.4707,16.7125],[98.4845,16.7168],[98.4911,16.7087],[98.4946,16.7157],[98.5015,16.7152],[98.4951,16.6907],[98.511,16.7009],[98.5162,16.6946],[98.5122,16.644],[98.5219,16.6501],[98.5344,16.6353],[98.544,16.6385],[98.559,16.6356],[98.5612,16.6298],[98.5707,16.632],[98.5705,16.6068],[98.5769,16.6063],[98.5773,16.5977],[98.5825,16.6004],[98.5863,16.5878],[98.5792,16.5751],[98.5863,16.5664],[98.5762,16.5734],[98.5728,16.5699],[98.5789,16.5651],[98.5764,16.5583],[98.5851,16.5584],[98.5826,16.5482],[98.5876,16.5443],[98.5972,16.5466],[98.5955,16.5369],[98.6273,16.4947],[98.6334,16.4775],[98.6426,16.4785],[98.6515,16.4702],[98.6575,16.4543],[98.6391,16.4313],[98.6359,16.4114],[98.6564,16.3993],[98.6484,16.3941],[98.6577,16.3782],[98.6533,16.37],[98.6644,16.3649],[98.6528,16.3516],[98.6662,16.3467],[98.6689,16.326],[98.6632,16.3192],[98.6719,16.3173],[98.666,16.2923],[98.6685,16.2836],[98.6746,16.2834],[98.6751,16.2717],[98.6814,16.2815],[98.6947,16.2697],[98.7034,16.2708],[98.7067,16.2939],[98.7189,16.2952],[98.7187,16.3106],[98.7276,16.3145],[98.7287,16.3309],[98.7471,16.3464],[98.7772,16.3439],[98.7845,16.3682],[98.8169,16.3847],[98.8132,16.3944],[98.8299,16.4219],[98.8456,16.4186],[98.8606,16.4284],[98.8778,16.4252],[98.9186,16.3845],[98.9202,16.3696],[98.9092,16.3469],[98.9264,16.3442],[98.9312,16.3251],[98.9242,16.3071],[98.9108,16.2982],[98.9108,16.2686],[98.904,16.2546],[98.8871,16.2479],[98.8783,16.2302],[98.8722,16.2391],[98.8521,16.2198],[98.8611,16.1977],[98.854,16.1927],[98.8604,16.1867],[98.8614,16.1696],[98.8506,16.1608],[98.8479,16.1277],[98.8315,16.1263],[98.8294,16.1171],[98.8054,16.1044],[98.7888,16.1109],[98.778,16.1289],[98.7686,16.1205],[98.7436,16.1186],[98.7171,16.124],[98.7087,16.1352],[98.6867,16.133],[98.6779,16.1273],[98.6773,16.1122],[98.6664,16.1107],[98.6745,16.0956],[98.6592,16.0829],[98.6629,16.0753],[98.6397,16.0617],[98.6265,16.0625],[98.631,16.0507],[98.625,16.046],[98.6082,16.0425],[98.6089,16.0609],[98.6008,16.0731],[98.5901,16.0759],[98.5805,16.0704],[98.5786,16.0602],[98.567,16.0565],[98.5611,16.0323],[98.5971,16.008],[98.6084,15.9775],[98.6063,15.9654],[98.594,15.9594],[98.584,15.918],[98.5956,15.8751],[98.6106,15.8763],[98.5769,15.8],[98.5467,15.6821],[98.5578,15.6525],[98.5837,15.6604],[98.5903,15.6444],[98.6133,15.6448],[98.6268,15.6386],[98.6255,15.6265],[98.6403,15.6381],[98.6478,15.6334],[98.6613,15.5983],[98.7238,15.5175],[98.7185,15.5062],[98.7033,15.5101],[98.703,15.501],[98.7373,15.4794],[98.7477,15.4826],[98.7602,15.4714],[98.7546,15.4407],[98.7794,15.4231],[98.7833,15.4084],[98.8294,15.3558],[98.831,15.3456],[98.8402,15.348],[98.871,15.3246],[98.8914,15.2904],[98.8863,15.2751],[98.9144,15.2655],[98.9233,15.2467],[98.9426,15.2529],[98.9547,15.2478],[98.9715,15.1912],[98.984,15.18],[98.989,15.1869],[99.0015,15.1842],[99.0085,15.2082],[99.0062,15.2386],[99.0195,15.2462],[99.0167,15.2653],[99.0385,15.289],[99.0311,15.3026],[99.0311,15.3362],[99.0431,15.3462],[99.0435,15.3757],[99.0698,15.3967],[99.0588,15.4393],[99.0641,15.472],[99.0785,15.4994],[99.0547,15.526],[99.0481,15.5555],[99.0518,15.5636],[99.0943,15.5825],[99.0909,15.5898],[99.0972,15.6111],[99.1064,15.6148],[99.116,15.633],[99.1113,15.6678],[99.1268,15.6954],[99.1282,15.7226],[99.1389,15.7313],[99.1273,15.7682],[99.1361,15.7891],[99.1334,15.8016],[99.1235,15.8146],[99.1033,15.8212],[99.0956,15.8363],[99.0975,15.8712],[99.0858,15.8849],[99.0853,15.9099],[99.0968,15.9312],[99.0863,15.9481],[99.0744,15.9541],[99.0885,15.9795],[99.0821,16.0059],[99.0866,16.0414],[99.1055,16.0495],[99.1174,16.0746],[99.1064,16.087],[99.1065,16.1022],[99.0943,16.1026],[99.0806,16.1248],[99.0501,16.1379],[99.0508,16.1613],[99.068,16.1654],[99.0813,16.2093],[99.0485,16.2601],[99.0421,16.2921],[99.0534,16.309],[99.0516,16.3339],[99.0426,16.3389],[99.0448,16.3537],[99.0367,16.3832],[99.0164,16.3867],[99.0198,16.4185],[99.0308,16.4217],[99.0404,16.4379],[99.0544,16.4444],[99.0744,16.4671],[99.0988,16.4728],[99.1073,16.481],[99.1219,16.474],[99.1399,16.5005],[99.1542,16.4991],[99.1619,16.5067],[99.1658,16.503],[99.1739,16.511],[99.1675,16.5105],[99.1708,16.5217],[99.1805,16.5325],[99.1913,16.5308],[99.1909,16.5392],[99.2,16.5311],[99.2193,16.5276],[99.2403,16.5337],[99.248,16.5495],[99.2447,16.5539],[99.2564,16.5688],[99.2498,16.59],[99.255,16.603],[99.243,16.6187],[99.2409,16.6417],[99.2472,16.6442],[99.2473,16.6632],[99.272,16.6687],[99.2714,16.6847],[99.2822,16.6897],[99.2829,16.7062],[99.2957,16.7198],[99.3056,16.768],[99.2951,16.7721],[99.2918,16.785],[99.3153,16.7941],[99.3247,16.8132],[99.3458,16.8133],[99.3696,16.8035],[99.3854,16.8078],[99.3883,16.8132],[99.382,16.8218],[99.3873,16.8379],[99.3782,16.8464],[99.3787,16.859],[99.384,16.867],[99.4111,16.8725],[99.4231,16.883],[99.4326,16.8759],[99.4367,16.8806],[99.4381,16.9018],[99.4568,16.9158],[99.454,16.9273],[99.4419,16.9334],[99.4447,16.9432],[99.4375,16.9543],[99.4524,16.9618],[99.4558,16.9698],[99.4652,16.9777],[99.4668,16.9825],[99.4579,16.9768],[99.4328,16.9795],[99.4171,17.0187],[99.3936,17.0248],[99.3869,17.0623],[99.394,17.0823],[99.3852,17.0823],[99.3709,17.097],[99.3604,17.0914],[99.3392,17.093],[99.322,17.1143],[99.3205,17.1278],[99.3297,17.1379],[99.3144,17.1454],[99.3191,17.1646],[99.3122,17.1884],[99.3194,17.2116],[99.3138,17.2194],[99.3198,17.2294],[99.3189,17.2625],[99.303,17.2739],[99.2969,17.3043],[99.2863,17.3116],[99.2766,17.3315],[99.2778,17.3463],[99.2716,17.348],[99.2705,17.3564],[99.2754,17.3824],[99.265,17.4038],[99.2251,17.4047],[99.2079,17.3828],[99.2061,17.3687],[99.177,17.3488],[99.1738,17.3357],[99.1614,17.3325],[99.1418,17.361],[99.1172,17.3674],[99.1096,17.3588],[99.0864,17.3774],[99.0776,17.3732],[99.0567,17.3881],[99.0469,17.3857],[99.0326,17.4105],[99.012,17.4146],[99.0138,17.4226],[98.9805,17.4677],[98.9592,17.4629],[98.9553,17.4743],[98.9456,17.4686],[98.9314,17.4736],[98.9282,17.5064],[98.9218,17.5126],[98.9248,17.5257],[98.9102,17.5367],[98.882,17.5094],[98.8796,17.491],[98.8719,17.4919],[98.8545,17.5133],[98.8288,17.5147],[98.8159,17.5073],[98.8137,17.4988],[98.7855,17.496],[98.7638,17.4842],[98.7499,17.4681],[98.7186,17.4656],[98.691,17.4259],[98.6809,17.4472],[98.6827,17.4605],[98.6886,17.4747],[98.7052,17.486],[98.7056,17.5012],[98.697,17.5136],[98.7026,17.5266],[98.7019,17.5569],[98.6943,17.5846],[98.6826,17.5968],[98.6916,17.6315],[98.684,17.6647],[98.7245,17.676],[98.7463,17.6927],[98.7415,17.7046],[98.7257,17.7154],[98.7245,17.7254],[98.7033,17.7438],[98.7055,17.7609],[98.6876,17.7797],[98.6702,17.834],[98.639,17.8148],[98.6315,17.801],[98.6333,17.7853],[98.6243,17.7772],[98.6137,17.7804],[98.5966,17.8036],[98.5815,17.8012],[98.5715,17.8089],[98.5605,17.7954],[98.522,17.8244],[98.5087,17.8125],[98.4957,17.8162],[98.4912,17.8118],[98.497,17.7965],[98.5098,17.7886],[98.5035,17.7606],[98.5253,17.7073],[98.5219,17.6808],[98.5327,17.6191],[98.567,17.5959],[98.5781,17.5754],[98.5635,17.5622],[98.5496,17.5593],[98.5276,17.5368],[98.5263,17.519],[98.5188,17.5114],[98.5244,17.4959],[98.518,17.48],[98.5283,17.4536],[98.5465,17.4458],[98.5462,17.4337],[98.5577,17.4266],[98.5561,17.3971],[98.5374,17.3622],[98.5619,17.3518],[98.5552,17.3382],[98.5611,17.3221],[98.5558,17.3143],[98.557,17.2938],[98.5751,17.2999],[98.5789,17.2944],[98.5744,17.2845],[98.545,17.283],[98.532,17.2745],[98.5179,17.2815],[98.5023,17.2801],[98.4898,17.2703],[98.4787,17.2775],[98.4607,17.2759],[98.4537,17.269],[98.4417,17.271],[98.4299,17.2566],[98.3983,17.2521],[98.3915,17.2423],[98.358,17.2736],[98.3626,17.2884],[98.3398,17.2958],[98.3217,17.3107],[98.3174,17.3221],[98.3322,17.3297],[98.3341,17.3479],[98.3174,17.3674],[98.3192,17.3799],[98.2917,17.4074],[98.3223,17.4167],[98.3263,17.4292],[98.3195,17.445],[98.3297,17.4696],[98.3266,17.4897],[98.3152,17.5051],[98.3143,17.5273],[98.3058,17.5326],[98.3078,17.5426],[98.2982,17.5541],[98.3025,17.5669],[98.298,17.5754],[98.2648,17.5786],[98.2387,17.5499],[98.2089,17.5401],[98.1785,17.5373],[98.1674,17.5477],[98.136,17.5417],[98.1252,17.5589],[98.1276,17.5679],[98.1062,17.5875],[98.1105,17.5928],[98.1031,17.6001],[98.1071,17.6112],[98.0994,17.6146],[98.1015,17.6228],[98.0897,17.6369],[98.0614,17.6486],[98.0572,17.6629],[98.0463,17.6646],[98.0405,17.6747],[98.0308,17.7106],[98.0231,17.7103],[98.0275,17.7208],[98.015,17.733],[98.0142,17.7402],[98.0219,17.738],[98.0126,17.7483],[98.0108,17.7675],[97.9967,17.7763],[97.9964,17.7858],[97.9897,17.7858],[97.9956,17.7881],[97.9854,17.8068],[97.9915,17.8102],[97.9797,17.8139],[97.9799,17.8232],[97.9752,17.8229],[97.9826,17.836],[97.967,17.8566],[97.9732,17.8645]]]}},{"type":"Feature","properties":{"pcode":"TH64","name_en":"Sukhothai","name_th":"สุโขทัย"},"geometry":{"type":"Polygon","coordinates":[[[99.6005,17.8204],[99.5438,17.8108],[99.519,17.7974],[99.5153,17.7828],[99.4867,17.7628],[99.4818,17.7451],[99.4711,17.7379],[99.4793,17.729],[99.4702,17.6913],[99.4762,17.6764],[99.4677,17.6629],[99.4507,17.6549],[99.4476,17.6448],[99.4543,17.5981],[99.44,17.6097],[99.4257,17.6091],[99.4191,17.6005],[99.4226,17.5918],[99.413,17.5741],[99.4358,17.5635],[99.4307,17.5489],[99.4394,17.5274],[99.4214,17.5187],[99.4193,17.4864],[99.4064,17.4689],[99.418,17.458],[99.4144,17.4499],[99.4211,17.4423],[99.4411,17.4331],[99.4405,17.4219],[99.427,17.4088],[99.4312,17.3896],[99.4425,17.3889],[99.4566,17.369],[99.4702,17.3679],[99.4768,17.3413],[99.4772,17.3261],[99.4607,17.309],[99.4568,17.3119],[99.4516,17.2966],[99.455,17.2537],[99.4408,17.2521],[99.4453,17.2422],[99.4393,17.2284],[99.4285,17.2317],[99.4186,17.2263],[99.4199,17.2182],[99.4008,17.2204],[99.3897,17.2056],[99.374,17.2104],[99.3717,17.2291],[99.34,17.2674],[99.3152,17.2698],[99.3215,17.2483],[99.3138,17.2194],[99.3194,17.2123],[99.3122,17.1884],[99.3191,17.1646],[99.3144,17.1454],[99.3297,17.138],[99.3205,17.1278],[99.3204,17.1184],[99.3392,17.093],[99.3604,17.0914],[99.3709,17.097],[99.3852,17.0823],[99.394,17.0822],[99.3869,17.0623],[99.3936,17.0248],[99.4171,17.0187],[99.4292,16.9829],[99.4405,16.9761],[99.4668,16.9825],[99.4524,16.9618],[99.4375,16.9543],[99.4447,16.9432],[99.4419,16.9334],[99.454,16.9273],[99.4568,16.9158],[99.4381,16.9018],[99.4342,16.8739],[99.4476,16.8699],[99.4739,16.9053],[99.4887,16.9105],[99.4974,16.8926],[99.5142,16.8825],[99.517,16.8583],[99.5309,16.8253],[99.5417,16.84],[99.5448,16.8624],[99.5595,16.8531],[99.5708,16.8595],[99.5723,16.8351],[99.5813,16.8194],[99.5784,16.8072],[99.594,16.7906],[99.6028,16.7892],[99.6222,16.757],[99.6432,16.7436],[99.6538,16.7465],[99.6752,16.7276],[99.6933,16.7318],[99.697,16.7166],[99.7088,16.7248],[99.7198,16.7226],[99.7449,16.7441],[99.7416,16.7296],[99.7556,16.7216],[99.7596,16.6849],[99.7877,16.6851],[99.8099,16.6988],[99.8035,16.7104],[99.8144,16.7205],[99.8282,16.7242],[99.833,16.7146],[99.8455,16.7155],[99.8472,16.7271],[99.8639,16.7415],[99.8656,16.7583],[99.8797,16.7706],[99.8796,16.7867],[99.8882,16.7968],[99.9299,16.811],[99.9438,16.8298],[99.9415,16.8637],[99.9709,16.8602],[99.9934,16.8681],[100.0007,16.8628],[100.0106,16.8888],[100.0436,16.8948],[100.0647,16.8843],[100.0766,16.8931],[100.0853,16.889],[100.1,16.8995],[100.1012,16.9148],[100.1108,16.9149],[100.11,16.9449],[100.1041,16.9678],[100.0983,16.9699],[100.1077,16.9742],[100.1004,16.9746],[100.0943,16.9922],[100.0871,16.9878],[100.0773,16.9923],[100.0796,17.0017],[100.0709,17.0014],[100.0608,17.0131],[100.0439,17.0108],[100.0406,17.0218],[100.0232,17.0259],[100.0049,17.0437],[100.0139,17.0731],[100.0059,17.0733],[99.9977,17.0858],[99.9849,17.0786],[99.9827,17.1011],[99.9611,17.1126],[99.959,17.1473],[99.952,17.1557],[99.9524,17.1695],[99.9729,17.1652],[99.9829,17.1809],[99.971,17.2111],[99.9819,17.2163],[99.9579,17.2304],[99.9736,17.2414],[99.9546,17.2425],[99.9631,17.2503],[99.9646,17.2724],[99.9756,17.2763],[99.9704,17.2835],[99.9961,17.2887],[100.0044,17.2963],[99.9947,17.3062],[99.9954,17.3267],[100.0194,17.3341],[100.0041,17.3452],[100.0009,17.3545],[100.0081,17.3609],[99.9999,17.3695],[100.0095,17.3813],[99.9905,17.4078],[99.9966,17.4167],[100.018,17.4192],[100.0309,17.4445],[100.02,17.4586],[100.0028,17.458],[99.9989,17.4667],[99.9812,17.473],[99.9814,17.4863],[99.9731,17.4949],[99.967,17.4923],[99.9284,17.5214],[99.9423,17.5363],[99.9427,17.5453],[99.9257,17.5654],[99.9239,17.5866],[99.9402,17.5922],[99.9769,17.6222],[99.966,17.6324],[99.9772,17.657],[99.9632,17.7115],[99.9431,17.7242],[99.939,17.735],[99.9143,17.7574],[99.9117,17.7647],[99.9248,17.7754],[99.9161,17.7923],[99.9037,17.7941],[99.8945,17.8072],[99.884,17.81],[99.8827,17.8026],[99.8687,17.8051],[99.8597,17.798],[99.8074,17.8027],[99.7966,17.7923],[99.7766,17.7872],[99.7724,17.7804],[99.7771,17.7773],[99.7651,17.7606],[99.7506,17.7525],[99.7568,17.7488],[99.7527,17.7392],[99.7357,17.7227],[99.7262,17.7215],[99.7097,17.7381],[99.7067,17.7576],[99.6908,17.7591],[99.6863,17.7773],[99.6707,17.7993],[99.6507,17.796],[99.6296,17.8144],[99.6005,17.8204]]]}},{"type":"Feature","properties":{"pcode":"TH65","name_en":"Phitsanulok","name_th":"พิษณุโลก"},"geometry":{"type":"Polygon","coordinates":[[[101.0033,17.7334],[100.9888,17.7437],[100.9768,17.7153],[100.9662,17.7021],[100.9559,17.6999],[100.9256,17.6959],[100.9098,17.7018],[100.9051,17.715],[100.8749,17.7111],[100.8527,17.6802],[100.8427,17.6534],[100.8018,17.6385],[100.7896,17.6129],[100.7724,17.596],[100.7736,17.5828],[100.7466,17.5589],[100.7403,17.5424],[100.6929,17.5246],[100.6693,17.5009],[100.6423,17.4934],[100.645,17.4745],[100.6134,17.4659],[100.6029,17.4478],[100.6033,17.428],[100.5943,17.4219],[100.5704,17.4222],[100.551,17.4145],[100.5301,17.4171],[100.5137,17.4039],[100.5013,17.4289],[100.4813,17.4178],[100.4544,17.418],[100.4475,17.424],[100.4353,17.4167],[100.427,17.4215],[100.4212,17.4121],[100.3913,17.4047],[100.3563,17.3828],[100.3485,17.3926],[100.3291,17.3869],[100.323,17.3683],[100.3074,17.3831],[100.2985,17.3748],[100.2889,17.3761],[100.2969,17.3478],[100.2833,17.3364],[100.2822,17.3067],[100.2722,17.2774],[100.2781,17.2659],[100.2736,17.2388],[100.2825,17.2206],[100.2393,17.2217],[100.2297,17.2117],[100.1676,17.2011],[100.16,17.1656],[100.1498,17.1858],[100.1362,17.1811],[100.1024,17.1894],[100.0781,17.182],[100.0363,17.1813],[100.0141,17.139],[99.9959,17.1391],[100.0089,17.1515],[99.9922,17.1593],[99.981,17.1561],[99.9685,17.1689],[99.9524,17.1695],[99.9612,17.1124],[99.9827,17.1011],[99.9851,17.0784],[99.9977,17.0858],[100.0059,17.0733],[100.0139,17.0731],[100.0049,17.0437],[100.0232,17.0259],[100.0406,17.0218],[100.0439,17.0108],[100.0608,17.0131],[100.0709,17.0014],[100.0796,17.0017],[100.0773,16.9923],[100.0871,16.9878],[100.0943,16.9922],[100.1004,16.9746],[100.1077,16.9742],[100.0983,16.9699],[100.1046,16.9664],[100.1118,16.9191],[100.1012,16.9148],[100.1,16.8995],[100.0853,16.889],[100.0766,16.8931],[100.0647,16.8843],[100.0435,16.8948],[100.0106,16.8888],[100.0007,16.8628],[99.9934,16.8681],[99.9709,16.8602],[99.9415,16.8637],[99.9424,16.8263],[99.9299,16.811],[99.8909,16.7984],[99.8797,16.7868],[99.8797,16.7706],[99.8656,16.7583],[99.8639,16.7414],[99.8534,16.7353],[99.8717,16.725],[99.8729,16.7154],[99.8837,16.7111],[99.8886,16.715],[99.8967,16.7055],[99.8852,16.7011],[99.8905,16.6976],[99.8847,16.6939],[99.8918,16.6864],[99.8887,16.6711],[99.9254,16.5787],[99.9426,16.5744],[99.9709,16.5799],[99.9844,16.5746],[100.004,16.5791],[100.0079,16.5859],[100.0149,16.5825],[100.0138,16.5742],[100.0319,16.5844],[100.0471,16.5713],[100.0791,16.5789],[100.0892,16.5886],[100.0866,16.5983],[100.1187,16.6141],[100.14,16.5989],[100.1498,16.6059],[100.1605,16.5936],[100.1852,16.589],[100.1786,16.6015],[100.1964,16.6078],[100.1947,16.6199],[100.2011,16.6176],[100.2028,16.6236],[100.1917,16.6269],[100.1931,16.6483],[100.2027,16.642],[100.2165,16.6484],[100.2175,16.63],[100.2315,16.6168],[100.2351,16.5512],[100.2299,16.5379],[100.2374,16.529],[100.2552,16.5303],[100.265,16.5376],[100.3328,16.5261],[100.3765,16.546],[100.3694,16.5487],[100.3722,16.5521],[100.3885,16.5543],[100.4251,16.5361],[100.4296,16.5204],[100.4691,16.5202],[100.4759,16.5265],[100.4726,16.533],[100.4831,16.5378],[100.4825,16.5506],[100.4976,16.5633],[100.5537,16.5705],[100.5751,16.5859],[100.5804,16.5793],[100.577,16.5243],[100.5874,16.5209],[100.5857,16.4708],[100.5675,16.4582],[100.595,16.4156],[100.607,16.4174],[100.6057,16.4123],[100.6335,16.3953],[100.6358,16.3748],[100.623,16.3619],[100.6197,16.3467],[100.6266,16.3188],[100.6489,16.3273],[100.6515,16.3208],[100.6717,16.3561],[100.7066,16.3847],[100.701,16.404],[100.7087,16.4191],[100.7426,16.4192],[100.7627,16.4315],[100.7718,16.4263],[100.7829,16.4481],[100.8054,16.4484],[100.7936,16.4729],[100.8175,16.4833],[100.8144,16.4956],[100.8338,16.504],[100.8343,16.5201],[100.8491,16.5226],[100.8462,16.5422],[100.8583,16.5467],[100.8508,16.5766],[100.8457,16.5777],[100.8507,16.5838],[100.8476,16.5929],[100.8547,16.5977],[100.8527,16.6146],[100.8618,16.6144],[100.8654,16.621],[100.8642,16.643],[100.88,16.6518],[100.8896,16.6687],[100.9152,16.6697],[100.9234,16.6633],[100.9326,16.6809],[100.9426,16.6811],[100.9375,16.6872],[100.9287,16.6857],[100.9339,16.6957],[100.9241,16.702],[100.9228,16.7117],[100.931,16.7107],[100.9311,16.7172],[100.9136,16.7312],[100.9226,16.7465],[100.9197,16.7589],[100.901,16.7604],[100.8954,16.7712],[100.9061,16.7829],[100.9029,16.8017],[100.9177,16.7918],[100.9528,16.7933],[100.9587,16.8097],[100.9543,16.8259],[100.9616,16.8311],[100.9788,16.8265],[100.9815,16.8349],[100.9728,16.8423],[100.9927,16.8556],[101.0127,16.8584],[101.0263,16.8728],[101.0308,16.8931],[101.0433,16.9042],[101.0569,16.9076],[101.067,16.9028],[101.0712,16.9117],[101.0689,16.927],[101.0348,16.9305],[101.0264,16.943],[101.0514,16.956],[101.0446,16.9665],[101.0494,16.9753],[101.0424,16.9836],[101.0583,17.0288],[101.0519,17.0413],[101.0582,17.0604],[101.0496,17.078],[101.0565,17.0907],[101.0512,17.0962],[101.051,17.1151],[101.071,17.1156],[101.0699,17.13],[101.0782,17.1372],[101.08,17.1533],[101.0751,17.1777],[101.1077,17.2156],[101.1097,17.2336],[101.0928,17.2531],[101.0828,17.2814],[101.0484,17.2862],[101.0271,17.3111],[101.0107,17.3157],[101.0078,17.3322],[100.9999,17.3381],[100.97,17.3423],[100.9565,17.3374],[100.9437,17.3411],[100.9368,17.3354],[100.9139,17.3424],[100.9127,17.3776],[100.9246,17.4205],[100.9143,17.4349],[100.9164,17.4508],[100.8943,17.4656],[100.8745,17.4494],[100.8553,17.4512],[100.8351,17.4681],[100.8333,17.4776],[100.8442,17.4894],[100.846,17.5027],[100.8716,17.5284],[100.8609,17.5458],[100.8787,17.5834],[100.9039,17.5919],[100.928,17.5693],[100.9598,17.5755],[100.9679,17.5716],[100.969,17.5933],[100.9773,17.5961],[100.992,17.6198],[100.996,17.658],[100.9907,17.666],[101.0092,17.6997],[101.0002,17.6992],[101.0073,17.7308],[101.0033,17.7334]]]}},{"type":"Feature","properties":{"pcode":"TH66","name_en":"Phichit","name_th":"พิจิตร"},"geometry":{"type":"Polygon","coordinates":[[[100.2165,16.6472],[100.2027,16.642],[100.1912,16.6461],[100.1918,16.6267],[100.2028,16.6236],[100.2011,16.6176],[100.1947,16.6199],[100.1964,16.6078],[100.1786,16.6015],[100.1857,16.5892],[100.1605,16.5936],[100.1498,16.6059],[100.14,16.5989],[100.1187,16.6141],[100.0866,16.5983],[100.0891,16.5883],[100.075,16.5772],[100.0442,16.5715],[100.0317,16.5843],[100.0122,16.5734],[100.0106,16.5212],[100.0249,16.5202],[100.0346,16.5017],[100.0018,16.4626],[99.9939,16.4401],[99.9946,16.4053],[99.9837,16.3807],[100.0213,16.3129],[100.0191,16.297],[100.0312,16.2794],[100.0213,16.2506],[100.0471,16.2103],[100.0383,16.1963],[100.0249,16.1912],[100.0375,16.1827],[100.0442,16.1682],[100.0631,16.1593],[100.0765,16.1615],[100.0767,16.1473],[100.0863,16.1415],[100.0769,16.1244],[100.0946,16.1107],[100.096,16.0944],[100.1133,16.0803],[100.1086,16.0761],[100.1183,16.0589],[100.1153,16.0468],[100.1304,16.0355],[100.1311,16.0181],[100.1476,15.9892],[100.162,15.9781],[100.1603,15.9599],[100.1681,15.9575],[100.1751,15.9333],[100.1818,15.929],[100.2009,15.9349],[100.229,15.927],[100.2475,15.9384],[100.2415,15.9467],[100.2548,15.9613],[100.2622,15.9575],[100.2625,15.942],[100.2686,15.9396],[100.3099,15.9611],[100.3065,15.9735],[100.3235,15.9744],[100.3223,15.9879],[100.3464,15.974],[100.3312,15.9407],[100.3382,15.9378],[100.3784,15.9409],[100.4114,15.9299],[100.4267,15.9385],[100.4454,15.9302],[100.4514,15.9373],[100.4789,15.9345],[100.52,15.9407],[100.5301,15.9373],[100.5217,15.9317],[100.5228,15.919],[100.5453,15.9253],[100.5632,15.9443],[100.5805,15.9452],[100.5884,15.9634],[100.6169,15.9834],[100.6255,16.0025],[100.6373,16.006],[100.6541,16.0269],[100.69,15.9934],[100.738,15.9899],[100.7504,15.9691],[100.7549,15.9431],[100.7658,15.9377],[100.7661,15.9311],[100.7958,15.9317],[100.7944,15.9521],[100.777,15.9703],[100.7847,15.9923],[100.769,15.9986],[100.7594,16.0113],[100.7462,16.0108],[100.726,16.0243],[100.6823,16.0245],[100.6773,16.0312],[100.6652,16.0317],[100.6556,16.0527],[100.6447,16.0433],[100.633,16.0437],[100.6562,16.1079],[100.6548,16.1264],[100.6442,16.1393],[100.7086,16.2437],[100.7198,16.2508],[100.7091,16.2651],[100.6938,16.2481],[100.6668,16.2485],[100.6785,16.271],[100.6527,16.2897],[100.6492,16.3271],[100.626,16.319],[100.6197,16.3467],[100.623,16.3619],[100.6358,16.3748],[100.6335,16.3953],[100.6057,16.4123],[100.607,16.4174],[100.595,16.4156],[100.5675,16.4582],[100.5857,16.4708],[100.5874,16.521],[100.577,16.5248],[100.5799,16.5811],[100.5751,16.5859],[100.5537,16.5705],[100.4976,16.5633],[100.4825,16.5506],[100.4831,16.5378],[100.4726,16.533],[100.4759,16.5265],[100.4691,16.5202],[100.4296,16.5204],[100.4251,16.5361],[100.3885,16.5543],[100.3722,16.5521],[100.3694,16.5487],[100.3765,16.546],[100.3328,16.5261],[100.265,16.5376],[100.2552,16.5303],[100.2374,16.529],[100.2299,16.5379],[100.2351,16.5512],[100.233,16.6126],[100.2175,16.63],[100.2165,16.6472]]]}},{"type":"Feature","properties":{"pcode":"TH67","name_en":"Phetchabun","name_th":"เพชรบูรณ์"},"geometry":{"type":"Polygon","coordinates":[[[101.3987,17.1779],[101.3824,17.1702],[101.3511,17.1678],[101.3078,17.1302],[101.2989,17.1108],[101.2776,17.0981],[101.2717,17.0963],[101.2559,17.11],[101.2439,17.1088],[101.2252,17.0854],[101.229,17.0671],[101.2227,17.0606],[101.2058,17.0687],[101.1884,17.066],[101.1727,17.0537],[101.1688,17.0382],[101.1151,17.0208],[101.1094,17.0033],[101.1149,17.0015],[101.1107,17.0005],[101.1155,16.9513],[101.1034,16.9317],[101.1005,16.9116],[101.079,16.8996],[101.0569,16.9076],[101.0433,16.9042],[101.0308,16.8931],[101.0263,16.8728],[101.0127,16.8584],[100.9927,16.8556],[100.9727,16.8422],[100.9815,16.8349],[100.9788,16.8265],[100.9616,16.8311],[100.9543,16.8259],[100.9587,16.8097],[100.9528,16.7933],[100.9177,16.7918],[100.9029,16.8017],[100.9061,16.7829],[100.8954,16.7712],[100.901,16.7604],[100.9197,16.7589],[100.9226,16.7465],[100.9136,16.7312],[100.9311,16.7172],[100.931,16.7107],[100.9228,16.7117],[100.9241,16.702],[100.9339,16.6957],[100.9287,16.6857],[100.9375,16.6872],[100.9426,16.6811],[100.9326,16.6809],[100.9234,16.6633],[100.9152,16.6697],[100.8896,16.6687],[100.88,16.6518],[100.8642,16.643],[100.8654,16.621],[100.8618,16.6144],[100.8527,16.6146],[100.8547,16.5977],[100.8476,16.5929],[100.8507,16.5838],[100.8457,16.5777],[100.8508,16.5766],[100.8583,16.5467],[100.8462,16.5422],[100.8491,16.5226],[100.8343,16.5201],[100.8338,16.504],[100.8144,16.4956],[100.8175,16.4833],[100.7936,16.4729],[100.8054,16.4484],[100.7829,16.4481],[100.7718,16.4263],[100.7627,16.4315],[100.7426,16.4192],[100.7087,16.4191],[100.701,16.404],[100.7066,16.3847],[100.6717,16.3561],[100.6515,16.3208],[100.6527,16.2897],[100.6785,16.271],[100.6667,16.2485],[100.6938,16.2481],[100.7091,16.2651],[100.7198,16.2508],[100.7086,16.2437],[100.6442,16.1393],[100.6548,16.1264],[100.6562,16.1079],[100.633,16.0437],[100.6447,16.0433],[100.6557,16.0527],[100.6653,16.0317],[100.6773,16.0312],[100.6824,16.0245],[100.726,16.0243],[100.7462,16.0108],[100.7594,16.0113],[100.769,15.9986],[100.7847,15.9923],[100.7771,15.9702],[100.7911,15.9578],[100.7992,15.9368],[100.7946,15.9313],[100.7661,15.9311],[100.764,15.9114],[100.7737,15.8987],[100.8098,15.8854],[100.8045,15.8684],[100.8115,15.8581],[100.8092,15.8387],[100.7984,15.8257],[100.8248,15.7502],[100.8174,15.7075],[100.8255,15.6848],[100.8335,15.6807],[100.8258,15.6757],[100.8281,15.6666],[100.8231,15.662],[100.8274,15.6447],[100.8195,15.6276],[100.8256,15.6151],[100.8079,15.5925],[100.8183,15.5858],[100.8135,15.578],[100.8544,15.5478],[100.8529,15.5254],[100.8851,15.5288],[100.8878,15.518],[100.9003,15.5128],[100.904,15.4964],[100.9287,15.4877],[100.9322,15.4662],[100.9242,15.4327],[100.931,15.427],[100.9302,15.4172],[100.9467,15.4075],[100.977,15.4146],[100.9728,15.4055],[100.9772,15.401],[100.9771,15.3592],[100.9841,15.3465],[100.977,15.3365],[100.9959,15.3184],[101.0252,15.338],[101.0337,15.3273],[101.0554,15.32],[101.0823,15.3564],[101.0894,15.3389],[101.1101,15.3253],[101.1226,15.3261],[101.1376,15.3396],[101.1683,15.3273],[101.1972,15.3277],[101.2054,15.3194],[101.2124,15.3339],[101.2471,15.3537],[101.2749,15.3607],[101.3025,15.3863],[101.302,15.4262],[101.3073,15.4347],[101.3014,15.4377],[101.2976,15.4558],[101.3073,15.4719],[101.301,15.5059],[101.3044,15.5197],[101.2969,15.5287],[101.2886,15.5247],[101.2876,15.5305],[101.3073,15.551],[101.3168,15.6019],[101.3321,15.6105],[101.3323,15.6217],[101.3438,15.6378],[101.3408,15.6589],[101.36,15.686],[101.3355,15.727],[101.339,15.7671],[101.3176,15.7918],[101.3314,15.8046],[101.3231,15.8113],[101.3305,15.8301],[101.3245,15.8371],[101.3325,15.8491],[101.3256,15.8525],[101.3325,15.8817],[101.3522,15.8886],[101.3746,15.9184],[101.3606,15.9235],[101.3709,15.9395],[101.3778,15.9894],[101.365,16.075],[101.346,16.0692],[101.3336,16.0935],[101.3445,16.1571],[101.3623,16.1828],[101.38,16.1882],[101.3669,16.227],[101.3736,16.2415],[101.3547,16.2599],[101.3581,16.2685],[101.3717,16.2745],[101.3678,16.2939],[101.3793,16.3184],[101.3778,16.3485],[101.3929,16.3728],[101.4091,16.3831],[101.4009,16.4016],[101.4171,16.4087],[101.419,16.4238],[101.4443,16.4383],[101.4509,16.4564],[101.4735,16.4772],[101.4733,16.489],[101.4637,16.5007],[101.472,16.5289],[101.4831,16.5243],[101.496,16.5396],[101.5051,16.5391],[101.5032,16.5457],[101.5153,16.5427],[101.5195,16.5496],[101.5102,16.5593],[101.5083,16.5554],[101.497,16.5608],[101.4996,16.5718],[101.4942,16.5709],[101.4995,16.5788],[101.5001,16.6095],[101.5263,16.6208],[101.5107,16.647],[101.5111,16.6789],[101.526,16.68],[101.5375,16.6662],[101.546,16.6681],[101.5625,16.6495],[101.5717,16.6483],[101.5787,16.6701],[101.5709,16.6912],[101.5531,16.7114],[101.5538,16.7282],[101.5855,16.7227],[101.5904,16.7084],[101.6038,16.707],[101.6202,16.6849],[101.636,16.6805],[101.6552,16.6888],[101.6886,16.6867],[101.7247,16.652],[101.7413,16.6607],[101.744,16.6696],[101.7518,16.6686],[101.7503,16.6767],[101.7719,16.6858],[101.7761,16.7122],[101.7917,16.7273],[101.7861,16.7425],[101.7972,16.769],[101.7639,16.7565],[101.7269,16.7539],[101.6864,16.7985],[101.6999,16.8094],[101.7195,16.7995],[101.7219,16.8071],[101.7068,16.83],[101.6931,16.8354],[101.6908,16.8486],[101.6854,16.8468],[101.6886,16.8579],[101.6814,16.8573],[101.677,16.867],[101.6843,16.8688],[101.6787,16.8854],[101.6923,16.9362],[101.68,16.9394],[101.6727,16.9522],[101.6752,16.9756],[101.6468,17.0239],[101.6496,17.0423],[101.6287,17.0452],[101.613,17.0043],[101.5879,16.9964],[101.5752,16.9837],[101.5516,16.9947],[101.545,17.0151],[101.536,17.0227],[101.5043,17.0101],[101.4919,17.0331],[101.4893,17.0589],[101.4773,17.0869],[101.4586,17.0988],[101.4617,17.1056],[101.4521,17.1216],[101.4568,17.126],[101.4525,17.1409],[101.3987,17.1779]]]}},{"type":"Feature","properties":{"pcode":"TH70","name_en":"Ratchaburi","name_th":"ราชบุรี"},"geometry":{"type":"Polygon","coordinates":[[[99.8821,13.9498],[99.8759,13.9612],[99.8793,13.9506],[99.8542,13.9159],[99.8367,13.8657],[99.8279,13.8694],[99.8201,13.8646],[99.8143,13.8326],[99.8191,13.8265],[99.8009,13.8251],[99.812,13.8171],[99.8031,13.8072],[99.7959,13.8185],[99.7839,13.8223],[99.7472,13.8198],[99.7303,13.8281],[99.7092,13.8255],[99.6663,13.8463],[99.6306,13.8055],[99.6121,13.8012],[99.5963,13.7844],[99.5459,13.7589],[99.5288,13.7606],[99.5284,13.7667],[99.5052,13.7659],[99.4867,13.7833],[99.4795,13.8026],[99.4704,13.8067],[99.4531,13.7789],[99.4136,13.7746],[99.3788,13.7549],[99.3399,13.7558],[99.307,13.7771],[99.2783,13.7596],[99.2659,13.7435],[99.2402,13.7515],[99.2211,13.7478],[99.211,13.7366],[99.1846,13.7334],[99.1735,13.7409],[99.1676,13.7366],[99.1713,13.689],[99.1639,13.6815],[99.1705,13.6708],[99.1663,13.6544],[99.1718,13.6298],[99.1653,13.6131],[99.1783,13.5849],[99.1628,13.5742],[99.1916,13.5448],[99.1871,13.4966],[99.2037,13.4795],[99.2072,13.4582],[99.1973,13.4505],[99.204,13.4347],[99.2004,13.427],[99.2103,13.4117],[99.2038,13.4023],[99.207,13.3802],[99.2017,13.3719],[99.2069,13.3391],[99.1918,13.3225],[99.1943,13.3045],[99.1871,13.2905],[99.2113,13.2617],[99.1965,13.2551],[99.2084,13.2315],[99.2056,13.2152],[99.2159,13.2013],[99.2276,13.203],[99.2457,13.1857],[99.2701,13.1491],[99.3242,13.1775],[99.3187,13.2025],[99.3233,13.2229],[99.3352,13.2207],[99.3385,13.2329],[99.3507,13.244],[99.3584,13.2332],[99.3682,13.2337],[99.3716,13.2208],[99.3936,13.2129],[99.3988,13.2176],[99.4145,13.199],[99.4281,13.1984],[99.4425,13.1835],[99.4639,13.184],[99.4787,13.2005],[99.5067,13.1804],[99.5225,13.21],[99.5445,13.2026],[99.5511,13.2077],[99.5641,13.2051],[99.5786,13.1977],[99.5943,13.1985],[99.6026,13.2057],[99.6367,13.2017],[99.6421,13.2118],[99.6616,13.2115],[99.669,13.2593],[99.6609,13.2788],[99.6663,13.2869],[99.6842,13.2916],[99.701,13.3182],[99.7572,13.3434],[99.782,13.3323],[99.8036,13.3293],[99.8088,13.3395],[99.8235,13.34],[99.857,13.3297],[99.8697,13.3827],[99.8914,13.4324],[99.8892,13.4701],[99.8999,13.489],[99.919,13.5007],[99.9135,13.5105],[99.9254,13.5141],[99.934,13.4977],[99.9607,13.4975],[99.9666,13.4855],[99.9895,13.5011],[99.9948,13.4939],[100.0086,13.5163],[100.0291,13.5059],[100.029,13.5288],[100.0419,13.5365],[100.046,13.5593],[100.0372,13.5825],[100.0431,13.5948],[100.0311,13.6126],[100.0539,13.619],[100.0684,13.6927],[100.0487,13.6972],[100.0347,13.6916],[100.025,13.6983],[100.0229,13.7352],[100.0305,13.7443],[100.0288,13.7544],[99.9602,13.7219],[99.9545,13.7252],[99.9422,13.7448],[99.9379,13.7698],[99.9519,13.7736],[99.9549,13.7953],[99.9697,13.7984],[99.9707,13.8084],[99.9627,13.8128],[99.9586,13.8362],[99.942,13.8299],[99.9332,13.8431],[99.9092,13.8473],[99.9009,13.8416],[99.9127,13.8714],[99.9069,13.888],[99.9149,13.8977],[99.9231,13.8975],[99.9281,13.9101],[99.9167,13.9135],[99.927,13.9341],[99.8821,13.9498]]]}},{"type":"Feature","properties":{"pcode":"TH71","name_en":"Kanchanaburi","name_th":"กาญจนบุรี"},"geometry":{"type":"Polygon","coordinates":[[[98.5863,15.6547],[98.5767,15.6606],[98.5578,15.6525],[98.5628,15.6396],[98.5528,15.6024],[98.5852,15.4714],[98.5804,15.3776],[98.5591,15.3364],[98.5495,15.3382],[98.5475,15.3592],[98.5311,15.3719],[98.5211,15.3923],[98.5005,15.4046],[98.4897,15.4032],[98.4764,15.3913],[98.4804,15.3768],[98.4692,15.3723],[98.4625,15.3854],[98.4492,15.3843],[98.4516,15.3759],[98.4424,15.3649],[98.4164,15.3641],[98.4147,15.3549],[98.3945,15.3447],[98.3912,15.3309],[98.3998,15.322],[98.4002,15.3108],[98.3853,15.3013],[98.3443,15.2925],[98.2967,15.3134],[98.3004,15.3034],[98.2942,15.2971],[98.3032,15.2801],[98.2804,15.2704],[98.258,15.2243],[98.2348,15.2202],[98.2206,15.2249],[98.2092,15.2388],[98.1978,15.2336],[98.1991,15.2102],[98.2097,15.2],[98.2131,15.1796],[98.1902,15.1501],[98.1928,15.1355],[98.1811,15.1105],[98.1843,15.0964],[98.2109,15.0754],[98.2305,15.0461],[98.2243,15.0267],[98.2113,15.0159],[98.2088,14.9804],[98.2323,14.9673],[98.2286,14.9475],[98.2433,14.9389],[98.2434,14.9225],[98.2501,14.9156],[98.2297,14.8903],[98.2584,14.8596],[98.2586,14.8437],[98.2459,14.8309],[98.2543,14.8135],[98.2766,14.797],[98.2833,14.7721],[98.2933,14.7692],[98.3054,14.7318],[98.3299,14.7049],[98.3376,14.7104],[98.3618,14.6888],[98.3661,14.6667],[98.3789,14.6545],[98.4372,14.6131],[98.4441,14.5927],[98.4594,14.5775],[98.4556,14.5562],[98.4616,14.5307],[98.4918,14.5405],[98.5116,14.477],[98.5332,14.4429],[98.5453,14.4412],[98.5478,14.4222],[98.5575,14.4197],[98.5624,14.3856],[98.5733,14.3806],[98.5768,14.3683],[98.5905,14.3703],[98.5938,14.3764],[98.5928,14.3443],[98.6017,14.3215],[98.6142,14.3125],[98.6305,14.316],[98.6813,14.2734],[98.6976,14.2749],[98.7055,14.253],[98.7263,14.2382],[98.7329,14.2396],[98.7563,14.2139],[98.7757,14.2071],[98.778,14.1988],[98.7988,14.1928],[98.8135,14.1754],[98.8297,14.1751],[98.8672,14.1476],[98.8748,14.1269],[98.8996,14.1082],[98.9205,14.1097],[98.9455,14.0922],[98.959,14.0968],[98.9678,14.0818],[98.9712,14.0344],[98.9979,14.0185],[99.0125,13.9837],[99.0189,13.9472],[99.0437,13.9418],[99.0595,13.9294],[99.0658,13.9075],[99.0808,13.8915],[99.1084,13.8917],[99.1107,13.8657],[99.1006,13.8545],[99.0995,13.8377],[99.1142,13.8307],[99.1214,13.8126],[99.1215,13.7731],[99.1418,13.7575],[99.1538,13.7556],[99.1542,13.7363],[99.1609,13.7262],[99.1673,13.7259],[99.1726,13.7409],[99.1846,13.7334],[99.2038,13.7353],[99.2211,13.7478],[99.2402,13.7515],[99.2659,13.7435],[99.2783,13.7596],[99.3068,13.7771],[99.3399,13.7558],[99.3788,13.755],[99.4136,13.7746],[99.4531,13.7789],[99.4704,13.8067],[99.4795,13.8026],[99.4867,13.7833],[99.5052,13.7659],[99.5284,13.7667],[99.5288,13.7606],[99.5459,13.7589],[99.5963,13.7844],[99.6121,13.8012],[99.6306,13.8055],[99.6663,13.8463],[99.7092,13.8255],[99.7303,13.8281],[99.7472,13.8198],[99.7793,13.8233],[99.7959,13.8185],[99.8024,13.8073],[99.8113,13.8107],[99.812,13.8171],[99.8009,13.8251],[99.8191,13.8265],[99.8143,13.8326],[99.8201,13.8646],[99.8279,13.8694],[99.8367,13.8657],[99.8542,13.9159],[99.8793,13.9509],[99.8755,13.9616],[99.8526,13.9658],[99.8292,13.9984],[99.8369,14.0309],[99.8489,14.0428],[99.8489,14.0515],[99.8116,14.0649],[99.8117,14.0777],[99.7969,14.0859],[99.791,14.1008],[99.7778,14.0927],[99.7694,14.1003],[99.7679,14.1165],[99.7855,14.1245],[99.7817,14.1417],[99.8026,14.1904],[99.7956,14.2179],[99.8062,14.2297],[99.8129,14.2288],[99.8164,14.2466],[99.8243,14.2541],[99.8209,14.2609],[99.8336,14.2722],[99.8112,14.3153],[99.7937,14.3259],[99.8067,14.326],[99.8121,14.3506],[99.822,14.35],[99.8259,14.3661],[99.8174,14.3835],[99.8264,14.3864],[99.8262,14.3937],[99.8147,14.4402],[99.8254,14.4733],[99.8226,14.4855],[99.828,14.4902],[99.8285,14.4791],[99.8331,14.4816],[99.8288,14.5015],[99.8151,14.5149],[99.8097,14.5123],[99.805,14.5257],[99.8097,14.5397],[99.793,14.5527],[99.8033,14.5928],[99.7976,14.6022],[99.8002,14.6235],[99.818,14.6284],[99.8218,14.6389],[99.8081,14.6471],[99.8138,14.6584],[99.8102,14.6685],[99.7941,14.6815],[99.7972,14.7056],[99.7918,14.7032],[99.7832,14.7187],[99.7894,14.736],[99.7565,14.7474],[99.7203,14.7497],[99.678,14.784],[99.6647,14.7881],[99.6589,14.8026],[99.6291,14.801],[99.6104,14.7852],[99.5957,14.7894],[99.5856,14.7843],[99.5776,14.7893],[99.5726,14.7832],[99.5777,14.7484],[99.5671,14.7095],[99.545,14.7088],[99.5421,14.7162],[99.5223,14.7044],[99.5083,14.7094],[99.4919,14.7047],[99.4852,14.7085],[99.489,14.7162],[99.4806,14.7152],[99.4788,14.7223],[99.4663,14.717],[99.459,14.7295],[99.4421,14.7321],[99.4446,14.7412],[99.4328,14.7546],[99.4334,14.7761],[99.3807,14.7648],[99.3416,14.7842],[99.3271,14.81],[99.3096,14.8128],[99.3043,14.8274],[99.2921,14.8333],[99.2873,14.8558],[99.2872,14.8647],[99.3006,14.8716],[99.3245,14.8994],[99.325,14.9416],[99.3045,14.9746],[99.2833,14.9891],[99.2828,14.9976],[99.2563,14.9876],[99.2332,15.0125],[99.2038,15.0143],[99.1906,15.0275],[99.1761,15.0164],[99.162,15.0153],[99.1353,15.0375],[99.1469,15.0473],[99.1432,15.0518],[99.13,15.0493],[99.1186,15.0548],[99.1141,15.0445],[99.078,15.0386],[99.0679,15.0475],[99.0281,15.0496],[99.0086,15.0703],[98.9997,15.071],[99.0119,15.0868],[98.9973,15.1049],[98.9993,15.1357],[99.0076,15.1444],[99.0004,15.1638],[98.9641,15.2055],[98.9556,15.247],[98.9426,15.2529],[98.9233,15.2467],[98.9144,15.2655],[98.8863,15.2751],[98.8914,15.2904],[98.871,15.3246],[98.8402,15.348],[98.831,15.3456],[98.8294,15.3558],[98.7833,15.4084],[98.7794,15.4231],[98.7546,15.4407],[98.7602,15.4714],[98.7011,15.5038],[98.7035,15.5101],[98.7187,15.5064],[98.7238,15.5175],[98.6613,15.5983],[98.6486,15.6325],[98.6403,15.6381],[98.6259,15.6264],[98.6268,15.6386],[98.6133,15.6448],[98.5903,15.6444],[98.5863,15.6547]]]}},{"type":"Feature","properties":{"pcode":"TH72","name_en":"Suphan Buri","name_th":"สุพรรณบุรี"},"geometry":{"type":"Polygon","coordinates":[[[99.3712,15.0507],[99.3394,15.0805],[99.3198,15.0809],[99.276,15.0134],[99.2833,14.9891],[99.3045,14.9746],[99.325,14.9416],[99.3245,14.8994],[99.3006,14.8716],[99.2872,14.8647],[99.2921,14.8333],[99.3043,14.8274],[99.3096,14.8128],[99.3271,14.81],[99.3416,14.7842],[99.3807,14.7648],[99.4334,14.7761],[99.4328,14.7546],[99.4446,14.7412],[99.4421,14.7321],[99.459,14.7295],[99.4663,14.717],[99.4788,14.7223],[99.4806,14.7152],[99.489,14.7162],[99.4852,14.7085],[99.4919,14.7047],[99.5083,14.7094],[99.5223,14.7044],[99.5421,14.7162],[99.545,14.7088],[99.5671,14.7095],[99.5777,14.7484],[99.5726,14.7832],[99.5776,14.7893],[99.5856,14.7843],[99.5957,14.7894],[99.6104,14.7852],[99.6291,14.801],[99.6589,14.8026],[99.6647,14.7881],[99.678,14.784],[99.7203,14.7497],[99.7565,14.7474],[99.7894,14.736],[99.7832,14.7187],[99.7918,14.7032],[99.7972,14.7056],[99.7941,14.6815],[99.8102,14.6685],[99.8138,14.6584],[99.8081,14.6471],[99.8218,14.6389],[99.818,14.6284],[99.8002,14.6235],[99.7976,14.6022],[99.8033,14.5928],[99.793,14.5527],[99.8097,14.5397],[99.805,14.5257],[99.8097,14.5123],[99.8151,14.5149],[99.8288,14.5015],[99.8331,14.4816],[99.8285,14.4791],[99.828,14.4902],[99.8226,14.4855],[99.8254,14.4733],[99.8147,14.4402],[99.8262,14.3937],[99.8264,14.3864],[99.8174,14.3835],[99.8259,14.3661],[99.822,14.35],[99.8121,14.3506],[99.8067,14.326],[99.7937,14.3259],[99.8112,14.3153],[99.8336,14.2722],[99.8209,14.2609],[99.8243,14.2541],[99.8164,14.2466],[99.8129,14.2288],[99.8062,14.2297],[99.7956,14.2179],[99.8026,14.1904],[99.7817,14.1417],[99.7855,14.1245],[99.7679,14.1165],[99.7722,14.0939],[99.791,14.1008],[99.7969,14.0859],[99.8117,14.0778],[99.8081,14.0701],[99.8127,14.0644],[99.8348,14.079],[99.8683,14.0736],[99.8852,14.0908],[99.8923,14.0901],[99.9271,14.1277],[99.9333,14.1239],[99.9448,14.1349],[99.9651,14.1308],[99.971,14.1337],[99.9656,14.1388],[99.9745,14.1431],[100.004,14.1412],[100.0392,14.1536],[100.0551,14.1457],[100.1313,14.1458],[100.1319,14.139],[100.14,14.1455],[100.1609,14.1468],[100.1745,14.1602],[100.2019,14.17],[100.2014,14.1759],[100.2116,14.1771],[100.2249,14.194],[100.2386,14.1974],[100.2314,14.2134],[100.2322,14.2388],[100.2434,14.241],[100.2483,14.2521],[100.251,14.2919],[100.2824,14.329],[100.2763,14.3307],[100.2734,14.3595],[100.2623,14.3672],[100.2736,14.377],[100.2796,14.4002],[100.2616,14.4221],[100.2635,14.4278],[100.2453,14.4369],[100.252,14.44],[100.2444,14.4588],[100.2532,14.4827],[100.2354,14.4794],[100.2333,14.4996],[100.2063,14.5239],[100.2081,14.5406],[100.196,14.56],[100.2096,14.5732],[100.2069,14.583],[100.2187,14.5967],[100.2002,14.5989],[100.1913,14.6171],[100.2104,14.6246],[100.208,14.6348],[100.2146,14.6422],[100.24,14.645],[100.2443,14.6511],[100.2223,14.6655],[100.2236,14.689],[100.2039,14.7213],[100.2122,14.7182],[100.219,14.7288],[100.2066,14.7377],[100.2054,14.7707],[100.2301,14.7878],[100.2147,14.8068],[100.2043,14.8096],[100.2094,14.8335],[100.2188,14.8441],[100.2215,14.865],[100.2164,14.8732],[100.2245,14.8826],[100.2097,14.8844],[100.2063,14.8953],[100.2242,14.9035],[100.2163,14.9105],[100.1922,14.9049],[100.1825,14.9245],[100.1827,14.9353],[100.1982,14.9399],[100.2018,14.9591],[100.1867,14.958],[100.1577,14.929],[100.1263,14.923],[100.1276,14.9314],[100.1381,14.9369],[100.1325,14.9459],[100.1061,14.9456],[100.0887,14.956],[100.0763,14.951],[100.055,14.9622],[100.0401,14.9611],[100.037,14.9501],[100.0457,14.9408],[100.0383,14.9132],[99.932,14.9069],[99.8883,14.9263],[99.8739,14.9233],[99.843,14.9375],[99.7942,14.943],[99.7523,14.9609],[99.7149,14.9614],[99.6637,14.9883],[99.6273,14.9876],[99.6319,14.9838],[99.6271,14.9794],[99.6313,14.9433],[99.5882,14.9448],[99.5646,14.9621],[99.5346,14.968],[99.5263,14.9806],[99.4779,14.9915],[99.445,14.9912],[99.4264,15.015],[99.4159,15.0473],[99.3712,15.0507]]]}},{"type":"Feature","properties":{"pcode":"TH73","name_en":"Nakhon Pathom","name_th":"นครปฐม"},"geometry":{"type":"Polygon","coordinates":[[[100.2231,14.1773],[100.2014,14.1759],[100.2019,14.17],[100.1745,14.1602],[100.1609,14.1468],[100.14,14.1455],[100.1315,14.139],[100.1313,14.1458],[100.0551,14.1457],[100.0437,14.1535],[99.9921,14.1393],[99.9745,14.1431],[99.9656,14.1388],[99.971,14.1338],[99.967,14.1314],[99.9453,14.135],[99.9333,14.1239],[99.9271,14.1278],[99.8923,14.0901],[99.8852,14.0908],[99.8683,14.0736],[99.8348,14.079],[99.8145,14.0659],[99.849,14.0514],[99.8489,14.0428],[99.8369,14.0309],[99.8292,13.9984],[99.8523,13.9661],[99.8754,13.9616],[99.8821,13.9498],[99.927,13.9341],[99.9167,13.9135],[99.9281,13.9101],[99.9231,13.8975],[99.9149,13.8977],[99.9069,13.888],[99.9127,13.8714],[99.9009,13.8416],[99.9206,13.8457],[99.9372,13.8411],[99.9357,13.8338],[99.9419,13.8299],[99.9582,13.8363],[99.9626,13.8321],[99.9627,13.8129],[99.97,13.8104],[99.9708,13.801],[99.9549,13.7953],[99.9519,13.7736],[99.9379,13.7698],[99.9489,13.7337],[99.9602,13.7219],[100.0288,13.7544],[100.0305,13.7443],[100.0229,13.7352],[100.025,13.6983],[100.0347,13.6916],[100.0657,13.696],[100.068,13.6812],[100.0603,13.6603],[100.0841,13.6572],[100.0865,13.6508],[100.1218,13.6538],[100.1175,13.6664],[100.1234,13.6671],[100.121,13.6791],[100.129,13.6813],[100.1561,13.6842],[100.1636,13.6768],[100.1818,13.689],[100.1891,13.674],[100.2098,13.6848],[100.2242,13.6814],[100.2272,13.6727],[100.2407,13.6799],[100.2437,13.6746],[100.2869,13.6942],[100.2836,13.7141],[100.2901,13.7178],[100.304,13.7152],[100.3008,13.7201],[100.3087,13.7248],[100.3242,13.7173],[100.3357,13.723],[100.3307,13.7981],[100.2761,13.9129],[100.2654,13.9206],[100.2982,13.9634],[100.2624,13.9981],[100.2697,14.0234],[100.2769,14.0239],[100.2642,14.0601],[100.276,14.0796],[100.2771,14.1012],[100.2837,14.1007],[100.2795,14.1252],[100.2841,14.1696],[100.2231,14.1773]]]}},{"type":"Feature","properties":{"pcode":"TH74","name_en":"Samut Sakhon","name_th":"สมุทรสาคร"},"geometry":{"type":"Polygon","coordinates":[[[100.3091,13.7217],[100.3008,13.7201],[100.3031,13.7149],[100.2928,13.7188],[100.2836,13.7141],[100.2868,13.6942],[100.2437,13.6746],[100.2407,13.6799],[100.2272,13.6727],[100.2242,13.6814],[100.2098,13.6848],[100.1891,13.674],[100.1801,13.6889],[100.1636,13.6768],[100.1561,13.6842],[100.121,13.6791],[100.1218,13.6538],[100.1055,13.6493],[100.0603,13.6603],[100.0539,13.619],[100.0311,13.6126],[100.0431,13.5948],[100.0372,13.5825],[100.046,13.5593],[100.0431,13.5387],[100.029,13.5288],[100.0317,13.5219],[100.0267,13.5174],[100.0307,13.5066],[100.0426,13.5037],[100.0733,13.4563],[100.0789,13.4252],[100.2457,13.4733],[100.266,13.4853],[100.2743,13.5044],[100.2819,13.5066],[100.3301,13.4865],[100.4088,13.4934],[100.4063,13.5358],[100.4195,13.5428],[100.4152,13.5572],[100.3954,13.5538],[100.3785,13.5943],[100.3765,13.6197],[100.366,13.6336],[100.3485,13.641],[100.3468,13.6553],[100.3394,13.655],[100.3306,13.6992],[100.3367,13.7165],[100.3091,13.7217]]]}},{"type":"Feature","properties":{"pcode":"TH75","name_en":"Samut Songkhram","name_th":"สมุทรสงคราม"},"geometry":{"type":"Polygon","coordinates":[[[100.0116,13.5136],[100.0086,13.5162],[99.9948,13.4939],[99.9895,13.5011],[99.9666,13.4855],[99.9607,13.4975],[99.934,13.4977],[99.9259,13.5139],[99.9206,13.5136],[99.9135,13.5105],[99.919,13.5007],[99.896,13.4833],[99.8876,13.4559],[99.8914,13.4324],[99.8697,13.3827],[99.8548,13.3259],[99.8603,13.2446],[99.8772,13.2513],[99.8923,13.243],[99.8815,13.2585],[99.8866,13.2639],[99.9078,13.2639],[99.9096,13.2821],[99.9295,13.2821],[99.9357,13.2929],[99.9525,13.2966],[99.956,13.3067],[99.9966,13.33],[99.9991,13.3681],[100.0232,13.3618],[100.0347,13.3725],[100.0476,13.4086],[100.0787,13.4252],[100.0733,13.4563],[100.0426,13.5037],[100.0263,13.5046],[100.0116,13.5136]]]}},{"type":"Feature","properties":{"pcode":"TH76","name_en":"Phetchaburi","name_th":"เพชรบุรี"},"geometry":{"type":"Polygon","coordinates":[[[99.7587,13.3425],[99.701,13.3182],[99.6841,13.2915],[99.6655,13.2861],[99.6598,13.273],[99.6683,13.2683],[99.6646,13.2149],[99.6384,13.2102],[99.6369,13.2017],[99.6026,13.2057],[99.5943,13.1985],[99.5786,13.1977],[99.5641,13.2051],[99.5511,13.2077],[99.5445,13.2026],[99.5225,13.21],[99.5067,13.1804],[99.4787,13.2005],[99.4639,13.184],[99.4425,13.1835],[99.4281,13.1984],[99.4145,13.199],[99.3988,13.2176],[99.3936,13.2129],[99.3716,13.2208],[99.3682,13.2337],[99.3584,13.2332],[99.3507,13.244],[99.3385,13.2329],[99.3352,13.2207],[99.3233,13.2229],[99.3187,13.2025],[99.3242,13.1775],[99.2719,13.1488],[99.2272,13.2031],[99.2162,13.2012],[99.21,13.2081],[99.1999,13.1939],[99.1832,13.1925],[99.1746,13.2026],[99.1563,13.2084],[99.1316,13.2029],[99.1232,13.1944],[99.1236,13.1824],[99.1168,13.1745],[99.1339,13.1645],[99.1373,13.151],[99.1302,13.1425],[99.1369,13.1329],[99.1279,13.115],[99.1313,13.0978],[99.1175,13.0955],[99.1025,13.0833],[99.0995,13.0728],[99.1255,13.0384],[99.1458,13.0334],[99.1481,13.0267],[99.1709,13.0151],[99.1805,12.9932],[99.195,12.9906],[99.1872,12.977],[99.1952,12.9565],[99.1847,12.9448],[99.1719,12.9426],[99.1623,12.9283],[99.1826,12.9113],[99.1809,12.887],[99.1887,12.88],[99.1863,12.8498],[99.2222,12.8219],[99.2344,12.7793],[99.2339,12.7523],[99.228,12.7427],[99.244,12.7202],[99.27,12.7286],[99.2789,12.716],[99.2898,12.7149],[99.2894,12.6991],[99.3003,12.6899],[99.294,12.6776],[99.3091,12.6674],[99.338,12.6621],[99.3443,12.6415],[99.3658,12.6344],[99.3656,12.6251],[99.3778,12.6218],[99.3792,12.616],[99.4123,12.6154],[99.4408,12.5811],[99.4553,12.5792],[99.4968,12.593],[99.4987,12.5734],[99.5145,12.5637],[99.535,12.5686],[99.5401,12.574],[99.5374,12.5818],[99.5779,12.5779],[99.5882,12.5705],[99.5988,12.5734],[99.6166,12.5813],[99.6283,12.5998],[99.6138,12.6152],[99.6196,12.6225],[99.6162,12.6407],[99.6225,12.6446],[99.6475,12.6426],[99.6582,12.633],[99.6641,12.6377],[99.684,12.6355],[99.693,12.6137],[99.7183,12.6011],[99.7252,12.6118],[99.7381,12.6097],[99.7401,12.6155],[99.7535,12.6189],[99.7725,12.6126],[99.7935,12.6155],[99.8263,12.6334],[99.8402,12.6262],[99.853,12.6309],[99.8561,12.6249],[99.876,12.6263],[99.8836,12.6201],[99.9049,12.636],[99.9216,12.6233],[99.9276,12.6307],[99.9561,12.6325],[99.9668,12.7405],[99.9887,12.8058],[99.996,12.8152],[100.0021,12.8124],[99.9921,12.8179],[100.0025,12.8143],[99.9941,12.8231],[100.0156,12.8613],[100.0295,12.9346],[100.0457,12.9759],[100.1032,13.0578],[100.0827,13.0607],[100.0652,13.0842],[100.066,13.1581],[100.0189,13.1854],[99.9854,13.2353],[99.9413,13.2664],[99.9525,13.2966],[99.9357,13.293],[99.9295,13.2821],[99.9096,13.2821],[99.9078,13.2639],[99.8866,13.2639],[99.8815,13.2585],[99.8923,13.243],[99.8772,13.2513],[99.8603,13.2446],[99.8522,13.3079],[99.8557,13.3297],[99.8109,13.3403],[99.8036,13.3293],[99.7587,13.3425]]]}},{"type":"Feature","properties":{"pcode":"TH77","name_en":"Prachuap Khiri Khan","name_th":"ประจวบคีรีขันธ์"},"geometry":{"type":"MultiPolygon","coordinates":[[[[99.6242,12.6435],[99.6162,12.6407],[99.6196,12.6225],[99.6137,12.6156],[99.6283,12.5998],[99.6166,12.5813],[99.5981,12.5732],[99.5882,12.5705],[99.5779,12.5779],[99.5374,12.5818],[99.5401,12.574],[99.535,12.5686],[99.5156,12.5636],[99.4987,12.5734],[99.4968,12.593],[99.4553,12.5792],[99.4323,12.5832],[99.4279,12.5774],[99.4353,12.5651],[99.4305,12.5555],[99.4227,12.5557],[99.4176,12.5249],[99.4253,12.4916],[99.4061,12.4808],[99.4007,12.4598],[99.425,12.4484],[99.4272,12.4236],[99.4459,12.4071],[99.4325,12.3643],[99.4437,12.3517],[99.434,12.3423],[99.4455,12.3322],[99.4446,12.3174],[99.4624,12.2968],[99.4615,12.2863],[99.4818,12.2794],[99.4843,12.2732],[99.482,12.253],[99.4712,12.2346],[99.4872,12.2182],[99.4963,12.197],[99.4881,12.1684],[99.4729,12.1576],[99.4733,12.1315],[99.4923,12.1283],[99.5006,12.1435],[99.5162,12.1476],[99.5395,12.144],[99.5499,12.1503],[99.5708,12.1446],[99.5552,12.1134],[99.5558,12.0941],[99.5334,12.0655],[99.5318,12.0528],[99.5407,12.0343],[99.536,12.0167],[99.5744,12.0077],[99.5922,11.9925],[99.5931,11.9548],[99.5795,11.9438],[99.5859,11.9299],[99.5795,11.9037],[99.5892,11.8853],[99.588,11.8723],[99.5998,11.8789],[99.6099,11.8685],[99.6255,11.8493],[99.6216,11.8328],[99.6393,11.8269],[99.6577,11.8294],[99.6649,11.823],[99.659,11.8109],[99.6506,11.8114],[99.6415,11.7906],[99.6445,11.7743],[99.637,11.7561],[99.6364,11.7274],[99.6181,11.7235],[99.6157,11.7109],[99.6025,11.7074],[99.5993,11.6963],[99.5878,11.6879],[99.5827,11.6775],[99.5863,11.6599],[99.5696,11.6426],[99.5657,11.6267],[99.5458,11.6278],[99.5312,11.6211],[99.5174,11.6365],[99.5074,11.6364],[99.4918,11.6254],[99.4754,11.6239],[99.4676,11.6147],[99.4579,11.5828],[99.4677,11.5668],[99.4627,11.5491],[99.4685,11.5493],[99.4738,11.5331],[99.4485,11.5085],[99.4584,11.4913],[99.4442,11.491],[99.4429,11.4796],[99.42,11.4809],[99.41,11.4646],[99.3928,11.46],[99.3911,11.4538],[99.4002,11.4439],[99.3941,11.4388],[99.4028,11.4238],[99.4042,11.406],[99.3976,11.4],[99.4016,11.3891],[99.3654,11.3719],[99.3446,11.3493],[99.3425,11.3329],[99.327,11.3367],[99.3263,11.3292],[99.3118,11.3172],[99.3238,11.2981],[99.3247,11.2836],[99.3068,11.2563],[99.2832,11.2438],[99.2639,11.2146],[99.253,11.1693],[99.2248,11.1422],[99.2276,11.1121],[99.212,11.0985],[99.2029,11.1011],[99.2004,11.0911],[99.1901,11.0842],[99.1794,11.0829],[99.1801,11.0599],[99.172,11.056],[99.172,11.0445],[99.152,11.032],[99.1475,11.016],[99.1658,11.011],[99.1695,11.0009],[99.2001,10.9971],[99.202,10.9851],[99.2065,10.9901],[99.2585,10.9654],[99.2654,10.9695],[99.2809,10.9584],[99.2908,10.9697],[99.3057,10.9653],[99.3214,10.9708],[99.3359,10.9638],[99.3446,10.9756],[99.3621,10.9691],[99.3756,10.9725],[99.382,10.9625],[99.4073,10.9547],[99.4694,10.9935],[99.4904,10.9882],[99.5027,10.9921],[99.5013,11.0427],[99.4862,11.1169],[99.4882,11.1427],[99.507,11.1809],[99.5334,11.2039],[99.5448,11.208],[99.5629,11.2021],[99.5591,11.1904],[99.5667,11.1832],[99.5794,11.1954],[99.5823,11.2122],[99.5647,11.2255],[99.5533,11.2545],[99.552,11.3061],[99.567,11.3499],[99.5741,11.3587],[99.5808,11.3574],[99.6166,11.459],[99.6276,11.4708],[99.639,11.5188],[99.7321,11.6899],[99.7893,11.7443],[99.8112,11.738],[99.8027,11.7526],[99.8045,11.761],[99.7957,11.7696],[99.8034,11.7824],[99.8136,11.7841],[99.8134,11.7768],[99.8184,11.7849],[99.802,11.7977],[99.7985,11.8177],[99.8172,11.8389],[99.8286,11.839],[99.8289,11.8286],[99.8332,11.8306],[99.8351,11.8434],[99.8244,11.8512],[99.8256,11.8657],[99.8169,11.8648],[99.8122,11.8822],[99.8426,11.9618],[99.8679,11.999],[99.9411,12.0799],[99.9629,12.0871],[99.968,12.0987],[99.9611,12.1114],[99.9751,12.1459],[100.0016,12.1657],[100.0199,12.189],[100.0133,12.2079],[100.0016,12.2128],[100.0054,12.2225],[99.9819,12.2464],[99.9741,12.2664],[99.987,12.3171],[100.0028,12.3366],[99.9979,12.3435],[99.9952,12.4143],[99.9923,12.4104],[99.9938,12.4153],[99.9877,12.4144],[99.9797,12.4317],[99.984,12.451],[99.9764,12.47],[99.975,12.5012],[99.9852,12.5142],[99.9727,12.5276],[99.9571,12.579],[99.9561,12.6325],[99.9276,12.6307],[99.9216,12.6233],[99.9049,12.636],[99.8836,12.6201],[99.876,12.6263],[99.8561,12.6249],[99.853,12.6309],[99.8402,12.6262],[99.8263,12.6334],[99.7935,12.6155],[99.7725,12.6126],[99.7535,12.6189],[99.7401,12.6155],[99.7381,12.6097],[99.7252,12.6118],[99.7183,12.6011],[99.693,12.6137],[99.684,12.6355],[99.6641,12.6377],[99.6582,12.633],[99.6475,12.6426],[99.6242,12.6435]]],[[[99.5633,11.0851],[99.5558,11.0738],[99.5445,11.068],[99.5613,11.0709],[99.5633,11.0851]]],[[[99.5792,11.2191],[99.5785,11.2183],[99.5805,11.2155],[99.5813,11.2167],[99.5792,11.2191]]],[[[99.6057,11.4014],[99.6065,11.4034],[99.6063,11.4043],[99.6049,11.4014],[99.6057,11.4014]]],[[[99.7893,11.7087],[99.7896,11.7095],[99.7891,11.7116],[99.7878,11.7081],[99.7893,11.7087]]],[[[99.7922,11.7221],[99.7914,11.7207],[99.792,11.7201],[99.7929,11.7205],[99.7922,11.7221]]],[[[99.8312,11.7619],[99.8294,11.7589],[99.8342,11.7581],[99.8335,11.7604],[99.8312,11.7619]]],[[[99.8109,11.766],[99.8111,11.7669],[99.8099,11.7685],[99.8085,11.7653],[99.8109,11.766]]],[[[99.8165,11.7899],[99.8173,11.7913],[99.8159,11.7924],[99.8155,11.7915],[99.8165,11.7899]]],[[[99.8149,11.7925],[99.8159,11.7935],[99.8152,11.7958],[99.8141,11.7936],[99.8149,11.7925]]],[[[99.8239,11.7966],[99.8219,11.7951],[99.8223,11.7929],[99.8253,11.7935],[99.8239,11.7966]]],[[[99.815,11.7963],[99.8164,11.7976],[99.8155,11.799],[99.8143,11.798],[99.815,11.7963]]],[[[100.0308,12.2059],[100.0321,12.2132],[100.0243,12.1964],[100.0255,12.1967],[100.0308,12.2059]]],[[[100.0098,12.2243],[100.0101,12.2253],[100.0099,12.2257],[100.0093,12.2253],[100.0098,12.2243]]],[[[100.0101,12.2262],[100.0103,12.2265],[100.0101,12.2268],[100.0098,12.2264],[100.0101,12.2262]]],[[[100.0052,12.2327],[100.0035,12.2308],[100.0047,12.2293],[100.0061,12.2318],[100.0052,12.2327]]],[[[100.0085,12.2379],[100.013,12.2451],[100.0117,12.2494],[100.0056,12.2363],[100.0085,12.2379]]]]}},{"type":"Feature","properties":{"pcode":"TH80","name_en":"Nakhon Si Thammarat","name_th":"นครศรีธรรมราช"},"geometry":{"type":"MultiPolygon","coordinates":[[[[99.7747,9.3137],[99.7691,9.3228],[99.7633,9.2915],[99.7715,9.2803],[99.7716,9.2609],[99.7622,9.2682],[99.7481,9.263],[99.754,9.2213],[99.7471,9.2041],[99.739,9.1996],[99.7387,9.1704],[99.7203,9.1548],[99.7199,9.1448],[99.7337,9.1274],[99.7224,9.1128],[99.7405,9.1145],[99.7719,9.0988],[99.7643,9.0878],[99.7639,9.0717],[99.7486,9.0684],[99.7407,9.0582],[99.7445,9.0256],[99.7332,9.0126],[99.7245,8.9798],[99.7132,8.971],[99.6942,8.9746],[99.6885,8.9597],[99.6981,8.9428],[99.692,8.9324],[99.6505,8.9206],[99.6478,8.9299],[99.633,8.9223],[99.6385,8.9165],[99.6261,8.9118],[99.617,8.9181],[99.6169,8.9262],[99.6044,8.9281],[99.5759,8.9107],[99.5741,8.892],[99.5533,8.876],[99.5594,8.8507],[99.5323,8.8501],[99.5176,8.8361],[99.5276,8.8144],[99.5214,8.7675],[99.5306,8.7598],[99.5293,8.7461],[99.5219,8.7193],[99.492,8.6969],[99.4985,8.6852],[99.493,8.6809],[99.4963,8.672],[99.4791,8.658],[99.4809,8.6482],[99.4617,8.6498],[99.4487,8.6318],[99.4561,8.6038],[99.4424,8.5991],[99.4342,8.5831],[99.4159,8.5691],[99.4178,8.5522],[99.4009,8.5442],[99.4023,8.536],[99.3935,8.5288],[99.3948,8.5131],[99.3777,8.5161],[99.3646,8.5017],[99.3502,8.4991],[99.3505,8.4935],[99.3295,8.4929],[99.3188,8.4754],[99.2864,8.4695],[99.2879,8.4638],[99.2595,8.4483],[99.2621,8.4369],[99.2496,8.421],[99.249,8.4103],[99.2349,8.3992],[99.2419,8.3652],[99.2467,8.3674],[99.2616,8.3504],[99.2755,8.3513],[99.2829,8.3161],[99.2997,8.3151],[99.2989,8.3063],[99.3176,8.2939],[99.3276,8.294],[99.3362,8.2684],[99.3337,8.2568],[99.3113,8.2337],[99.3206,8.218],[99.3195,8.1967],[99.3076,8.1919],[99.3084,8.1758],[99.2898,8.165],[99.2884,8.1508],[99.298,8.1426],[99.2964,8.1321],[99.3024,8.1312],[99.3635,8.1331],[99.3879,8.1408],[99.3938,8.0866],[99.3851,8.0834],[99.3828,8.0725],[99.415,7.9998],[99.3956,7.9816],[99.3929,7.9657],[99.398,7.9546],[99.3842,7.941],[99.3652,7.945],[99.398,7.9246],[99.4249,7.928],[99.4143,7.8979],[99.4271,7.8754],[99.436,7.8747],[99.4431,7.8862],[99.4556,7.8889],[99.4716,7.9045],[99.48,7.8817],[99.5031,7.8865],[99.5172,7.8761],[99.5335,7.8776],[99.5393,7.8823],[99.5336,7.891],[99.5407,7.9117],[99.5589,7.9195],[99.5617,7.9365],[99.5685,7.9361],[99.571,7.9463],[99.5803,7.9447],[99.5859,7.9569],[99.5963,7.9573],[99.5919,7.9629],[99.6066,7.9787],[99.6024,7.9855],[99.6157,7.9877],[99.6312,8.0096],[99.6574,8.0129],[99.6986,7.991],[99.7132,7.9901],[99.74,8.0089],[99.7531,8.0078],[99.7548,7.9962],[99.7444,7.9871],[99.748,7.9825],[99.7569,7.9864],[99.7536,7.9714],[99.7377,7.9491],[99.7305,7.9529],[99.7265,7.9405],[99.7404,7.9266],[99.7315,7.9006],[99.7391,7.875],[99.7347,7.8681],[99.7383,7.8589],[99.7493,7.8553],[99.7825,7.879],[99.8003,7.8827],[99.8084,7.8929],[99.8198,7.8839],[99.842,7.8913],[99.8679,7.8869],[99.8831,7.8935],[99.9232,7.8649],[99.9624,7.9057],[99.9659,7.8768],[99.9878,7.8601],[100.019,7.845],[100.0337,7.8467],[100.0558,7.838],[100.0642,7.8436],[100.0728,7.8408],[100.0921,7.8707],[100.1073,7.8789],[100.1313,7.8767],[100.1408,7.8683],[100.2355,7.883],[100.2664,7.9047],[100.266,7.9147],[100.3082,7.9138],[100.312,7.9362],[100.3267,7.9389],[100.3343,7.9357],[100.335,7.9312],[100.3366,7.9318],[100.2935,8.1816],[100.2561,8.3275],[100.2185,8.433],[100.1847,8.4886],[100.1477,8.516],[100.1131,8.5188],[100.1634,8.5004],[100.1652,8.4839],[100.1473,8.4433],[100.1529,8.4144],[100.1732,8.3877],[100.1381,8.3883],[100.1079,8.4103],[100.0872,8.4145],[100.0751,8.4333],[100.047,8.5171],[100.0156,8.5626],[100.0057,8.5664],[100.0091,8.5787],[99.9895,8.5946],[99.9781,8.5869],[99.9713,8.5891],[99.9739,8.5934],[99.9616,8.6081],[99.9522,8.6331],[99.9147,8.9209],[99.9164,8.9948],[99.9214,9.0048],[99.9293,9.0055],[99.9138,9.0228],[99.9094,9.0986],[99.893,9.1232],[99.8806,9.1268],[99.8757,9.1402],[99.8758,9.1995],[99.8814,9.2092],[99.8638,9.2483],[99.8479,9.2544],[99.8435,9.2938],[99.8356,9.3054],[99.8293,9.3102],[99.825,9.2982],[99.8185,9.2967],[99.7993,9.3049],[99.8057,9.3148],[99.8012,9.3193],[99.797,9.3087],[99.7961,9.3175],[99.7918,9.3088],[99.7853,9.311],[99.7857,9.3174],[99.7805,9.3089],[99.7747,9.3137]]],[[[99.7843,9.3221],[99.7846,9.3223],[99.785,9.3235],[99.7838,9.3228],[99.7843,9.3221]]],[[[99.7744,9.3252],[99.7678,9.3249],[99.7831,9.3225],[99.7785,9.3258],[99.7744,9.3252]]]]}},{"type":"Feature","properties":{"pcode":"TH81","name_en":"Krabi","name_th":"กระบี่"},"geometry":{"type":"MultiPolygon","coordinates":[[[[98.888,8.6813],[98.8411,8.678],[98.8015,8.6591],[98.798,8.6509],[98.7867,8.6509],[98.7707,8.6732],[98.7476,8.6751],[98.7228,8.6304],[98.7034,8.632],[98.7077,8.5971],[98.6911,8.576],[98.6775,8.5205],[98.6626,8.4913],[98.6492,8.4828],[98.6653,8.4593],[98.6713,8.459],[98.6649,8.4546],[98.6647,8.4269],[98.6444,8.4132],[98.6624,8.3848],[98.6354,8.3754],[98.64,8.3504],[98.6331,8.3448],[98.6374,8.3385],[98.6331,8.3187],[98.6257,8.313],[98.6275,8.2834],[98.6353,8.2759],[98.639,8.2848],[98.6501,8.273],[98.6677,8.2924],[98.7105,8.3168],[98.7061,8.288],[98.7118,8.2865],[98.7127,8.2658],[98.7198,8.2587],[98.7078,8.2245],[98.7163,8.2205],[98.728,8.2471],[98.7387,8.2351],[98.748,8.2055],[98.7515,8.1825],[98.7383,8.1568],[98.741,8.1419],[98.7353,8.136],[98.7505,8.1412],[98.758,8.13],[98.7482,8.1214],[98.7467,8.0892],[98.7396,8.0766],[98.7489,8.0549],[98.7642,8.0392],[98.7649,8.0229],[98.7737,8.0239],[98.7721,8.0406],[98.7972,8.0485],[98.8152,8.0393],[98.8291,8.0229],[98.8267,8.0159],[98.8344,8.0167],[98.8434,8.0017],[98.8417,8.0109],[98.8499,8.0112],[98.8592,8.0277],[98.8801,8.0194],[98.9128,8.0452],[98.9578,8.0],[98.9421,7.9877],[98.9725,7.9325],[98.9782,7.9398],[98.9922,7.9412],[99.0125,7.9281],[99.0267,7.8897],[99.0638,7.9052],[99.0585,7.8779],[99.0697,7.8741],[99.0654,7.8553],[99.0602,7.8518],[99.0479,7.8528],[99.0435,7.8341],[99.0172,7.8232],[99.0315,7.7969],[99.0225,7.7856],[99.0266,7.7754],[99.0201,7.764],[99.0414,7.7029],[99.0845,7.6905],[99.1001,7.694],[99.1076,7.7068],[99.1158,7.7602],[99.1302,7.76],[99.1456,7.7408],[99.153,7.7423],[99.1695,7.7286],[99.1786,7.7034],[99.1953,7.6922],[99.2032,7.6966],[99.2062,7.6873],[99.1963,7.6712],[99.2038,7.6695],[99.2132,7.6793],[99.2273,7.6717],[99.2361,7.6779],[99.2595,7.6574],[99.2748,7.6787],[99.2866,7.6799],[99.2866,7.6882],[99.3006,7.6893],[99.3128,7.7276],[99.3059,7.7557],[99.2889,7.7626],[99.2882,7.775],[99.3017,7.7907],[99.3033,7.8079],[99.2871,7.8101],[99.2942,7.8251],[99.2787,7.8486],[99.2967,7.8637],[99.32,7.8687],[99.3311,7.8812],[99.3385,7.9112],[99.3338,7.9288],[99.3553,7.9322],[99.3685,7.9463],[99.3844,7.941],[99.398,7.9546],[99.3929,7.9657],[99.3956,7.9816],[99.415,7.9998],[99.3828,8.0725],[99.3851,8.0834],[99.3938,8.0866],[99.3879,8.1408],[99.358,8.1326],[99.2954,8.134],[99.2985,8.1415],[99.2884,8.1508],[99.2895,8.1644],[99.3044,8.1703],[99.3062,8.1897],[99.3195,8.1966],[99.3206,8.218],[99.3113,8.2337],[99.3337,8.2568],[99.3362,8.2684],[99.331,8.2905],[99.2989,8.3063],[99.2997,8.3151],[99.2903,8.3134],[99.2907,8.3087],[99.2824,8.3109],[99.2768,8.3029],[99.2573,8.3024],[99.2096,8.336],[99.2014,8.3616],[99.205,8.366],[99.1864,8.3627],[99.1804,8.3721],[99.1507,8.3595],[99.1242,8.3681],[99.0618,8.3596],[99.0361,8.3623],[98.9746,8.4099],[98.9732,8.418],[98.948,8.4227],[98.9388,8.4424],[98.9508,8.4921],[98.9435,8.5063],[98.9421,8.5323],[98.9324,8.5452],[98.9378,8.578],[98.9292,8.5932],[98.9189,8.596],[98.9197,8.6148],[98.9024,8.6314],[98.9026,8.6475],[98.888,8.6813]]],[[[99.1133,7.4893],[99.1123,7.4891],[99.1128,7.488],[99.1141,7.489],[99.1133,7.4893]]],[[[99.1203,7.4942],[99.1218,7.496],[99.1204,7.4992],[99.1168,7.4938],[99.1203,7.4942]]],[[[99.1202,7.5434],[99.1172,7.5415],[99.1352,7.5241],[99.1372,7.5339],[99.1202,7.5434]]],[[[99.0871,7.5448],[99.0871,7.5452],[99.0866,7.5449],[99.0868,7.5447],[99.0871,7.5448]]],[[[99.0891,7.5456],[99.0893,7.5457],[99.0893,7.5459],[99.0888,7.5457],[99.0891,7.5456]]],[[[99.0902,7.5518],[99.0891,7.5517],[99.0888,7.5514],[99.0903,7.5505],[99.0902,7.5518]]],[[[99.1447,7.5581],[99.1463,7.5606],[99.1432,7.5633],[99.1418,7.5601],[99.1447,7.5581]]],[[[99.0967,7.5637],[99.0963,7.5647],[99.095,7.5643],[99.0957,7.5637],[99.0967,7.5637]]],[[[99.1429,7.5719],[99.1434,7.5747],[99.1406,7.5798],[99.1407,7.5746],[99.1429,7.5719]]],[[[99.1434,7.5932],[99.142,7.5877],[99.1468,7.582],[99.1492,7.5882],[99.1434,7.5932]]],[[[98.8639,7.617],[98.8623,7.6158],[98.8652,7.6115],[98.8658,7.6164],[98.8639,7.617]]],[[[99.1508,7.6161],[99.1468,7.6125],[99.1496,7.6082],[99.152,7.6119],[99.1508,7.6161]]],[[[99.1405,7.6407],[99.1384,7.6399],[99.1454,7.6151],[99.15,7.6285],[99.1405,7.6407]]],[[[99.1925,7.6486],[99.1926,7.6508],[99.191,7.6511],[99.1906,7.6484],[99.1925,7.6486]]],[[[98.7661,7.6536],[98.7668,7.6551],[98.765,7.6561],[98.7652,7.6541],[98.7661,7.6536]]],[[[98.7678,7.6585],[98.7668,7.6582],[98.7672,7.6572],[98.7681,7.6582],[98.7678,7.6585]]],[[[99.1374,7.6639],[99.1368,7.6635],[99.1374,7.6621],[99.1383,7.6631],[99.1374,7.6639]]],[[[98.7673,7.6728],[98.7668,7.6736],[98.7662,7.6732],[98.7665,7.6728],[98.7673,7.6728]]],[[[99.1276,7.6737],[99.127,7.6729],[99.1279,7.6721],[99.1279,7.6734],[99.1276,7.6737]]],[[[99.1841,7.6743],[99.1854,7.6754],[99.1858,7.677],[99.1845,7.6764],[99.1841,7.6743]]],[[[99.0699,7.6875],[99.0402,7.6848],[99.0388,7.6558],[99.0245,7.6445],[99.018,7.6511],[99.0186,7.6438],[99.0265,7.643],[99.0321,7.6302],[99.0271,7.6221],[99.0342,7.601],[99.0352,7.5641],[99.0672,7.4989],[99.0982,7.4673],[99.1095,7.4823],[99.1104,7.4966],[99.0955,7.5312],[99.0804,7.5493],[99.0762,7.5802],[99.0802,7.5979],[99.0884,7.595],[99.0912,7.603],[99.0961,7.5938],[99.1017,7.6021],[99.112,7.6019],[99.1176,7.5974],[99.1157,7.586],[99.1203,7.5877],[99.125,7.61],[99.1174,7.6247],[99.1273,7.6345],[99.1305,7.6491],[99.1103,7.686],[99.0934,7.6791],[99.0699,7.6875]]],[[[99.1996,7.6861],[99.2002,7.6872],[99.1999,7.689],[99.1986,7.6868],[99.1996,7.6861]]],[[[99.1928,7.689],[99.192,7.6899],[99.1869,7.6887],[99.1907,7.6854],[99.1928,7.689]]],[[[99.1026,7.6891],[99.1031,7.6896],[99.1028,7.6907],[99.1015,7.6899],[99.1026,7.6891]]],[[[99.2019,7.6865],[99.2034,7.6883],[99.2025,7.6909],[99.2012,7.6894],[99.2019,7.6865]]],[[[99.2009,7.6902],[99.2018,7.6913],[99.2012,7.6923],[99.2007,7.6911],[99.2009,7.6902]]],[[[99.1141,7.6888],[99.1131,7.6925],[99.1123,7.6929],[99.1118,7.6887],[99.1141,7.6888]]],[[[99.2046,7.6913],[99.2043,7.6924],[99.2032,7.6931],[99.2037,7.6919],[99.2046,7.6913]]],[[[99.1236,7.6934],[99.1242,7.6946],[99.1235,7.695],[99.123,7.6942],[99.1236,7.6934]]],[[[98.7711,7.6815],[98.7715,7.6826],[98.765,7.7002],[98.7645,7.6718],[98.7711,7.6815]]],[[[99.1192,7.6965],[99.1215,7.7007],[99.1133,7.7152],[99.1135,7.7056],[99.1192,7.6965]]],[[[99.1167,7.7195],[99.1175,7.7204],[99.1172,7.7227],[99.1157,7.7213],[99.1167,7.7195]]],[[[99.148,7.7374],[99.1472,7.7387],[99.1465,7.7389],[99.1468,7.7379],[99.148,7.7374]]],[[[99.1217,7.7374],[99.1219,7.7402],[99.1217,7.7403],[99.1212,7.7391],[99.1217,7.7374]]],[[[99.1416,7.7394],[99.1416,7.7407],[99.1407,7.7415],[99.1407,7.7402],[99.1416,7.7394]]],[[[99.1524,7.7396],[99.1532,7.7408],[99.1522,7.742],[99.1519,7.7401],[99.1524,7.7396]]],[[[99.126,7.7416],[99.126,7.742],[99.1251,7.7423],[99.1255,7.7416],[99.126,7.7416]]],[[[99.1308,7.733],[99.1297,7.7376],[99.1242,7.7425],[99.1233,7.735],[99.1308,7.733]]],[[[99.1355,7.7432],[99.1348,7.743],[99.135,7.742],[99.1353,7.7421],[99.1355,7.7432]]],[[[99.1231,7.7416],[99.1237,7.7429],[99.1232,7.7442],[99.1218,7.7414],[99.1231,7.7416]]],[[[99.135,7.7442],[99.1345,7.7457],[99.1333,7.744],[99.1344,7.743],[99.135,7.7442]]],[[[99.1296,7.7419],[99.1293,7.7436],[99.1258,7.75],[99.1253,7.7447],[99.1296,7.7419]]],[[[99.137,7.7437],[99.138,7.7471],[99.1365,7.7505],[99.1358,7.7468],[99.137,7.7437]]],[[[99.1284,7.7519],[99.13,7.754],[99.1289,7.7564],[99.1277,7.7544],[99.1284,7.7519]]],[[[99.1321,7.7441],[99.1348,7.7504],[99.1298,7.7582],[99.1303,7.7542],[99.1285,7.7515],[99.1321,7.7441]]],[[[98.7587,7.7619],[98.7587,7.7623],[98.7582,7.763],[98.7581,7.7623],[98.7587,7.7619]]],[[[98.983,7.7773],[98.9823,7.7754],[98.9841,7.7755],[98.9848,7.7767],[98.983,7.7773]]],[[[98.7887,7.7443],[98.7612,7.7854],[98.7553,7.7881],[98.7625,7.7704],[98.7583,7.764],[98.7691,7.7479],[98.7564,7.7428],[98.76,7.7246],[98.7711,7.7178],[98.7694,7.738],[98.7913,7.7264],[98.7887,7.7443]]],[[[98.7793,7.7894],[98.7789,7.789],[98.779,7.7886],[98.7795,7.7889],[98.7793,7.7894]]],[[[98.7802,7.7908],[98.7802,7.7911],[98.7795,7.7912],[98.7795,7.7909],[98.7802,7.7908]]],[[[98.7818,7.7911],[98.7818,7.7916],[98.7812,7.7918],[98.7812,7.7912],[98.7818,7.7911]]],[[[98.7788,7.7916],[98.7785,7.792],[98.7779,7.792],[98.7779,7.7917],[98.7788,7.7916]]],[[[98.781,7.7925],[98.7812,7.7929],[98.7808,7.7933],[98.7806,7.7926],[98.781,7.7925]]],[[[99.0253,7.7914],[99.0262,7.7942],[99.0242,7.7955],[99.0238,7.7923],[99.0253,7.7914]]],[[[98.9973,7.7921],[98.9985,7.7968],[98.9956,7.8043],[98.9932,7.8014],[98.9973,7.7921]]],[[[98.9923,7.8051],[98.9928,7.8078],[98.9881,7.8088],[98.9889,7.8061],[98.9923,7.8051]]],[[[98.7739,7.8215],[98.7717,7.821],[98.7701,7.8117],[98.7744,7.8152],[98.7739,7.8215]]],[[[98.7931,7.8222],[98.7888,7.8165],[98.7954,7.8085],[98.7988,7.8179],[98.7931,7.8222]]],[[[99.017,7.8273],[99.0174,7.8283],[99.0174,7.829],[99.0163,7.8283],[99.017,7.8273]]],[[[99.0199,7.8249],[99.0216,7.827],[99.0188,7.8295],[99.0178,7.826],[99.0199,7.8249]]],[[[99.0222,7.8349],[99.0158,7.8345],[99.0151,7.8296],[99.0218,7.8309],[99.0222,7.8349]]],[[[99.0303,7.8352],[99.0302,7.8359],[99.0298,7.8361],[99.0298,7.8357],[99.0303,7.8352]]],[[[98.9941,7.8205],[98.9951,7.8331],[98.9913,7.8432],[98.9822,7.8298],[98.9882,7.8146],[98.9941,7.8205]]],[[[98.9839,7.8437],[98.9863,7.8466],[98.9805,7.8474],[98.9822,7.844],[98.9839,7.8437]]],[[[99.0583,7.855],[99.0538,7.8571],[99.0494,7.8543],[99.0601,7.8532],[99.0583,7.855]]],[[[98.9566,7.8577],[98.939,7.8535],[98.9354,7.8374],[98.9598,7.8219],[98.9873,7.7823],[98.9927,7.7955],[98.9836,7.8033],[98.9858,7.8184],[98.9745,7.8512],[98.9566,7.8577]]],[[[99.0409,7.8556],[99.0424,7.8579],[99.0419,7.859],[99.0409,7.8581],[99.0409,7.8556]]],[[[99.0446,7.8663],[99.0493,7.8685],[99.0494,7.8689],[99.0427,7.8698],[99.0446,7.8663]]],[[[99.0512,7.8751],[99.0513,7.8752],[99.0512,7.8756],[99.051,7.8753],[99.0512,7.8751]]],[[[99.0471,7.8792],[99.0466,7.8797],[99.0395,7.8784],[99.0471,7.8765],[99.0471,7.8792]]],[[[99.0509,7.8812],[99.0504,7.8814],[99.0495,7.8814],[99.0514,7.8808],[99.0509,7.8812]]],[[[99.0224,7.8841],[99.0069,7.8839],[99.0026,7.8739],[99.0155,7.8363],[99.0309,7.8405],[99.0399,7.8606],[99.0224,7.8841]]],[[[98.9482,7.8809],[98.9493,7.8828],[98.9474,7.8866],[98.9463,7.8828],[98.9482,7.8809]]],[[[99.0168,7.887],[99.0147,7.8866],[99.0142,7.8859],[99.0168,7.8855],[99.0168,7.887]]],[[[99.0546,7.8837],[99.0573,7.8932],[99.0565,7.8947],[99.0443,7.8829],[99.0546,7.8837]]],[[[99.0121,7.9029],[99.0081,7.9186],[98.9963,7.9249],[99.0032,7.9055],[99.0121,7.9029]]],[[[98.8037,7.9265],[98.8028,7.9265],[98.8026,7.926],[98.8037,7.9259],[98.8037,7.9265]]],[[[98.9878,7.9267],[98.9674,7.9231],[98.9907,7.85],[98.9919,7.8816],[99.0011,7.8981],[98.9878,7.9267]]],[[[98.8049,7.931],[98.8042,7.9299],[98.8048,7.9287],[98.8058,7.9292],[98.8049,7.931]]],[[[98.7784,7.9474],[98.7774,7.9474],[98.7768,7.9464],[98.7782,7.9465],[98.7784,7.9474]]],[[[98.7981,7.9491],[98.7967,7.9487],[98.7977,7.9465],[98.7985,7.9481],[98.7981,7.9491]]],[[[98.8112,7.9493],[98.8104,7.9494],[98.8102,7.9481],[98.8112,7.9483],[98.8112,7.9493]]],[[[98.7787,7.9475],[98.7799,7.9486],[98.7797,7.9498],[98.779,7.9495],[98.7787,7.9475]]],[[[98.7923,7.9499],[98.7933,7.9505],[98.7936,7.9513],[98.7923,7.951],[98.7923,7.9499]]],[[[98.7897,7.9548],[98.7903,7.9552],[98.7902,7.9558],[98.7895,7.9556],[98.7897,7.9548]]],[[[98.788,7.9553],[98.7886,7.9559],[98.7878,7.9565],[98.7876,7.9556],[98.788,7.9553]]],[[[98.8105,7.9574],[98.803,7.9536],[98.8077,7.9486],[98.8101,7.9519],[98.8105,7.9574]]],[[[98.812,7.9603],[98.8124,7.9612],[98.8104,7.9593],[98.8112,7.96],[98.812,7.9603]]],[[[98.8102,7.9605],[98.8107,7.9612],[98.8092,7.9612],[98.8093,7.9608],[98.8102,7.9605]]],[[[98.8128,7.9745],[98.8047,7.9717],[98.8059,7.9681],[98.8125,7.9704],[98.8128,7.9745]]],[[[98.8096,7.9766],[98.8093,7.9778],[98.8078,7.9784],[98.8078,7.9774],[98.8096,7.9766]]],[[[98.8226,7.994],[98.8215,7.9943],[98.8215,7.9931],[98.822,7.993],[98.8226,7.994]]],[[[98.8346,8.0033],[98.8354,8.0045],[98.8353,8.0048],[98.8341,8.0041],[98.8346,8.0033]]],[[[98.836,8.0044],[98.8366,8.0046],[98.8364,8.0053],[98.8355,8.0049],[98.836,8.0044]]],[[[98.9068,8.029],[98.9076,8.0302],[98.907,8.0314],[98.9055,8.0299],[98.9068,8.029]]],[[[98.7826,8.0314],[98.7824,8.0336],[98.782,8.0339],[98.7806,8.0313],[98.7826,8.0314]]],[[[98.7829,8.0362],[98.7829,8.0376],[98.782,8.0384],[98.7824,8.0363],[98.7829,8.0362]]],[[[98.7981,8.0396],[98.7986,8.0403],[98.7982,8.0411],[98.7974,8.0401],[98.7981,8.0396]]],[[[98.7958,8.04],[98.7961,8.0413],[98.7957,8.0417],[98.7955,8.0401],[98.7958,8.04]]],[[[98.7973,8.0421],[98.7974,8.0424],[98.7975,8.0434],[98.7969,8.0426],[98.7973,8.0421]]],[[[98.7938,8.0431],[98.794,8.0437],[98.7933,8.0439],[98.7932,8.0434],[98.7938,8.0431]]],[[[98.6764,8.0483],[98.6766,8.0492],[98.6759,8.0498],[98.6757,8.0496],[98.6764,8.0483]]],[[[98.7478,8.0523],[98.7485,8.0532],[98.7483,8.0541],[98.7468,8.053],[98.7478,8.0523]]],[[[98.678,8.0812],[98.6746,8.0799],[98.6777,8.0731],[98.6832,8.0799],[98.678,8.0812]]],[[[98.6882,8.0883],[98.6868,8.0902],[98.6861,8.0902],[98.6861,8.0888],[98.6882,8.0883]]],[[[98.6799,8.0972],[98.6808,8.0982],[98.6808,8.0989],[98.6797,8.0979],[98.6799,8.0972]]],[[[98.6917,8.1017],[98.69,8.103],[98.6887,8.0987],[98.6956,8.1019],[98.6917,8.1017]]],[[[98.6829,8.1053],[98.6816,8.1028],[98.682,8.101],[98.6838,8.1047],[98.6829,8.1053]]],[[[98.6889,8.1047],[98.6902,8.1073],[98.6876,8.1082],[98.6868,8.1054],[98.6889,8.1047]]],[[[98.708,8.1083],[98.7045,8.1073],[98.7054,8.1046],[98.71,8.1051],[98.708,8.1083]]],[[[98.7089,8.1117],[98.7094,8.114],[98.7064,8.1138],[98.7062,8.1119],[98.7089,8.1117]]],[[[98.6618,8.1161],[98.6602,8.1162],[98.6623,8.1144],[98.6626,8.1151],[98.6618,8.1161]]],[[[98.6618,8.1191],[98.6605,8.1193],[98.6602,8.1188],[98.6617,8.1184],[98.6618,8.1191]]],[[[98.6769,8.1161],[98.6801,8.1193],[98.6804,8.1211],[98.6744,8.119],[98.6769,8.1161]]],[[[98.67,8.1218],[98.6729,8.1227],[98.6719,8.1256],[98.668,8.1229],[98.67,8.1218]]],[[[98.6694,8.1264],[98.6697,8.1269],[98.6696,8.1275],[98.6686,8.1271],[98.6694,8.1264]]],[[[98.6875,8.1297],[98.6867,8.1307],[98.6837,8.1289],[98.6859,8.1277],[98.6875,8.1297]]],[[[98.7177,8.1461],[98.7156,8.1446],[98.7159,8.1425],[98.7183,8.144],[98.7177,8.1461]]],[[[98.7362,8.175],[98.7366,8.1772],[98.7356,8.1774],[98.7337,8.1754],[98.7362,8.175]]],[[[98.7296,8.1794],[98.7294,8.1798],[98.729,8.1796],[98.7292,8.1794],[98.7296,8.1794]]],[[[98.7239,8.1827],[98.7234,8.183],[98.7224,8.1831],[98.7231,8.1816],[98.7239,8.1827]]],[[[98.7321,8.1835],[98.7309,8.1846],[98.7297,8.1848],[98.7297,8.1835],[98.7321,8.1835]]],[[[98.7275,8.1901],[98.7272,8.1913],[98.7266,8.1916],[98.7263,8.1902],[98.7275,8.1901]]],[[[98.726,8.1947],[98.7261,8.1954],[98.7255,8.1959],[98.7258,8.1949],[98.726,8.1947]]],[[[98.7276,8.196],[98.7276,8.1966],[98.7274,8.1967],[98.7273,8.1962],[98.7276,8.196]]],[[[98.6905,8.2036],[98.6921,8.2047],[98.6917,8.2057],[98.6881,8.2035],[98.6905,8.2036]]],[[[98.692,8.2067],[98.6926,8.208],[98.6914,8.21],[98.6899,8.2089],[98.692,8.2067]]],[[[98.7304,8.2084],[98.7311,8.2107],[98.729,8.2128],[98.7292,8.2085],[98.7304,8.2084]]],[[[98.6877,8.2096],[98.689,8.2123],[98.6883,8.2137],[98.6871,8.211],[98.6877,8.2096]]],[[[98.6951,8.2157],[98.6954,8.2158],[98.6953,8.2161],[98.6951,8.2159],[98.6951,8.2157]]],[[[98.7268,8.2183],[98.7272,8.2185],[98.7273,8.2187],[98.7267,8.2186],[98.7268,8.2183]]],[[[98.7257,8.2189],[98.7235,8.2184],[98.7265,8.2144],[98.7279,8.2166],[98.7257,8.2189]]],[[[98.7311,8.2193],[98.729,8.2212],[98.7282,8.2167],[98.7319,8.2158],[98.7311,8.2193]]],[[[98.7302,8.2257],[98.73,8.2267],[98.7291,8.2269],[98.7299,8.2257],[98.7302,8.2257]]],[[[98.7298,8.2277],[98.7294,8.2284],[98.7289,8.2284],[98.7295,8.2277],[98.7298,8.2277]]],[[[98.7334,8.2297],[98.7334,8.2301],[98.7331,8.2302],[98.733,8.2298],[98.7334,8.2297]]],[[[98.7313,8.2307],[98.7315,8.2313],[98.7307,8.2315],[98.7309,8.2309],[98.7313,8.2307]]],[[[98.6355,8.2317],[98.6357,8.2319],[98.6355,8.2322],[98.6353,8.2319],[98.6355,8.2317]]],[[[98.6356,8.2304],[98.6353,8.2314],[98.6345,8.2322],[98.6347,8.2307],[98.6356,8.2304]]],[[[98.7041,8.2327],[98.7042,8.2329],[98.7041,8.2331],[98.7038,8.2329],[98.7041,8.2327]]],[[[98.6131,8.2352],[98.6127,8.2352],[98.6126,8.2341],[98.6131,8.2343],[98.6131,8.2352]]],[[[98.7099,8.2372],[98.7095,8.2387],[98.707,8.2369],[98.7091,8.2364],[98.7099,8.2372]]],[[[98.6389,8.2425],[98.6385,8.2425],[98.6385,8.2423],[98.6388,8.2422],[98.6389,8.2425]]],[[[98.6141,8.2412],[98.6141,8.2435],[98.6123,8.2456],[98.6117,8.2446],[98.6141,8.2412]]],[[[98.642,8.2467],[98.6417,8.2468],[98.6421,8.2459],[98.6426,8.2462],[98.642,8.2467]]],[[[98.7066,8.242],[98.7063,8.2444],[98.7041,8.2471],[98.7036,8.2456],[98.7066,8.242]]],[[[98.6376,8.245],[98.6366,8.2481],[98.6419,8.2315],[98.6437,8.2308],[98.6439,8.2438],[98.6376,8.245]]],[[[98.6374,8.2489],[98.6366,8.2486],[98.6371,8.2479],[98.6377,8.2481],[98.6374,8.2489]]],[[[98.6415,8.2491],[98.6414,8.2498],[98.6409,8.25],[98.6407,8.2495],[98.6415,8.2491]]],[[[98.6386,8.2523],[98.6385,8.2528],[98.6381,8.2518],[98.6383,8.2518],[98.6386,8.2523]]],[[[98.6341,8.2742],[98.6345,8.2751],[98.6335,8.2751],[98.6333,8.2744],[98.6341,8.2742]]],[[[98.6293,8.2781],[98.6299,8.2785],[98.6298,8.2789],[98.6291,8.2788],[98.6293,8.2781]]],[[[98.6206,8.2892],[98.6237,8.2616],[98.638,8.256],[98.6407,8.2505],[98.6345,8.2696],[98.6284,8.2658],[98.6206,8.2892]]],[[[98.6175,8.2936],[98.6167,8.2926],[98.6189,8.2911],[98.6189,8.2925],[98.6175,8.2936]]]]}},{"type":"Feature","properties":{"pcode":"TH82","name_en":"Phangnga","name_th":"พังงา"},"geometry":{"type":"MultiPolygon","coordinates":[[[[98.4077,9.3477],[98.4022,9.347],[98.4014,9.3296],[98.3849,9.3288],[98.3772,9.2911],[98.3605,9.2828],[98.3685,9.2774],[98.3656,9.2652],[98.3461,9.2431],[98.3476,9.2351],[98.3669,9.2275],[98.369,9.2071],[98.3587,9.2072],[98.3496,9.219],[98.3337,9.2158],[98.3289,9.223],[98.3162,9.1943],[98.3202,9.1797],[98.3405,9.1532],[98.3393,9.1363],[98.3468,9.1273],[98.3429,9.1171],[98.3477,9.1148],[98.352,9.095],[98.3739,9.1001],[98.3642,9.0934],[98.3692,9.0791],[98.3779,9.0814],[98.3759,9.0709],[98.3864,9.0625],[98.3802,9.0572],[98.37,9.0603],[98.3663,9.0698],[98.3455,9.0681],[98.3288,9.0547],[98.3192,9.031],[98.3273,9.0163],[98.348,9.0024],[98.3874,9.0334],[98.3991,9.033],[98.384,9.0266],[98.3813,9.0163],[98.3616,9.0025],[98.3588,8.9834],[98.3417,8.9738],[98.3294,8.9785],[98.3221,8.9708],[98.3104,8.9453],[98.2995,8.9386],[98.2978,8.9261],[98.2888,8.9175],[98.2796,8.8732],[98.2638,8.8593],[98.2647,8.8199],[98.2528,8.8099],[98.2618,8.79],[98.2615,8.7624],[98.2511,8.7437],[98.2385,8.7357],[98.2207,8.7388],[98.2224,8.7286],[98.2347,8.7204],[98.2469,8.6538],[98.2432,8.6297],[98.2298,8.621],[98.2376,8.6163],[98.2417,8.5973],[98.2333,8.5823],[98.2234,8.5793],[98.2162,8.5869],[98.205,8.5534],[98.2691,8.3079],[98.2818,8.2465],[98.2821,8.2049],[98.2916,8.2081],[98.3177,8.1997],[98.3352,8.1802],[98.3519,8.1905],[98.3601,8.1882],[98.3737,8.1392],[98.387,8.1266],[98.3974,8.1382],[98.4041,8.1367],[98.4065,8.1625],[98.4124,8.1625],[98.4208,8.1582],[98.4235,8.1411],[98.4273,8.1352],[98.4334,8.1376],[98.4433,8.1507],[98.4358,8.1635],[98.4456,8.1943],[98.4683,8.2004],[98.4622,8.214],[98.4683,8.2194],[98.4648,8.2393],[98.4548,8.2415],[98.4617,8.2517],[98.4537,8.2783],[98.4592,8.2852],[98.4664,8.282],[98.4654,8.2986],[98.4735,8.3167],[98.4981,8.3211],[98.4921,8.3388],[98.5072,8.3429],[98.5165,8.3256],[98.5387,8.3427],[98.5493,8.3402],[98.5521,8.3479],[98.5754,8.3626],[98.5833,8.3584],[98.6034,8.3704],[98.6071,8.3654],[98.6092,8.382],[98.6354,8.3754],[98.6624,8.3848],[98.6441,8.4113],[98.6491,8.4206],[98.6647,8.4269],[98.6649,8.4546],[98.6713,8.4592],[98.6655,8.4591],[98.6492,8.4828],[98.6621,8.4904],[98.6775,8.5205],[98.6856,8.5621],[98.7078,8.598],[98.6985,8.6422],[98.6749,8.6617],[98.663,8.6564],[98.6483,8.6593],[98.6381,8.6437],[98.6114,8.6375],[98.6043,8.6257],[98.5644,8.6381],[98.5369,8.6608],[98.5463,8.674],[98.5703,8.6817],[98.5947,8.7122],[98.5988,8.7967],[98.5548,8.8141],[98.5529,8.8295],[98.5327,8.8449],[98.5357,8.8584],[98.5144,8.8605],[98.5054,8.881],[98.446,8.8953],[98.4571,8.9336],[98.4431,8.9452],[98.4499,8.9508],[98.4514,8.9657],[98.4942,8.9851],[98.5054,8.9825],[98.5109,8.9951],[98.4888,9.0159],[98.4853,9.0336],[98.4752,9.0445],[98.473,9.0639],[98.4946,9.081],[98.4806,9.1241],[98.4837,9.1401],[98.5033,9.1541],[98.4931,9.1873],[98.5003,9.2132],[98.525,9.2353],[98.5311,9.2542],[98.5245,9.2826],[98.5277,9.2963],[98.506,9.3089],[98.4802,9.3038],[98.4819,9.3112],[98.4713,9.3217],[98.4661,9.3142],[98.4562,9.316],[98.4476,9.3303],[98.4402,9.3331],[98.4368,9.3269],[98.4171,9.3354],[98.4077,9.3477]]],[[[98.6147,7.7443],[98.6156,7.7454],[98.6134,7.7479],[98.613,7.7462],[98.6147,7.7443]]],[[[98.5307,7.7964],[98.5314,7.7974],[98.5307,7.7991],[98.5299,7.7972],[98.5307,7.7964]]],[[[98.5152,7.8909],[98.5152,7.8929],[98.5125,7.8929],[98.5125,7.8925],[98.5152,7.8909]]],[[[98.5834,7.8935],[98.5799,7.8928],[98.5824,7.8879],[98.5838,7.8896],[98.5834,7.8935]]],[[[98.5116,7.897],[98.511,7.8981],[98.5106,7.8981],[98.512,7.8962],[98.5116,7.897]]],[[[98.5478,7.9067],[98.5499,7.9082],[98.55,7.9085],[98.5479,7.9081],[98.5478,7.9067]]],[[[98.5143,7.9506],[98.5162,7.9541],[98.517,7.96],[98.5133,7.9542],[98.5143,7.9506]]],[[[98.5676,7.9976],[98.5646,7.9964],[98.5651,7.9944],[98.5677,7.995],[98.5676,7.9976]]],[[[98.6252,8.0369],[98.6236,8.0413],[98.6224,8.0414],[98.6223,8.0369],[98.6252,8.0369]]],[[[98.623,8.0429],[98.623,8.0434],[98.6228,8.0437],[98.6227,8.0433],[98.623,8.0429]]],[[[98.6278,8.0807],[98.626,8.0807],[98.6275,8.0776],[98.6271,8.079],[98.6278,8.0807]]],[[[98.53,8.1147],[98.5332,8.0945],[98.5289,8.0888],[98.5256,8.0958],[98.5242,8.0893],[98.5308,8.071],[98.5428,8.0661],[98.5383,8.063],[98.5488,8.0549],[98.5459,8.0483],[98.5542,8.0269],[98.565,8.0326],[98.5839,8.0089],[98.5803,7.9909],[98.5655,7.9902],[98.5711,7.9743],[98.5646,7.9594],[98.5773,7.9239],[98.5768,7.9014],[98.5823,7.8954],[98.5804,7.9128],[98.5891,7.9154],[98.5965,7.8881],[98.6142,7.965],[98.6001,8.0184],[98.6001,8.0353],[98.6104,8.044],[98.5924,8.0656],[98.5997,8.0829],[98.5867,8.0759],[98.5716,8.0779],[98.53,8.1147]]],[[[98.4546,8.1161],[98.4544,8.1183],[98.4513,8.1177],[98.4514,8.1161],[98.4546,8.1161]]],[[[98.5607,8.1197],[98.562,8.1221],[98.5613,8.1228],[98.5593,8.1214],[98.5607,8.1197]]],[[[98.5631,8.1237],[98.5627,8.1246],[98.562,8.1249],[98.562,8.1241],[98.5631,8.1237]]],[[[98.429,8.1278],[98.4294,8.1283],[98.4296,8.1295],[98.429,8.1285],[98.429,8.1278]]],[[[98.445,8.1293],[98.4415,8.1311],[98.4465,8.1209],[98.4482,8.1275],[98.445,8.1293]]],[[[98.6267,8.1311],[98.6267,8.1318],[98.6262,8.1322],[98.6262,8.1313],[98.6267,8.1311]]],[[[98.4102,8.1438],[98.4109,8.1446],[98.4106,8.1451],[98.4094,8.1447],[98.4102,8.1438]]],[[[98.5783,8.1465],[98.5782,8.1491],[98.577,8.151],[98.5769,8.1482],[98.5783,8.1465]]],[[[98.5354,8.1561],[98.5387,8.1385],[98.5575,8.1261],[98.5538,8.1406],[98.5354,8.1561]]],[[[98.4099,8.1588],[98.4098,8.1505],[98.4121,8.1493],[98.4133,8.1543],[98.4099,8.1588]]],[[[98.541,8.1574],[98.5415,8.1591],[98.5401,8.1594],[98.5398,8.158],[98.541,8.1574]]],[[[98.4094,8.1592],[98.4111,8.1603],[98.4101,8.1624],[98.4079,8.1603],[98.4094,8.1592]]],[[[98.5435,8.1636],[98.5431,8.1651],[98.5412,8.1651],[98.5423,8.1634],[98.5435,8.1636]]],[[[98.4953,8.1804],[98.4956,8.1806],[98.4953,8.181],[98.495,8.1806],[98.4953,8.1804]]],[[[98.5391,8.1673],[98.541,8.1748],[98.5375,8.1857],[98.5345,8.1733],[98.5391,8.1673]]],[[[98.6357,8.1863],[98.6272,8.1858],[98.626,8.1762],[98.6214,8.1825],[98.601,8.1547],[98.5879,8.119],[98.5761,8.1142],[98.5624,8.1195],[98.5864,8.0973],[98.6049,8.1],[98.6116,8.0807],[98.6176,8.0804],[98.6182,8.0976],[98.6245,8.1008],[98.6276,8.1265],[98.6223,8.13],[98.6344,8.1414],[98.6296,8.1515],[98.6391,8.1787],[98.6357,8.1863]]],[[[98.6636,8.1875],[98.6636,8.1876],[98.6633,8.1877],[98.6633,8.1875],[98.6636,8.1875]]],[[[98.6643,8.1876],[98.664,8.1881],[98.664,8.1867],[98.6642,8.187],[98.6643,8.1876]]],[[[98.6618,8.1871],[98.6621,8.1875],[98.6621,8.1882],[98.6618,8.1878],[98.6618,8.1871]]],[[[98.6114,8.1961],[98.6091,8.1943],[98.612,8.1907],[98.6149,8.1946],[98.6114,8.1961]]],[[[98.5094,8.1951],[98.5094,8.1966],[98.5083,8.1967],[98.5081,8.1962],[98.5094,8.1951]]],[[[98.6336,8.1946],[98.6331,8.1974],[98.6319,8.1982],[98.6318,8.1954],[98.6336,8.1946]]],[[[98.6381,8.1999],[98.6342,8.1944],[98.6389,8.1902],[98.6403,8.1936],[98.6381,8.1999]]],[[[98.4915,8.201],[98.486,8.1835],[98.4917,8.1655],[98.4955,8.1759],[98.4915,8.201]]],[[[98.5099,8.2008],[98.5114,8.2052],[98.5096,8.2059],[98.5089,8.2018],[98.5099,8.2008]]],[[[98.5927,8.2081],[98.5933,8.2206],[98.5914,8.2224],[98.5907,8.2106],[98.5927,8.2081]]],[[[98.5075,8.2254],[98.5044,8.2151],[98.5086,8.208],[98.5102,8.2107],[98.5075,8.2254]]],[[[98.5008,8.227],[98.4987,8.223],[98.5001,8.2211],[98.5026,8.2227],[98.5008,8.227]]],[[[98.4771,8.228],[98.4782,8.2308],[98.4772,8.2318],[98.4758,8.2295],[98.4771,8.228]]],[[[98.4768,8.2327],[98.4784,8.2368],[98.4778,8.2376],[98.4762,8.2362],[98.4768,8.2327]]],[[[98.5016,8.2393],[98.5002,8.2366],[98.5077,8.2281],[98.5047,8.2372],[98.5016,8.2393]]],[[[98.4781,8.2388],[98.4783,8.2394],[98.4778,8.2395],[98.4778,8.2392],[98.4781,8.2388]]],[[[98.5046,8.2375],[98.505,8.239],[98.5043,8.2407],[98.5041,8.2386],[98.5046,8.2375]]],[[[98.4641,8.241],[98.4643,8.2415],[98.4638,8.2418],[98.4636,8.2411],[98.4641,8.241]]],[[[98.4942,8.2427],[98.4929,8.2453],[98.4919,8.2459],[98.493,8.2419],[98.4942,8.2427]]],[[[98.4791,8.2458],[98.479,8.2477],[98.4779,8.2484],[98.4779,8.2461],[98.4791,8.2458]]],[[[98.4959,8.2469],[98.4957,8.2475],[98.4946,8.2488],[98.495,8.2466],[98.4959,8.2469]]],[[[98.4945,8.2504],[98.494,8.2518],[98.4934,8.2524],[98.4944,8.2491],[98.4945,8.2504]]],[[[98.4732,8.2527],[98.468,8.2512],[98.4656,8.2469],[98.4645,8.2426],[98.4732,8.2527]]],[[[98.5119,8.2565],[98.5108,8.2568],[98.5105,8.2544],[98.5126,8.256],[98.5119,8.2565]]],[[[98.5083,8.2563],[98.5089,8.2573],[98.5083,8.2583],[98.5077,8.2574],[98.5083,8.2563]]],[[[98.4726,8.2565],[98.4731,8.2573],[98.4725,8.2584],[98.4721,8.2572],[98.4726,8.2565]]],[[[98.5052,8.2593],[98.5059,8.2604],[98.5052,8.2621],[98.5043,8.2608],[98.5052,8.2593]]],[[[98.4933,8.2618],[98.4945,8.2627],[98.494,8.2635],[98.4928,8.2629],[98.4933,8.2618]]],[[[98.4905,8.2687],[98.4888,8.2704],[98.4868,8.2662],[98.4918,8.2657],[98.4905,8.2687]]],[[[98.459,8.2696],[98.4594,8.2718],[98.4573,8.2734],[98.4569,8.2709],[98.459,8.2696]]],[[[98.4742,8.2742],[98.4746,8.2756],[98.4743,8.276],[98.4737,8.2751],[98.4742,8.2742]]],[[[98.5023,8.2748],[98.5011,8.2761],[98.4995,8.2736],[98.5007,8.2734],[98.5023,8.2748]]],[[[98.4575,8.2771],[98.4569,8.2781],[98.4558,8.2777],[98.4571,8.2762],[98.4575,8.2771]]],[[[98.4849,8.2712],[98.4818,8.2805],[98.4808,8.2809],[98.4799,8.2706],[98.4849,8.2712]]],[[[98.5949,8.2911],[98.5779,8.2888],[98.5743,8.2803],[98.5991,8.2857],[98.5949,8.2911]]],[[[98.4708,8.3031],[98.4708,8.3043],[98.4697,8.3051],[98.4701,8.3033],[98.4708,8.3031]]],[[[98.4975,8.277],[98.4995,8.2952],[98.4899,8.3063],[98.4853,8.2866],[98.4975,8.277]]],[[[98.5003,8.3028],[98.4997,8.307],[98.4956,8.3054],[98.4971,8.2994],[98.5003,8.3028]]],[[[98.4807,8.2954],[98.4805,8.3073],[98.4788,8.3091],[98.479,8.2972],[98.4807,8.2954]]],[[[98.5161,8.3107],[98.5163,8.3108],[98.5163,8.3113],[98.516,8.3111],[98.5161,8.3107]]],[[[98.517,8.3132],[98.5165,8.3127],[98.5167,8.3121],[98.5176,8.3125],[98.517,8.3132]]],[[[98.4914,8.3096],[98.4945,8.3128],[98.4879,8.3133],[98.489,8.311],[98.4914,8.3096]]],[[[98.5037,8.3375],[98.5036,8.3394],[98.5018,8.3367],[98.5037,8.3332],[98.5037,8.3375]]],[[[98.6188,8.3503],[98.6179,8.3523],[98.6167,8.353],[98.6171,8.3501],[98.6188,8.3503]]],[[[98.6129,8.3523],[98.6136,8.3545],[98.6133,8.3552],[98.6107,8.3536],[98.6129,8.3523]]],[[[98.578,8.3562],[98.5787,8.3568],[98.5767,8.3592],[98.5763,8.3578],[98.578,8.3562]]],[[[98.6084,8.3606],[98.6065,8.3602],[98.6069,8.3576],[98.608,8.3581],[98.6084,8.3606]]],[[[98.6058,8.3615],[98.6061,8.3622],[98.6058,8.3625],[98.6054,8.3615],[98.6058,8.3615]]],[[[97.6434,8.4858],[97.639,8.4851],[97.6467,8.4763],[97.6541,8.478],[97.6434,8.4858]]],[[[97.6461,8.4944],[97.6483,8.4973],[97.6352,8.5082],[97.6424,8.4966],[97.6461,8.4944]]],[[[97.6558,8.5153],[97.656,8.5162],[97.6538,8.5175],[97.6542,8.516],[97.6558,8.5153]]],[[[97.6438,8.5725],[97.6419,8.5733],[97.6474,8.5687],[97.6449,8.5721],[97.6438,8.5725]]],[[[97.6323,8.5735],[97.6311,8.5764],[97.6373,8.5592],[97.6401,8.5706],[97.6323,8.5735]]],[[[97.6399,8.5918],[97.6378,8.5937],[97.6364,8.5972],[97.6354,8.5882],[97.6399,8.5918]]],[[[97.6469,8.6682],[97.637,8.6602],[97.6462,8.6317],[97.6526,8.6291],[97.6518,8.663],[97.6469,8.6682]]],[[[97.6485,8.6816],[97.6409,8.6786],[97.6508,8.6733],[97.6535,8.6765],[97.6485,8.6816]]],[[[97.8037,8.817],[97.8084,8.8229],[97.8025,8.8284],[97.7982,8.8199],[97.8037,8.817]]],[[[98.3,8.9414],[98.3008,8.9418],[98.3,8.9427],[98.2997,8.9417],[98.3,8.9414]]],[[[98.325,8.9777],[98.3272,8.9802],[98.327,8.9834],[98.3245,8.9802],[98.325,8.9777]]],[[[98.3487,8.986],[98.3446,8.9903],[98.3386,8.9949],[98.3433,8.9878],[98.3487,8.986]]],[[[98.2647,9.0151],[98.2475,9.0071],[98.2591,8.9841],[98.2628,8.9544],[98.2482,8.9144],[98.2637,8.8886],[98.2668,8.8634],[98.2828,8.8943],[98.2862,8.9195],[98.296,8.9276],[98.2962,8.9396],[98.3046,8.9422],[98.3091,8.9468],[98.3238,8.9841],[98.3087,8.9984],[98.2647,9.0151]]],[[[98.3773,9.0188],[98.3783,9.0203],[98.3785,9.0221],[98.3755,9.0204],[98.3773,9.0188]]],[[[98.3938,9.0316],[98.3934,9.0318],[98.3896,9.0314],[98.3929,9.0313],[98.3938,9.0316]]],[[[98.3605,9.0723],[98.3616,9.0737],[98.3615,9.0748],[98.3599,9.0734],[98.3605,9.0723]]],[[[98.3671,9.0785],[98.3688,9.0787],[98.3664,9.0833],[98.3648,9.0798],[98.3671,9.0785]]],[[[97.8139,9.0602],[97.8189,9.0679],[97.8086,9.0845],[97.8057,9.071],[97.8139,9.0602]]],[[[98.351,9.0963],[98.3507,9.1004],[98.3491,9.1031],[98.347,9.1006],[98.351,9.0963]]],[[[98.3471,9.1052],[98.3453,9.1066],[98.3445,9.1025],[98.348,9.1023],[98.3471,9.1052]]],[[[98.3063,9.1395],[98.3068,9.141],[98.3057,9.1417],[98.3055,9.1401],[98.3063,9.1395]]],[[[98.3382,9.1479],[98.339,9.149],[98.3379,9.1497],[98.3377,9.1489],[98.3382,9.1479]]],[[[98.2894,9.1675],[98.2618,9.1661],[98.2615,9.1403],[98.2554,9.1269],[98.2494,9.1262],[98.2501,9.0304],[98.2869,9.0288],[98.3032,9.038],[98.3343,9.0801],[98.3246,9.1157],[98.3078,9.1389],[98.2976,9.1392],[98.2987,9.1537],[98.2894,9.1675]]],[[[98.2923,9.1644],[98.2929,9.1669],[98.2902,9.168],[98.2912,9.1672],[98.2923,9.1644]]],[[[98.3386,9.1432],[98.3375,9.1491],[98.3127,9.1803],[98.3114,9.1542],[98.3319,9.1262],[98.3386,9.1432]]],[[[98.3646,9.209],[98.3644,9.2106],[98.3617,9.2148],[98.3622,9.2108],[98.3646,9.209]]],[[[98.3659,9.2141],[98.3661,9.2149],[98.3657,9.2161],[98.3653,9.2144],[98.3659,9.2141]]],[[[98.3649,9.2152],[98.3654,9.2164],[98.3651,9.2175],[98.3642,9.2167],[98.3649,9.2152]]],[[[98.364,9.2168],[98.3654,9.2182],[98.3645,9.22],[98.3631,9.2195],[98.364,9.2168]]],[[[98.3465,9.2214],[98.3465,9.2194],[98.3484,9.2196],[98.3478,9.2205],[98.3465,9.2214]]],[[[98.3631,9.2201],[98.3641,9.2207],[98.3636,9.2219],[98.3629,9.2217],[98.3631,9.2201]]],[[[98.3539,9.225],[98.3529,9.2197],[98.361,9.2112],[98.359,9.2199],[98.3539,9.225]]],[[[98.317,9.2518],[98.3062,9.2645],[98.2976,9.2426],[98.2819,9.228],[98.2767,9.2089],[98.2641,9.2063],[98.26,9.1679],[98.2837,9.1791],[98.2862,9.1901],[98.2955,9.1957],[98.2893,9.208],[98.317,9.2518]]],[[[98.3244,9.333],[98.3256,9.3363],[98.3237,9.3376],[98.3209,9.3349],[98.3244,9.333]]],[[[97.8671,9.375],[97.8625,9.3708],[97.8665,9.3651],[97.8705,9.3681],[97.8671,9.375]]],[[[97.8968,9.3958],[97.8928,9.398],[97.8919,9.3978],[97.8959,9.3944],[97.8968,9.3958]]],[[[97.865,9.4237],[97.8559,9.4232],[97.8525,9.4118],[97.8406,9.4135],[97.8457,9.4034],[97.8599,9.4004],[97.8699,9.3904],[97.8724,9.379],[97.8829,9.381],[97.8743,9.4036],[97.8632,9.405],[97.8705,9.4118],[97.865,9.4237]]],[[[97.8333,9.4254],[97.8317,9.4255],[97.8287,9.4186],[97.8339,9.4191],[97.8333,9.4254]]],[[[97.8863,9.4624],[97.8698,9.454],[97.8551,9.4558],[97.8519,9.4462],[97.861,9.4355],[97.8469,9.4371],[97.8513,9.4308],[97.8661,9.4309],[97.88,9.4141],[97.8716,9.442],[97.8789,9.4425],[97.9004,9.4213],[97.9045,9.4261],[97.9043,9.4333],[97.893,9.4399],[97.9034,9.4527],[97.8863,9.4624]]],[[[97.9043,9.479],[97.9028,9.4765],[97.906,9.4731],[97.9064,9.4769],[97.9043,9.479]]]]}},{"type":"Feature","properties":{"pcode":"TH83","name_en":"Phuket","name_th":"ภูเก็ต"},"geometry":{"type":"MultiPolygon","coordinates":[[[[98.2976,8.1991],[98.2839,8.1967],[98.3013,8.1062],[98.2964,8.0879],[98.2731,8.0787],[98.2704,8.0714],[98.2778,8.0537],[98.2719,8.0384],[98.2881,8.0295],[98.2925,8.0023],[98.2852,7.9852],[98.2702,7.9879],[98.2779,7.9788],[98.2819,7.9525],[98.2625,7.9488],[98.2579,7.9352],[98.262,7.9234],[98.2754,7.9244],[98.2963,7.9091],[98.2898,7.8866],[98.2726,7.8864],[98.2643,7.8933],[98.2609,7.8857],[98.2654,7.88],[98.2722,7.8821],[98.2717,7.8698],[98.2896,7.8579],[98.2945,7.8336],[98.2895,7.8244],[98.2982,7.819],[98.2989,7.8046],[98.2847,7.788],[98.291,7.7865],[98.2883,7.7756],[98.3045,7.7774],[98.3028,7.7597],[98.3109,7.7586],[98.3188,7.7621],[98.3194,7.7705],[98.3374,7.7775],[98.3332,7.7889],[98.3456,7.8233],[98.366,7.839],[98.3792,7.8371],[98.389,7.8055],[98.3961,7.8141],[98.4125,7.8011],[98.4023,7.812],[98.4063,7.8189],[98.4009,7.824],[98.4059,7.8295],[98.4029,7.8352],[98.4106,7.8374],[98.397,7.8386],[98.3915,7.8518],[98.4022,7.8628],[98.3971,7.8715],[98.4094,7.8778],[98.4167,7.8693],[98.4255,7.875],[98.4385,7.8657],[98.4298,7.8744],[98.4454,7.8833],[98.4382,7.8948],[98.442,7.9145],[98.4321,7.9113],[98.4286,7.8966],[98.4227,7.8973],[98.4115,7.9131],[98.4122,7.9286],[98.3931,7.9558],[98.3982,7.9679],[98.3928,7.9785],[98.4099,7.9912],[98.4211,7.9839],[98.4263,7.9874],[98.4106,8.0023],[98.4105,8.0304],[98.4207,8.0461],[98.4326,8.0399],[98.43,8.0559],[98.4441,8.0703],[98.4359,8.0766],[98.44,8.0929],[98.4335,8.0986],[98.425,8.1007],[98.4192,8.0871],[98.4051,8.0797],[98.4027,8.0846],[98.3859,8.0853],[98.3751,8.0996],[98.3728,8.1191],[98.3515,8.113],[98.354,8.1242],[98.3462,8.1222],[98.3476,8.1434],[98.3414,8.1474],[98.337,8.1729],[98.3052,8.1925],[98.2985,8.1909],[98.3021,8.1969],[98.2976,8.1991]]],[[[98.3144,7.4785],[98.3201,7.4919],[98.3247,7.498],[98.3149,7.4858],[98.3144,7.4785]]],[[[98.3333,7.5236],[98.3209,7.5077],[98.3246,7.4995],[98.3337,7.5162],[98.3333,7.5236]]],[[[98.3783,7.6106],[98.3757,7.6178],[98.3698,7.6101],[98.3623,7.6147],[98.3685,7.6077],[98.3542,7.6034],[98.3551,7.5903],[98.367,7.5915],[98.3783,7.6106]]],[[[98.2964,7.7331],[98.299,7.7347],[98.2982,7.7384],[98.2947,7.7359],[98.2964,7.7331]]],[[[98.3728,7.7459],[98.3646,7.7473],[98.3575,7.7392],[98.3582,7.7338],[98.3726,7.743],[98.3798,7.7383],[98.3859,7.7453],[98.3728,7.7459]]],[[[98.3017,7.7425],[98.304,7.7472],[98.3001,7.7497],[98.2995,7.7442],[98.3017,7.7425]]],[[[98.3292,7.7521],[98.3343,7.7547],[98.3352,7.7634],[98.3298,7.7594],[98.3292,7.7521]]],[[[98.3022,7.7649],[98.3004,7.7672],[98.2978,7.7646],[98.301,7.7641],[98.3022,7.7649]]],[[[98.3927,7.7561],[98.3998,7.7632],[98.4008,7.7674],[98.3898,7.7617],[98.3927,7.7561]]],[[[98.481,7.7617],[98.4822,7.7708],[98.474,7.7501],[98.4761,7.7502],[98.481,7.7617]]],[[[98.3709,7.7955],[98.3552,7.7867],[98.3623,7.7805],[98.3896,7.7802],[98.3831,7.7938],[98.3709,7.7955]]],[[[98.2859,7.8188],[98.2873,7.819],[98.2876,7.8208],[98.2845,7.8197],[98.2859,7.8188]]],[[[98.4163,7.8304],[98.415,7.831],[98.4098,7.8288],[98.417,7.825],[98.4163,7.8304]]],[[[98.4244,7.8307],[98.4248,7.835],[98.4239,7.837],[98.422,7.8337],[98.4244,7.8307]]],[[[98.4555,7.9228],[98.4566,7.9237],[98.4561,7.925],[98.4554,7.9245],[98.4555,7.9228]]],[[[98.443,7.9419],[98.4437,7.9435],[98.4436,7.9441],[98.4423,7.9434],[98.443,7.9419]]],[[[98.4379,7.9447],[98.417,7.9433],[98.4149,7.9325],[98.4321,7.9264],[98.4394,7.9354],[98.4379,7.9447]]],[[[98.4495,7.9613],[98.4451,7.9556],[98.452,7.9509],[98.4538,7.955],[98.4495,7.9613]]],[[[98.4525,7.9639],[98.4524,7.9647],[98.453,7.9665],[98.4503,7.9644],[98.4525,7.9639]]],[[[98.2819,8.032],[98.2801,8.0312],[98.2801,8.0295],[98.2836,8.0297],[98.2819,8.032]]],[[[98.4604,8.0325],[98.4588,8.0267],[98.4607,8.0221],[98.4619,8.0285],[98.4604,8.0325]]],[[[98.4628,8.0628],[98.4569,8.0548],[98.4686,8.0379],[98.4706,8.0529],[98.4628,8.0628]]],[[[98.4506,8.0578],[98.4499,8.0644],[98.4426,8.0601],[98.4491,8.0559],[98.4506,8.0578]]],[[[98.4578,8.0947],[98.4579,8.0957],[98.457,8.0957],[98.457,8.0948],[98.4578,8.0947]]],[[[98.4159,8.1003],[98.4151,8.0991],[98.4152,8.0976],[98.4158,8.0993],[98.4159,8.1003]]],[[[98.4048,8.1075],[98.3995,8.1067],[98.3991,8.1042],[98.4051,8.1065],[98.4048,8.1075]]],[[[98.4231,8.1139],[98.4245,8.1174],[98.4243,8.1186],[98.4228,8.1156],[98.4231,8.1139]]],[[[98.3561,8.1309],[98.3566,8.1313],[98.3566,8.1319],[98.3559,8.1313],[98.3561,8.1309]]],[[[98.3591,8.1363],[98.3588,8.1358],[98.3588,8.1355],[98.3589,8.1356],[98.3591,8.1363]]]]}},{"type":"Feature","properties":{"pcode":"TH84","name_en":"Surat Thani","name_th":"สุราษฎร์ธานี"},"geometry":{"type":"MultiPolygon","coordinates":[[[[98.8825,9.7261],[98.8751,9.7314],[98.8629,9.7269],[98.8542,9.7092],[98.8344,9.7013],[98.8305,9.7063],[98.8191,9.7043],[98.8039,9.6878],[98.7896,9.6843],[98.7872,9.6936],[98.7683,9.6862],[98.7676,9.6271],[98.7386,9.5997],[98.7375,9.5858],[98.7586,9.5746],[98.7576,9.5604],[98.7685,9.5446],[98.7356,9.5235],[98.7169,9.4991],[98.7158,9.4867],[98.7048,9.4864],[98.6946,9.47],[98.667,9.4652],[98.6681,9.4487],[98.6813,9.4353],[98.6667,9.4217],[98.6511,9.4285],[98.6474,9.425],[98.6544,9.4018],[98.6484,9.3878],[98.6746,9.3876],[98.6719,9.3668],[98.6607,9.3487],[98.6358,9.3568],[98.611,9.3423],[98.5908,9.3558],[98.5876,9.3679],[98.5661,9.3589],[98.5477,9.3612],[98.5067,9.3167],[98.5061,9.3089],[98.5277,9.2963],[98.5245,9.2826],[98.5311,9.2542],[98.525,9.2353],[98.5003,9.2132],[98.4931,9.1873],[98.5033,9.1541],[98.4837,9.1401],[98.4806,9.1239],[98.4946,9.081],[98.473,9.0637],[98.4888,9.0159],[98.511,8.9955],[98.5054,8.9825],[98.4942,8.9851],[98.4509,8.9651],[98.4499,8.9508],[98.4431,8.9452],[98.4571,8.9323],[98.446,8.8953],[98.5054,8.881],[98.5144,8.8605],[98.5357,8.8584],[98.5327,8.8449],[98.5529,8.8295],[98.5548,8.8141],[98.5987,8.7968],[98.5947,8.7122],[98.5703,8.6817],[98.5463,8.674],[98.5367,8.6619],[98.5641,8.6383],[98.6043,8.6257],[98.6114,8.6375],[98.6381,8.6437],[98.6483,8.6593],[98.663,8.6564],[98.6743,8.6617],[98.6974,8.6436],[98.7052,8.6284],[98.7153,8.6337],[98.7222,8.6302],[98.7476,8.6751],[98.7707,8.6732],[98.7867,8.6509],[98.798,8.6509],[98.8015,8.6591],[98.8411,8.678],[98.888,8.6813],[98.9026,8.6475],[98.9024,8.6314],[98.9197,8.6148],[98.9189,8.596],[98.9292,8.5932],[98.9378,8.578],[98.9324,8.5452],[98.9421,8.5323],[98.9435,8.5063],[98.9508,8.4921],[98.9388,8.4424],[98.948,8.4227],[98.9732,8.418],[98.9746,8.4099],[99.0361,8.3623],[99.0618,8.3596],[99.1242,8.3681],[99.1507,8.3595],[99.1803,8.3721],[99.1864,8.3627],[99.205,8.366],[99.2014,8.3613],[99.2153,8.3301],[99.2573,8.3024],[99.2752,8.3024],[99.2824,8.3109],[99.2908,8.3087],[99.2886,8.3172],[99.2828,8.3162],[99.2823,8.3368],[99.2737,8.3439],[99.2755,8.3513],[99.2616,8.3504],[99.2467,8.3674],[99.2408,8.3667],[99.2349,8.3992],[99.249,8.4103],[99.2496,8.421],[99.2621,8.4369],[99.2595,8.4483],[99.2879,8.4638],[99.2864,8.4695],[99.3188,8.4754],[99.3295,8.4929],[99.3505,8.4935],[99.3502,8.4991],[99.3646,8.5017],[99.3777,8.5161],[99.3948,8.5131],[99.3935,8.5288],[99.4023,8.536],[99.4009,8.5442],[99.4178,8.5522],[99.4159,8.5691],[99.4342,8.5831],[99.4424,8.5991],[99.4561,8.6038],[99.4487,8.6318],[99.4617,8.6498],[99.4809,8.6482],[99.4791,8.658],[99.4963,8.672],[99.493,8.6809],[99.4985,8.6852],[99.492,8.6969],[99.5219,8.7193],[99.5293,8.7461],[99.5306,8.7598],[99.5214,8.7675],[99.5277,8.8128],[99.5176,8.8361],[99.5214,8.8451],[99.5594,8.8507],[99.5533,8.876],[99.5732,8.8906],[99.5824,8.918],[99.6139,8.9279],[99.6262,8.9119],[99.6385,8.9165],[99.633,8.9223],[99.6478,8.9299],[99.6505,8.9206],[99.692,8.9324],[99.6981,8.9428],[99.6885,8.9597],[99.6942,8.9746],[99.7132,8.971],[99.7248,8.9803],[99.7332,9.0126],[99.7445,9.0256],[99.7407,9.0582],[99.7486,9.0684],[99.7639,9.0717],[99.7643,9.0878],[99.7718,9.0964],[99.7405,9.1145],[99.7224,9.1128],[99.7326,9.1198],[99.7337,9.1285],[99.7199,9.145],[99.7205,9.1554],[99.7324,9.1598],[99.7387,9.1704],[99.739,9.1996],[99.7471,9.2041],[99.754,9.2213],[99.7481,9.263],[99.7622,9.2682],[99.7716,9.2609],[99.7715,9.2803],[99.7633,9.2915],[99.7691,9.3228],[99.7552,9.3161],[99.7426,9.3244],[99.7447,9.3293],[99.7251,9.3119],[99.7047,9.3251],[99.6919,9.3257],[99.6814,9.3377],[99.6857,9.3303],[99.6816,9.3118],[99.6674,9.3033],[99.6431,9.302],[99.6094,9.2677],[99.5822,9.2688],[99.5306,9.2847],[99.5074,9.2572],[99.4962,9.2277],[99.4992,9.2209],[99.4745,9.2092],[99.4667,9.1987],[99.4143,9.2057],[99.3886,9.1946],[99.3871,9.1995],[99.3829,9.1931],[99.3751,9.1997],[99.3701,9.1896],[99.3684,9.1992],[99.3598,9.2022],[99.3627,9.216],[99.3384,9.2093],[99.3448,9.2209],[99.3367,9.2267],[99.3145,9.2213],[99.3232,9.2346],[99.3164,9.2359],[99.3226,9.2421],[99.3196,9.2461],[99.2941,9.2371],[99.2764,9.2217],[99.2626,9.2202],[99.2575,9.2335],[99.2486,9.2294],[99.2397,9.2351],[99.2239,9.2562],[99.2264,9.2774],[99.2158,9.3023],[99.2167,9.3313],[99.2398,9.3538],[99.2625,9.361],[99.2631,9.3701],[99.2932,9.4037],[99.313,9.3852],[99.3134,9.3922],[99.2673,9.4438],[99.2448,9.4793],[99.2137,9.5538],[99.2093,9.6016],[99.1694,9.659],[99.1589,9.7037],[99.1517,9.6943],[99.1346,9.7075],[99.089,9.7063],[99.0805,9.6964],[99.0669,9.7021],[99.0584,9.6887],[99.0408,9.6832],[99.0319,9.6956],[99.0227,9.6982],[99.0201,9.6934],[99.0103,9.699],[98.9824,9.6716],[98.9782,9.6814],[98.9654,9.6758],[98.9619,9.6824],[98.9393,9.6814],[98.9119,9.7222],[98.8969,9.7193],[98.8825,9.7261]]],[[[99.964,9.3099],[99.9627,9.3127],[99.9505,9.3119],[99.9601,9.3034],[99.964,9.3099]]],[[[99.9157,9.3085],[99.9156,9.3143],[99.9096,9.3157],[99.9094,9.3135],[99.9157,9.3085]]],[[[99.8921,9.3068],[99.8934,9.3104],[99.891,9.3182],[99.8891,9.3171],[99.8921,9.3068]]],[[[99.7037,9.3294],[99.7047,9.3308],[99.7037,9.3327],[99.7028,9.3318],[99.7037,9.3294]]],[[[99.9205,9.3443],[99.922,9.345],[99.9223,9.3457],[99.9199,9.3444],[99.9205,9.3443]]],[[[99.7205,9.3492],[99.7217,9.3498],[99.7216,9.3505],[99.7194,9.3503],[99.7205,9.3492]]],[[[99.6828,9.3538],[99.6798,9.3525],[99.6835,9.3501],[99.6844,9.3515],[99.6828,9.3538]]],[[[99.9827,9.3781],[99.9768,9.3782],[99.972,9.3666],[99.978,9.3675],[99.9827,9.3781]]],[[[99.9531,9.3961],[99.9356,9.3835],[99.9354,9.3691],[99.9271,9.3564],[99.944,9.3549],[99.9582,9.3612],[99.9597,9.3705],[99.9509,9.38],[99.9531,9.3961]]],[[[99.6672,9.3787],[99.6762,9.3903],[99.6724,9.4054],[99.6636,9.3965],[99.6672,9.3787]]],[[[99.6715,9.4073],[99.6717,9.4081],[99.6712,9.4086],[99.6705,9.408],[99.6715,9.4073]]],[[[99.6726,9.4105],[99.6738,9.412],[99.6734,9.4129],[99.6725,9.4113],[99.6726,9.4105]]],[[[99.8968,9.4257],[99.8982,9.4284],[99.8977,9.4294],[99.8965,9.4284],[99.8968,9.4257]]],[[[99.6721,9.4251],[99.6758,9.4279],[99.6725,9.4339],[99.6664,9.4292],[99.6721,9.4251]]],[[[99.8934,9.4338],[99.895,9.4352],[99.8948,9.4359],[99.8927,9.4356],[99.8934,9.4338]]],[[[99.8933,9.4367],[99.8934,9.4375],[99.8929,9.438],[99.8927,9.4368],[99.8933,9.4367]]],[[[99.9005,9.4381],[99.9009,9.4394],[99.8998,9.44],[99.8998,9.4385],[99.9005,9.4381]]],[[[99.9013,9.4439],[99.9006,9.4443],[99.9002,9.4433],[99.9009,9.4432],[99.9013,9.4439]]],[[[99.6533,9.4482],[99.6497,9.4488],[99.6525,9.4421],[99.6538,9.445],[99.6533,9.4482]]],[[[99.6783,9.4617],[99.6819,9.4688],[99.6696,9.4732],[99.667,9.4673],[99.6783,9.4617]]],[[[99.6773,9.4726],[99.6778,9.4732],[99.6776,9.4737],[99.6768,9.4731],[99.6773,9.4726]]],[[[99.6984,9.4815],[99.6966,9.4834],[99.6954,9.4827],[99.6966,9.4799],[99.6984,9.4815]]],[[[99.7054,9.5073],[99.7073,9.5097],[99.7051,9.5118],[99.7013,9.5087],[99.7054,9.5073]]],[[[99.7125,9.5222],[99.711,9.5226],[99.71,9.5197],[99.7119,9.5198],[99.7125,9.5222]]],[[[100.0835,9.541],[100.08,9.5385],[100.0866,9.5334],[100.0833,9.5373],[100.0835,9.541]]],[[[99.6738,9.5409],[99.6749,9.5423],[99.6745,9.5439],[99.6727,9.5417],[99.6738,9.5409]]],[[[99.6947,9.5501],[99.6953,9.5508],[99.6954,9.5515],[99.6941,9.5497],[99.6947,9.5501]]],[[[99.6901,9.5535],[99.6618,9.5295],[99.6611,9.5144],[99.6724,9.5075],[99.6968,9.5085],[99.7051,9.5227],[99.7081,9.5466],[99.6937,9.5496],[99.6901,9.5535]]],[[[99.6905,9.5554],[99.6907,9.5557],[99.6902,9.5555],[99.6902,9.5554],[99.6905,9.5554]]],[[[99.6854,9.5541],[99.6855,9.5569],[99.6826,9.5572],[99.6837,9.5549],[99.6854,9.5541]]],[[[99.6642,9.5431],[99.667,9.5499],[99.6658,9.5581],[99.6584,9.5455],[99.6642,9.5431]]],[[[99.6688,9.5592],[99.6691,9.5596],[99.669,9.5601],[99.6684,9.5595],[99.6688,9.5592]]],[[[100.088,9.5742],[100.0872,9.5727],[100.0893,9.5726],[100.0897,9.5742],[100.088,9.5742]]],[[[100.0518,9.5909],[100.053,9.5914],[100.0534,9.5935],[100.0511,9.5914],[100.0518,9.5909]]],[[[100.0691,9.5935],[100.0664,9.5767],[100.0593,9.5711],[100.0617,9.5641],[100.0526,9.5572],[100.0412,9.565],[100.0269,9.5616],[100.0167,9.5747],[99.9974,9.5713],[99.9828,9.5874],[99.9189,9.5769],[99.9123,9.5705],[99.9274,9.5581],[99.9347,9.535],[99.9344,9.5001],[99.9279,9.4918],[99.9188,9.4915],[99.9347,9.4557],[99.9373,9.4291],[99.9291,9.4279],[99.9296,9.417],[99.951,9.4221],[99.9656,9.4088],[99.9868,9.4222],[100.0095,9.4197],[100.0172,9.4239],[100.0281,9.4505],[100.0399,9.4519],[100.0497,9.4683],[100.074,9.4707],[100.0561,9.5023],[100.0565,9.5135],[100.0625,9.5289],[100.0779,9.5407],[100.0756,9.5481],[100.0906,9.5698],[100.0803,9.5745],[100.0803,9.5883],[100.0741,9.5867],[100.0691,9.5935]]],[[[100.0578,9.5944],[100.0547,9.5926],[100.0612,9.5921],[100.0598,9.5943],[100.0578,9.5944]]],[[[99.7202,9.5896],[99.723,9.5926],[99.7224,9.5947],[99.7198,9.593],[99.7202,9.5896]]],[[[99.7175,9.6031],[99.7167,9.6043],[99.7142,9.6023],[99.7156,9.6013],[99.7175,9.6031]]],[[[99.7205,9.6202],[99.7203,9.6201],[99.7204,9.6196],[99.7207,9.6197],[99.7205,9.6202]]],[[[99.7132,9.6027],[99.7149,9.6127],[99.7115,9.6204],[99.7093,9.6111],[99.7132,9.6027]]],[[[99.7205,9.6202],[99.7205,9.6204],[99.7204,9.6205],[99.7203,9.6203],[99.7205,9.6202]]],[[[99.6694,9.6413],[99.6612,9.6369],[99.6687,9.612],[99.6765,9.6059],[99.6846,9.6143],[99.682,9.6312],[99.6694,9.6413]]],[[[99.6747,9.6426],[99.6728,9.6393],[99.6755,9.6383],[99.6759,9.6408],[99.6747,9.6426]]],[[[99.6731,9.6428],[99.6733,9.643],[99.6733,9.6433],[99.6729,9.6431],[99.6731,9.6428]]],[[[99.6682,9.6516],[99.6686,9.6568],[99.6642,9.6615],[99.662,9.6499],[99.6756,9.6464],[99.6682,9.6516]]],[[[99.6589,9.6608],[99.66,9.6617],[99.6592,9.6625],[99.6579,9.6617],[99.6589,9.6608]]],[[[99.6677,9.6627],[99.668,9.6631],[99.6675,9.6635],[99.6673,9.6629],[99.6677,9.6627]]],[[[99.6756,9.6618],[99.6771,9.6627],[99.6769,9.6654],[99.6747,9.6627],[99.6756,9.6618]]],[[[99.6891,9.6645],[99.6795,9.6652],[99.6796,9.6515],[99.6815,9.6513],[99.6891,9.6645]]],[[[99.6685,9.6653],[99.6693,9.6672],[99.6634,9.6702],[99.6627,9.6657],[99.6685,9.6653]]],[[[99.6776,9.6692],[99.6786,9.6712],[99.6772,9.6726],[99.6766,9.6707],[99.6776,9.6692]]],[[[99.6805,9.6704],[99.6815,9.6717],[99.6803,9.674],[99.6794,9.671],[99.6805,9.6704]]],[[[99.6693,9.6753],[99.6676,9.6746],[99.6687,9.6722],[99.6697,9.6726],[99.6693,9.6753]]],[[[99.6791,9.6767],[99.6763,9.6767],[99.6756,9.6756],[99.6781,9.6745],[99.6791,9.6767]]],[[[99.6595,9.6771],[99.6598,9.6776],[99.659,9.6778],[99.6589,9.6773],[99.6595,9.6771]]],[[[99.6633,9.6754],[99.6641,9.6766],[99.6641,9.6783],[99.6628,9.6766],[99.6633,9.6754]]],[[[99.6778,9.6812],[99.6772,9.6817],[99.6758,9.6808],[99.6763,9.6803],[99.6778,9.6812]]],[[[99.6672,9.6802],[99.6674,9.6824],[99.6661,9.6828],[99.6657,9.6814],[99.6672,9.6802]]],[[[99.6842,9.6813],[99.6831,9.6842],[99.6794,9.6776],[99.6875,9.6803],[99.6842,9.6813]]],[[[99.6778,9.6862],[99.6777,9.6867],[99.6774,9.6867],[99.6776,9.6862],[99.6778,9.6862]]],[[[99.6741,9.6886],[99.6734,9.6873],[99.676,9.6861],[99.676,9.687],[99.6741,9.6886]]],[[[99.6616,9.6973],[99.6614,9.6964],[99.6631,9.6967],[99.663,9.6972],[99.6616,9.6973]]],[[[99.6793,9.6983],[99.6807,9.6995],[99.6801,9.7003],[99.679,9.6987],[99.6793,9.6983]]],[[[99.6647,9.7034],[99.6637,9.7037],[99.662,9.7029],[99.6639,9.7015],[99.6647,9.7034]]],[[[99.6773,9.7048],[99.6704,9.6951],[99.6737,9.6922],[99.68,9.696],[99.6774,9.6967],[99.6773,9.7048]]],[[[99.9502,9.7068],[99.9442,9.7064],[99.9431,9.7052],[99.947,9.7022],[99.9502,9.7068]]],[[[99.6748,9.707],[99.674,9.7077],[99.6745,9.7051],[99.6752,9.7053],[99.6748,9.707]]],[[[99.6767,9.7073],[99.6768,9.7082],[99.6753,9.7074],[99.6755,9.7071],[99.6767,9.7073]]],[[[99.6744,9.7078],[99.6749,9.7082],[99.6748,9.7085],[99.6741,9.7083],[99.6744,9.7078]]],[[[99.6766,9.7088],[99.6767,9.7102],[99.6761,9.7108],[99.6757,9.7085],[99.6766,9.7088]]],[[[99.9739,9.7106],[99.9715,9.71],[99.9726,9.7052],[99.9752,9.7076],[99.9739,9.7106]]],[[[100.075,9.7646],[100.0758,9.7654],[100.0755,9.7672],[100.0736,9.765],[100.075,9.7646]]],[[[99.6684,9.7663],[99.6686,9.7669],[99.668,9.7678],[99.6679,9.7668],[99.6684,9.7663]]],[[[99.668,9.7687],[99.6691,9.7699],[99.6672,9.7709],[99.6666,9.7696],[99.668,9.7687]]],[[[99.6723,9.7725],[99.6708,9.7723],[99.6701,9.7697],[99.6719,9.7704],[99.6723,9.7725]]],[[[99.6734,9.7771],[99.6715,9.777],[99.6709,9.7749],[99.6733,9.7752],[99.6734,9.7771]]],[[[99.6729,9.7874],[99.6718,9.79],[99.6711,9.7789],[99.6736,9.7797],[99.6729,9.7874]]],[[[99.714,9.7962],[99.7132,9.7966],[99.7129,9.7962],[99.7142,9.7957],[99.714,9.7962]]],[[[99.7137,9.7989],[99.7133,9.8015],[99.7125,9.8015],[99.7127,9.7986],[99.7137,9.7989]]],[[[99.9803,9.802],[99.9793,9.8028],[99.9777,9.7997],[99.9802,9.7991],[99.9803,9.802]]],[[[100.0271,9.804],[100.0167,9.8024],[100.0055,9.787],[99.9912,9.8033],[99.9711,9.7919],[99.9609,9.7568],[99.9751,9.7474],[99.9802,9.733],[99.9758,9.7257],[99.9857,9.7086],[100.0393,9.6934],[100.0757,9.6658],[100.0683,9.6768],[100.0781,9.6825],[100.0738,9.6907],[100.0817,9.6968],[100.0753,9.7139],[100.0812,9.7365],[100.0728,9.7663],[100.0661,9.7732],[100.0566,9.7724],[100.0621,9.7869],[100.0346,9.7929],[100.0271,9.804]]],[[[99.8139,10.1161],[99.8135,10.1144],[99.815,10.114],[99.8156,10.1152],[99.8139,10.1161]]],[[[99.8163,10.1182],[99.815,10.1182],[99.8145,10.1174],[99.8165,10.1173],[99.8163,10.1182]]],[[[99.8145,10.123],[99.8123,10.1255],[99.8127,10.1181],[99.8157,10.1208],[99.8145,10.123]]],[[[99.828,10.1245],[99.8232,10.125],[99.82,10.1116],[99.8269,10.1047],[99.827,10.0903],[99.8167,10.0807],[99.8151,10.0691],[99.8279,10.0659],[99.8283,10.0589],[99.832,10.0665],[99.8424,10.065],[99.8394,10.0727],[99.8561,10.0897],[99.8535,10.1017],[99.8461,10.1033],[99.8505,10.1105],[99.8446,10.123],[99.828,10.1245]]]]}},{"type":"Feature","properties":{"pcode":"TH85","name_en":"Ranong","name_th":"ระนอง"},"geometry":{"type":"MultiPolygon","coordinates":[[[[98.8802,10.7883],[98.8583,10.7762],[98.8184,10.7192],[98.8009,10.7065],[98.8025,10.6999],[98.7911,10.6841],[98.7799,10.6789],[98.7841,10.6515],[98.771,10.6206],[98.7806,10.6159],[98.781,10.6014],[98.7858,10.6062],[98.8001,10.6044],[98.8016,10.5863],[98.8107,10.5922],[98.7985,10.559],[98.8125,10.5544],[98.8175,10.5466],[98.8093,10.5396],[98.8152,10.5387],[98.8131,10.5299],[98.8216,10.5292],[98.8149,10.494],[98.7996,10.4825],[98.8091,10.47],[98.7964,10.4553],[98.8,10.4475],[98.7806,10.4407],[98.7672,10.406],[98.7552,10.3926],[98.7431,10.3252],[98.7315,10.3083],[98.6986,10.2104],[98.6719,10.174],[98.6534,10.1649],[98.6195,10.0562],[98.5766,9.9822],[98.567,9.9564],[98.5876,9.9309],[98.5695,9.9187],[98.561,9.9199],[98.5586,9.8958],[98.5719,9.9117],[98.5787,9.9079],[98.561,9.8849],[98.546,9.8875],[98.5354,9.8825],[98.5274,9.865],[98.5364,9.8589],[98.5158,9.8533],[98.5381,9.8041],[98.5339,9.7904],[98.5065,9.7827],[98.5126,9.7537],[98.5004,9.7392],[98.508,9.7364],[98.5233,9.7507],[98.5394,9.7434],[98.5518,9.7497],[98.5579,9.729],[98.5391,9.7071],[98.5405,9.6945],[98.5257,9.6796],[98.5195,9.682],[98.5074,9.6725],[98.4846,9.6862],[98.4982,9.6523],[98.503,9.6583],[98.511,9.654],[98.4996,9.6335],[98.5032,9.6251],[98.4973,9.618],[98.4904,9.6178],[98.4789,9.6347],[98.4702,9.6246],[98.4629,9.625],[98.4676,9.597],[98.4716,9.5988],[98.4918,9.5917],[98.5082,9.5955],[98.5233,9.5808],[98.5352,9.5781],[98.5334,9.5686],[98.4981,9.5479],[98.4854,9.5477],[98.4813,9.5568],[98.479,9.5468],[98.4685,9.5433],[98.4605,9.557],[98.4701,9.5648],[98.4558,9.5633],[98.4337,9.4954],[98.4289,9.4387],[98.4166,9.4072],[98.4074,9.3982],[98.4015,9.4038],[98.3965,9.4005],[98.3905,9.3322],[98.4015,9.3297],[98.4022,9.347],[98.4073,9.3485],[98.4172,9.3354],[98.437,9.3268],[98.44,9.333],[98.4476,9.3303],[98.4562,9.316],[98.4661,9.3142],[98.4713,9.3217],[98.4819,9.3112],[98.4803,9.3038],[98.5061,9.3089],[98.5121,9.3265],[98.5477,9.3612],[98.5661,9.3589],[98.5876,9.3679],[98.5908,9.3558],[98.611,9.3423],[98.6345,9.3565],[98.6584,9.3478],[98.6682,9.3577],[98.6746,9.3877],[98.6484,9.3878],[98.6544,9.4018],[98.6474,9.425],[98.6511,9.4285],[98.6667,9.4217],[98.6813,9.4353],[98.6681,9.4487],[98.667,9.4652],[98.6946,9.47],[98.7048,9.4864],[98.7158,9.4867],[98.7169,9.4991],[98.7356,9.5235],[98.7482,9.5356],[98.7636,9.5367],[98.7685,9.545],[98.7576,9.5604],[98.7582,9.575],[98.7383,9.5837],[98.7369,9.6104],[98.7211,9.6288],[98.6973,9.6356],[98.672,9.6549],[98.6545,9.653],[98.6478,9.6622],[98.6596,9.684],[98.6462,9.6914],[98.65,9.7014],[98.6394,9.7136],[98.6423,9.7383],[98.6346,9.7425],[98.6276,9.7636],[98.6332,9.7674],[98.633,9.7885],[98.6461,9.7921],[98.6823,9.8348],[98.6928,9.8334],[98.7212,9.8675],[98.7205,9.8936],[98.7523,9.9181],[98.7559,9.9337],[98.7806,9.9504],[98.814,9.9361],[98.8235,9.9482],[98.8282,9.9776],[98.8439,9.9921],[98.8671,9.9954],[98.8836,10.0055],[98.9063,10.0331],[98.903,10.0546],[98.8929,10.0647],[98.8583,10.0611],[98.8354,10.0661],[98.8628,10.0935],[98.8662,10.1084],[98.8641,10.1194],[98.8586,10.1188],[98.8592,10.13],[98.8687,10.1338],[98.8696,10.1539],[98.889,10.1609],[98.8887,10.17],[98.8709,10.1866],[98.8776,10.2093],[98.8915,10.2232],[98.8905,10.236],[98.9004,10.2422],[98.8945,10.2505],[98.9037,10.254],[98.9092,10.2669],[98.8998,10.2777],[98.9007,10.2894],[98.9434,10.3519],[98.9419,10.3592],[98.9307,10.3648],[98.9376,10.3833],[98.9294,10.3859],[98.9288,10.395],[98.9015,10.398],[98.9047,10.4106],[98.8938,10.4164],[98.8957,10.4407],[98.884,10.4574],[98.8948,10.4835],[98.9112,10.4902],[98.9244,10.5134],[98.9448,10.5173],[98.9523,10.535],[98.9626,10.5396],[98.9439,10.5581],[98.9411,10.5699],[98.9566,10.5793],[98.9649,10.6049],[98.9592,10.6165],[98.9452,10.6118],[98.9509,10.6373],[98.9401,10.6494],[98.9276,10.649],[98.9297,10.6727],[98.925,10.6781],[98.9083,10.6775],[98.9076,10.6925],[98.894,10.6818],[98.8899,10.6959],[98.8992,10.7062],[98.9143,10.7477],[98.9092,10.7533],[98.8977,10.7519],[98.8802,10.7883]]],[[[98.3529,9.4408],[98.3485,9.44],[98.3486,9.4342],[98.3545,9.4365],[98.3529,9.4408]]],[[[98.3285,9.4575],[98.326,9.4574],[98.3266,9.4533],[98.3287,9.4547],[98.3285,9.4575]]],[[[98.3818,9.4784],[98.3847,9.484],[98.3688,9.4955],[98.3709,9.4781],[98.3818,9.4784]]],[[[98.3675,9.4992],[98.3696,9.5013],[98.3693,9.5041],[98.3669,9.5007],[98.3675,9.4992]]],[[[98.3311,9.4676],[98.3516,9.489],[98.3539,9.5084],[98.3369,9.4908],[98.3311,9.4676]]],[[[98.3545,9.5104],[98.3607,9.5126],[98.3583,9.5181],[98.3545,9.5164],[98.3545,9.5104]]],[[[98.3854,9.5721],[98.3811,9.5683],[98.3816,9.5641],[98.384,9.5646],[98.3854,9.5721]]],[[[98.5154,9.5775],[98.5118,9.5726],[98.5265,9.5742],[98.5216,9.5761],[98.5154,9.5775]]],[[[98.4779,9.582],[98.4719,9.5772],[98.487,9.5732],[98.489,9.5782],[98.4779,9.582]]],[[[98.5201,9.5824],[98.5148,9.5857],[98.5111,9.5851],[98.5209,9.5812],[98.5201,9.5824]]],[[[98.4679,9.5739],[98.4745,9.5852],[98.4675,9.5926],[98.4609,9.5792],[98.4679,9.5739]]],[[[98.4695,9.5933],[98.4704,9.596],[98.4691,9.5971],[98.4683,9.5948],[98.4695,9.5933]]],[[[98.4976,9.621],[98.4991,9.6222],[98.4989,9.6248],[98.4978,9.6238],[98.4976,9.621]]],[[[98.5036,9.7092],[98.4971,9.7026],[98.5082,9.6937],[98.5149,9.7033],[98.5036,9.7092]]],[[[98.4225,9.7178],[98.4196,9.7166],[98.4242,9.7129],[98.4261,9.7161],[98.4225,9.7178]]],[[[98.5031,9.734],[98.5005,9.7341],[98.4987,9.731],[98.5006,9.7304],[98.5031,9.734]]],[[[98.5076,9.7345],[98.5056,9.7344],[98.5052,9.7314],[98.5068,9.7326],[98.5076,9.7345]]],[[[98.486,9.739],[98.4832,9.7358],[98.4854,9.7317],[98.4874,9.7342],[98.486,9.739]]],[[[98.4667,9.774],[98.4604,9.7675],[98.4613,9.7649],[98.4666,9.7696],[98.4667,9.774]]],[[[98.415,9.7704],[98.4153,9.777],[98.4005,9.765],[98.4089,9.7614],[98.405,9.7464],[98.3977,9.7439],[98.3931,9.752],[98.3884,9.7503],[98.3796,9.732],[98.3872,9.7302],[98.3965,9.7155],[98.3899,9.7039],[98.4171,9.7181],[98.4275,9.7342],[98.4154,9.7564],[98.415,9.7704]]],[[[98.4467,9.7781],[98.4489,9.7822],[98.4497,9.7868],[98.4451,9.783],[98.4467,9.7781]]],[[[98.4581,9.863],[98.4507,9.8744],[98.4365,9.8569],[98.4413,9.8335],[98.4309,9.8293],[98.4331,9.8041],[98.4385,9.7974],[98.4469,9.7991],[98.452,9.7895],[98.4548,9.8161],[98.4638,9.813],[98.4688,9.8241],[98.4649,9.8401],[98.4754,9.8671],[98.472,9.872],[98.466,9.862],[98.4581,9.863]]],[[[98.5156,9.9047],[98.509,9.9043],[98.5079,9.8999],[98.5169,9.9014],[98.5156,9.9047]]],[[[98.4853,9.9137],[98.4751,9.9113],[98.4676,9.8919],[98.4867,9.8997],[98.4919,9.9111],[98.4853,9.9137]]],[[[98.5217,9.9206],[98.5134,9.9203],[98.5079,9.907],[98.5183,9.9138],[98.5217,9.9206]]],[[[98.536,9.9174],[98.5372,9.9212],[98.5362,9.9221],[98.5341,9.9192],[98.536,9.9174]]],[[[98.4871,9.9328],[98.4798,9.9327],[98.4808,9.9271],[98.4898,9.9316],[98.4871,9.9328]]]]}},{"type":"Feature","properties":{"pcode":"TH86","name_en":"Chumphon","name_th":"ชุมพร"},"geometry":{"type":"MultiPolygon","coordinates":[[[[99.152,11.0337],[99.1299,11.0306],[99.1045,11.0139],[99.0937,10.9728],[99.0795,10.9551],[99.0563,10.9473],[99.0497,10.9623],[99.0238,10.9706],[99.003,10.9352],[98.9973,10.9103],[99.0039,10.9047],[99.0001,10.8808],[99.012,10.8717],[99.0111,10.8565],[98.9899,10.8441],[98.9832,10.8322],[98.9724,10.8318],[98.958,10.8119],[98.9361,10.813],[98.9371,10.8183],[98.9232,10.8271],[98.9052,10.7918],[98.8854,10.7842],[98.8977,10.7519],[98.9092,10.7533],[98.9143,10.7477],[98.8992,10.7062],[98.8899,10.6959],[98.894,10.6818],[98.9076,10.6925],[98.9083,10.6775],[98.925,10.6781],[98.9297,10.6727],[98.9276,10.649],[98.9401,10.6494],[98.9509,10.6373],[98.9452,10.6118],[98.9592,10.6165],[98.9649,10.6049],[98.9566,10.5793],[98.9411,10.5699],[98.9439,10.5581],[98.9626,10.5396],[98.9523,10.535],[98.9448,10.5173],[98.9244,10.5134],[98.9112,10.4902],[98.8948,10.4835],[98.884,10.4574],[98.8957,10.4407],[98.8938,10.4164],[98.9047,10.4106],[98.9015,10.398],[98.9288,10.395],[98.9294,10.3859],[98.9376,10.3833],[98.9307,10.3648],[98.9419,10.3592],[98.9434,10.3519],[98.9007,10.2894],[98.8998,10.2777],[98.9092,10.2669],[98.9037,10.254],[98.8945,10.2505],[98.9004,10.2422],[98.8905,10.236],[98.8915,10.2232],[98.8776,10.2093],[98.8709,10.1866],[98.8887,10.17],[98.889,10.1609],[98.8696,10.1539],[98.8687,10.1338],[98.8592,10.13],[98.8586,10.1188],[98.8641,10.1194],[98.8662,10.1084],[98.8628,10.0935],[98.8354,10.0661],[98.8583,10.0611],[98.8929,10.0647],[98.903,10.0546],[98.9063,10.0331],[98.8836,10.0055],[98.8671,9.9954],[98.8439,9.9921],[98.8282,9.9776],[98.8235,9.9482],[98.814,9.9361],[98.7806,9.9504],[98.7559,9.9337],[98.7523,9.9181],[98.7204,9.8934],[98.7191,9.8646],[98.6927,9.8333],[98.6823,9.8348],[98.6461,9.7921],[98.633,9.7885],[98.6332,9.7674],[98.6276,9.7638],[98.6346,9.7425],[98.6423,9.7383],[98.6378,9.721],[98.6501,9.7008],[98.6462,9.6914],[98.6595,9.6847],[98.6478,9.6622],[98.6545,9.653],[98.672,9.6549],[98.6973,9.6356],[98.721,9.6289],[98.7396,9.6009],[98.7676,9.6271],[98.7686,9.6865],[98.7881,9.6936],[98.7921,9.6842],[98.805,9.6883],[98.8191,9.7043],[98.8444,9.7033],[98.8725,9.7312],[98.8969,9.7193],[98.9109,9.723],[98.9393,9.6814],[98.9619,9.6824],[98.9654,9.6758],[98.9782,9.6814],[98.9824,9.6716],[99.0104,9.6991],[99.0201,9.6934],[99.0227,9.6982],[99.0319,9.6956],[99.0408,9.6832],[99.0584,9.6887],[99.0669,9.7021],[99.0805,9.6964],[99.089,9.7063],[99.1346,9.7075],[99.1565,9.6961],[99.1593,9.7056],[99.1465,9.7414],[99.1385,9.8092],[99.1429,9.8355],[99.1493,9.8447],[99.1627,9.8476],[99.1655,9.8599],[99.1572,9.8954],[99.1606,9.9488],[99.1504,9.9857],[99.1596,10.0108],[99.1764,10.0077],[99.1798,10.0166],[99.1733,10.0286],[99.1825,10.0368],[99.1822,10.0431],[99.1682,10.0443],[99.1523,10.0694],[99.1569,10.0817],[99.149,10.0929],[99.1474,10.1204],[99.1541,10.1414],[99.1682,10.149],[99.1763,10.1741],[99.1825,10.1756],[99.1925,10.2128],[99.2012,10.2177],[99.2128,10.2096],[99.2266,10.2143],[99.2418,10.226],[99.2473,10.2346],[99.2386,10.238],[99.2211,10.2267],[99.2031,10.2509],[99.2062,10.2709],[99.1926,10.2652],[99.1861,10.2698],[99.1888,10.2754],[99.1647,10.2788],[99.1681,10.2854],[99.1519,10.2977],[99.1487,10.3119],[99.1541,10.3307],[99.1461,10.349],[99.1604,10.356],[99.1634,10.3649],[99.195,10.3739],[99.217,10.3659],[99.2388,10.3439],[99.2527,10.3624],[99.2616,10.3634],[99.2724,10.3531],[99.2836,10.3628],[99.2798,10.398],[99.2839,10.4116],[99.2403,10.4487],[99.2286,10.4715],[99.2323,10.4961],[99.2425,10.4931],[99.2587,10.4998],[99.2675,10.5153],[99.249,10.5048],[99.2435,10.508],[99.239,10.5363],[99.2453,10.5426],[99.2612,10.537],[99.2737,10.5426],[99.2751,10.5714],[99.2835,10.5832],[99.2814,10.6019],[99.2965,10.6188],[99.3205,10.6711],[99.3478,10.6834],[99.359,10.6754],[99.3585,10.6651],[99.3655,10.6711],[99.3681,10.6773],[99.36,10.6794],[99.3591,10.6909],[99.3707,10.7064],[99.3796,10.7079],[99.3938,10.7448],[99.413,10.7625],[99.4116,10.7733],[99.4286,10.8124],[99.4338,10.8562],[99.4413,10.8717],[99.4668,10.8714],[99.4846,10.8887],[99.4971,10.8752],[99.4973,10.8613],[99.5096,10.8727],[99.5084,10.8854],[99.5194,10.8957],[99.5086,10.9069],[99.5104,10.9161],[99.4998,10.9184],[99.4904,10.941],[99.4917,10.9772],[99.5026,10.9918],[99.4904,10.9882],[99.4694,10.9935],[99.4073,10.9547],[99.382,10.9625],[99.3756,10.9725],[99.3621,10.9691],[99.3446,10.9756],[99.3359,10.9638],[99.3214,10.9708],[99.3057,10.9653],[99.2908,10.9697],[99.2809,10.9584],[99.2654,10.9695],[99.2585,10.9654],[99.2065,10.9901],[99.202,10.9851],[99.2001,10.9971],[99.1695,11.0009],[99.1658,11.011],[99.1475,11.016],[99.152,11.0337]]],[[[99.1907,10.0488],[99.1911,10.0535],[99.1879,10.058],[99.1835,10.0496],[99.1907,10.0488]]],[[[99.1859,10.0706],[99.1846,10.0723],[99.1831,10.0699],[99.1856,10.0697],[99.1859,10.0706]]],[[[99.2158,10.1173],[99.216,10.1185],[99.2159,10.1186],[99.2155,10.1176],[99.2158,10.1173]]],[[[99.1653,10.1301],[99.1655,10.131],[99.1649,10.1312],[99.1648,10.1306],[99.1653,10.1301]]],[[[99.1635,10.132],[99.1631,10.1322],[99.1624,10.1334],[99.1626,10.1309],[99.1635,10.132]]],[[[99.1794,10.1454],[99.1772,10.1463],[99.1764,10.1404],[99.1799,10.1417],[99.1794,10.1454]]],[[[99.2048,10.149],[99.2049,10.1506],[99.2028,10.151],[99.2038,10.1489],[99.2048,10.149]]],[[[99.2179,10.1528],[99.2189,10.1535],[99.2182,10.1574],[99.2171,10.1555],[99.2179,10.1528]]],[[[99.1766,10.1644],[99.1764,10.1648],[99.1761,10.1647],[99.1769,10.1641],[99.1766,10.1644]]],[[[99.2215,10.1971],[99.2207,10.1969],[99.2207,10.1963],[99.2213,10.1964],[99.2215,10.1971]]],[[[99.2492,10.1982],[99.2495,10.2016],[99.2491,10.2021],[99.248,10.201],[99.2492,10.1982]]],[[[99.2497,10.2065],[99.2502,10.2083],[99.2484,10.209],[99.2487,10.207],[99.2497,10.2065]]],[[[99.2338,10.2213],[99.2333,10.2213],[99.2332,10.2211],[99.2338,10.221],[99.2338,10.2213]]],[[[99.2493,10.246],[99.2501,10.2464],[99.2494,10.2479],[99.2483,10.247],[99.2493,10.246]]],[[[99.2252,10.2474],[99.2246,10.2495],[99.222,10.2462],[99.2228,10.246],[99.2252,10.2474]]],[[[99.2266,10.2541],[99.2278,10.2559],[99.2276,10.2572],[99.2257,10.2532],[99.2266,10.2541]]],[[[99.2569,10.2486],[99.2609,10.2536],[99.2604,10.2592],[99.2538,10.2574],[99.2569,10.2486]]],[[[99.2345,10.2736],[99.2327,10.2712],[99.2331,10.2694],[99.2355,10.2711],[99.2345,10.2736]]],[[[99.2421,10.2903],[99.2419,10.2912],[99.2413,10.2915],[99.2412,10.2909],[99.2421,10.2903]]],[[[99.2457,10.2969],[99.2442,10.2966],[99.2486,10.2939],[99.2488,10.2956],[99.2457,10.2969]]],[[[99.3006,10.3202],[99.2996,10.3211],[99.3003,10.3168],[99.3018,10.3196],[99.3006,10.3202]]],[[[99.2808,10.3206],[99.284,10.3254],[99.2834,10.3287],[99.2795,10.3226],[99.2808,10.3206]]],[[[99.2948,10.3478],[99.2953,10.3491],[99.2952,10.3498],[99.294,10.3486],[99.2948,10.3478]]],[[[99.1647,10.3586],[99.1653,10.3603],[99.1641,10.3623],[99.1629,10.3593],[99.1647,10.3586]]],[[[99.3088,10.3608],[99.3111,10.364],[99.3106,10.3649],[99.3079,10.3616],[99.3088,10.3608]]],[[[99.3231,10.3793],[99.3199,10.375],[99.3214,10.373],[99.3237,10.377],[99.3231,10.3793]]],[[[99.3275,10.3801],[99.3285,10.3812],[99.3284,10.3815],[99.3274,10.3809],[99.3275,10.3801]]],[[[99.294,10.3877],[99.2944,10.3917],[99.2936,10.3929],[99.2928,10.3919],[99.294,10.3877]]],[[[99.3567,10.4058],[99.358,10.4092],[99.3395,10.3905],[99.3516,10.3958],[99.3567,10.4058]]],[[[99.3137,10.4234],[99.3174,10.4254],[99.3176,10.4259],[99.3128,10.4238],[99.3137,10.4234]]],[[[99.2532,10.4468],[99.2543,10.4474],[99.2544,10.4499],[99.2532,10.449],[99.2532,10.4468]]],[[[99.3019,10.4431],[99.2981,10.4527],[99.2875,10.4364],[99.2971,10.4337],[99.3019,10.4431]]],[[[99.3597,10.4646],[99.36,10.4669],[99.358,10.4677],[99.3576,10.4658],[99.3597,10.4646]]],[[[99.3696,10.477],[99.3697,10.4773],[99.3696,10.4779],[99.3691,10.4775],[99.3696,10.477]]],[[[99.4182,10.4858],[99.4181,10.4866],[99.4176,10.4874],[99.4172,10.4859],[99.4182,10.4858]]],[[[99.4191,10.4927],[99.4223,10.498],[99.422,10.4986],[99.4198,10.4964],[99.4191,10.4927]]],[[[99.4247,10.5052],[99.4253,10.5063],[99.4245,10.5067],[99.4237,10.506],[99.4247,10.5052]]],[[[99.3771,10.5549],[99.3794,10.5559],[99.3812,10.5608],[99.3759,10.5551],[99.3771,10.5549]]],[[[99.4103,10.6989],[99.4115,10.702],[99.4109,10.7042],[99.4082,10.7006],[99.4103,10.6989]]],[[[99.5301,10.7811],[99.5301,10.7819],[99.5292,10.7821],[99.5291,10.7814],[99.5301,10.7811]]],[[[99.5384,10.7993],[99.5385,10.8001],[99.5375,10.7999],[99.5377,10.7992],[99.5384,10.7993]]],[[[99.4918,10.8203],[99.4929,10.8221],[99.4919,10.8244],[99.4906,10.8219],[99.4918,10.8203]]],[[[99.4976,10.8382],[99.4979,10.839],[99.4977,10.8399],[99.497,10.8393],[99.4976,10.8382]]],[[[99.4904,10.859],[99.4863,10.8604],[99.4702,10.8364],[99.4898,10.8521],[99.4904,10.859]]],[[[99.4865,10.861],[99.4864,10.8618],[99.4863,10.8618],[99.4861,10.8613],[99.4865,10.861]]],[[[99.4901,10.8643],[99.4892,10.8655],[99.488,10.8641],[99.4884,10.8635],[99.4901,10.8643]]]]}},{"type":"Feature","properties":{"pcode":"TH90","name_en":"Songkhla","name_th":"สงขลา"},"geometry":{"type":"MultiPolygon","coordinates":[[[[100.3318,7.9367],[100.3119,7.9361],[100.3082,7.9138],[100.266,7.9147],[100.2664,7.9047],[100.2355,7.883],[100.1775,7.8765],[100.2168,7.7283],[100.2372,7.5386],[100.2606,7.4966],[100.296,7.4954],[100.3557,7.5278],[100.3865,7.5118],[100.3826,7.425],[100.3989,7.4002],[100.4107,7.3397],[100.4285,7.3099],[100.4278,7.2838],[100.4113,7.2742],[100.4086,7.2654],[100.3991,7.2636],[100.3834,7.2786],[100.3767,7.3128],[100.3739,7.3043],[100.3584,7.3003],[100.3614,7.2807],[100.3416,7.2753],[100.3407,7.2482],[100.3144,7.2296],[100.3046,7.2086],[100.28,7.2109],[100.2578,7.1969],[100.224,7.1938],[100.1752,7.1754],[100.1562,7.1487],[100.1361,7.1523],[100.134,7.1588],[100.1152,7.1668],[100.0907,7.1483],[100.075,7.1472],[100.0625,7.1373],[100.0601,7.1263],[100.0677,7.1119],[100.0572,7.1076],[100.0546,7.0951],[100.0637,7.057],[100.0739,7.0499],[100.0713,7.0438],[100.079,7.042],[100.075,7.0333],[100.0657,7.0313],[100.0632,7.0184],[100.083,6.998],[100.0786,6.964],[100.0948,6.9651],[100.1018,6.9487],[100.1199,6.936],[100.1217,6.9239],[100.1462,6.9252],[100.1678,6.9118],[100.1986,6.9075],[100.2186,6.8797],[100.2108,6.8439],[100.199,6.8362],[100.1912,6.8099],[100.1931,6.7879],[100.2158,6.7583],[100.2073,6.7486],[100.2048,6.7222],[100.2141,6.7199],[100.2182,6.7035],[100.2283,6.6933],[100.2435,6.6933],[100.257,6.7114],[100.2652,6.6989],[100.2755,6.7069],[100.2933,6.7076],[100.2947,6.6798],[100.3029,6.6794],[100.3087,6.6668],[100.3275,6.6639],[100.3161,6.6368],[100.326,6.6214],[100.3058,6.6111],[100.3051,6.6053],[100.3157,6.6041],[100.3252,6.5858],[100.3413,6.5804],[100.3453,6.5711],[100.3515,6.5728],[100.3661,6.54],[100.3732,6.545],[100.3883,6.5349],[100.4021,6.5363],[100.403,6.5299],[100.4232,6.5175],[100.4567,6.5319],[100.4705,6.5205],[100.4888,6.5262],[100.4953,6.5228],[100.4936,6.5091],[100.5185,6.4894],[100.5426,6.4916],[100.5483,6.4853],[100.5625,6.4965],[100.5727,6.4832],[100.5949,6.4779],[100.6028,6.469],[100.6082,6.4723],[100.6176,6.4601],[100.6462,6.4587],[100.6426,6.4496],[100.6523,6.4429],[100.6621,6.4511],[100.6843,6.4539],[100.6863,6.4653],[100.6981,6.4711],[100.7095,6.4708],[100.7123,6.4819],[100.7384,6.5103],[100.7433,6.4707],[100.7524,6.4587],[100.7675,6.4555],[100.7762,6.4634],[100.7911,6.4488],[100.8118,6.4426],[100.8241,6.4052],[100.8213,6.3571],[100.849,6.3148],[100.8411,6.3061],[100.8446,6.2949],[100.8501,6.2901],[100.865,6.2975],[100.8884,6.2956],[100.8977,6.3037],[100.9122,6.3034],[100.9172,6.318],[100.93,6.3212],[100.9244,6.3249],[100.9292,6.3257],[100.9266,6.3402],[100.9201,6.3447],[100.9276,6.3665],[100.9172,6.3988],[100.9222,6.4266],[100.9335,6.4451],[100.949,6.4424],[100.9527,6.4514],[100.9604,6.4508],[100.9639,6.4681],[100.973,6.468],[100.9769,6.4863],[100.9993,6.4791],[101.0207,6.4878],[101.0234,6.482],[101.0444,6.4869],[101.0351,6.5153],[101.0444,6.5251],[101.0431,6.5416],[101.0692,6.544],[101.0807,6.5548],[101.0908,6.6147],[101.1052,6.6295],[101.0973,6.6396],[101.0689,6.6442],[101.0489,6.6634],[101.0637,6.6848],[101.0574,6.7125],[101.0393,6.7064],[101.0396,6.7191],[101.0174,6.7258],[101.0318,6.7424],[101.0286,6.7795],[101.0544,6.8015],[101.0427,6.8122],[101.0429,6.8284],[101.0505,6.8362],[101.0432,6.8385],[101.0435,6.8474],[101.0661,6.8571],[101.0207,6.853],[100.988,6.8619],[100.9283,6.8941],[100.8499,6.9614],[100.8388,6.9604],[100.83,6.9514],[100.8129,6.9538],[100.7764,6.9758],[100.6896,7.0776],[100.5968,7.2154],[100.588,7.216],[100.5813,7.2316],[100.5745,7.2225],[100.5689,7.2267],[100.575,7.2301],[100.5656,7.2285],[100.5613,7.2374],[100.5697,7.2378],[100.574,7.2338],[100.5751,7.2335],[100.5348,7.2726],[100.4913,7.3523],[100.4469,7.4722],[100.3318,7.9367]]],[[[100.5973,7.2375],[100.5959,7.2394],[100.5982,7.2332],[100.5982,7.2372],[100.5973,7.2375]]],[[[100.5907,7.2538],[100.5908,7.2545],[100.5903,7.2547],[100.5902,7.2542],[100.5907,7.2538]]],[[[100.5909,7.2644],[100.5874,7.2628],[100.5874,7.262],[100.5899,7.2624],[100.5909,7.2644]]]]}},{"type":"Feature","properties":{"pcode":"TH91","name_en":"Satun","name_th":"สตูล"},"geometry":{"type":"MultiPolygon","coordinates":[[[[99.9486,7.2037],[99.9349,7.1904],[99.8905,7.1868],[99.8714,7.1709],[99.8599,7.1726],[99.8444,7.1615],[99.8313,7.138],[99.8147,7.1318],[99.7988,7.1287],[99.7894,7.1396],[99.7848,7.1272],[99.7637,7.1239],[99.7393,7.1319],[99.7349,7.1099],[99.7124,7.101],[99.7156,7.0885],[99.7025,7.0663],[99.697,7.0768],[99.67,7.0423],[99.6839,7.0128],[99.6703,7.0017],[99.6764,6.9811],[99.688,6.9727],[99.6829,6.9716],[99.6831,6.9602],[99.7015,6.9696],[99.7077,6.955],[99.7043,6.9488],[99.6928,6.9555],[99.6815,6.9452],[99.6856,6.9107],[99.6781,6.8995],[99.6849,6.8962],[99.6968,6.8701],[99.6972,6.8559],[99.7215,6.8625],[99.7223,6.8548],[99.7482,6.8418],[99.7543,6.8326],[99.7575,6.8382],[99.768,6.8359],[99.7719,6.8428],[99.7795,6.8382],[99.7996,6.808],[99.8068,6.7741],[99.8131,6.7704],[99.8419,6.7791],[99.8706,6.7433],[99.8766,6.7211],[99.9152,6.7237],[99.9138,6.711],[99.9073,6.7057],[99.9154,6.7072],[99.9229,6.6912],[99.92,6.6762],[99.9357,6.657],[99.9471,6.6645],[99.9562,6.6625],[99.9643,6.6376],[99.9734,6.6305],[99.962,6.6166],[99.95,6.6177],[99.9511,6.5841],[99.9921,6.6089],[99.9976,6.6052],[99.9897,6.5945],[100.0073,6.561],[100.0603,6.5166],[100.0676,6.5217],[100.0777,6.5571],[100.0884,6.5512],[100.0995,6.524],[100.0843,6.4964],[100.1018,6.4953],[100.1234,6.4229],[100.1339,6.4296],[100.1355,6.4448],[100.1477,6.4523],[100.1455,6.4689],[100.1585,6.4799],[100.1543,6.4839],[100.1602,6.4905],[100.1542,6.5224],[100.1564,6.58],[100.1751,6.5673],[100.1832,6.5737],[100.1803,6.6014],[100.1697,6.6087],[100.1658,6.6317],[100.1676,6.648],[100.1811,6.6561],[100.1803,6.6811],[100.1711,6.6932],[100.1789,6.6968],[100.1857,6.7175],[100.2059,6.7278],[100.2073,6.7486],[100.2156,6.756],[100.2128,6.7688],[100.1931,6.7879],[100.191,6.803],[100.1988,6.8356],[100.2108,6.8439],[100.211,6.8572],[100.2206,6.8706],[100.2188,6.8793],[100.1986,6.9075],[100.1678,6.9118],[100.1462,6.9252],[100.1217,6.9239],[100.1199,6.936],[100.1018,6.9487],[100.0948,6.9651],[100.079,6.9632],[100.083,6.998],[100.0632,7.0184],[100.0657,7.0313],[100.075,7.0333],[100.0791,7.0414],[100.0637,7.0571],[100.0546,7.0951],[100.0572,7.1076],[100.0383,7.1087],[100.0282,7.0903],[100.0258,7.103],[100.0003,7.1121],[99.9716,7.1506],[99.9694,7.1659],[99.9614,7.1698],[99.9591,7.1984],[99.9486,7.2037]]],[[[100.0903,6.4257],[100.091,6.4296],[100.0885,6.4351],[100.0881,6.4266],[100.0903,6.4257]]],[[[100.0618,6.4454],[100.0654,6.4512],[100.065,6.453],[100.06,6.4469],[100.0618,6.4454]]],[[[100.1026,6.4567],[100.1008,6.458],[100.1013,6.4528],[100.1024,6.453],[100.1026,6.4567]]],[[[100.0655,6.4593],[100.0737,6.4652],[100.0719,6.4711],[100.07,6.4713],[100.0655,6.4593]]],[[[99.3662,6.4838],[99.3668,6.4857],[99.3662,6.4863],[99.3656,6.4851],[99.3662,6.4838]]],[[[99.3347,6.4869],[99.3355,6.4886],[99.332,6.4883],[99.3325,6.4873],[99.3347,6.4869]]],[[[99.1778,6.4933],[99.1785,6.4938],[99.1791,6.4957],[99.1776,6.494],[99.1778,6.4933]]],[[[99.3144,6.4858],[99.3132,6.4968],[99.3048,6.4994],[99.2832,6.4825],[99.3014,6.4857],[99.3091,6.4795],[99.3144,6.4858]]],[[[99.1795,6.4985],[99.1801,6.4992],[99.1794,6.4997],[99.1786,6.4987],[99.1795,6.4985]]],[[[99.3191,6.4985],[99.3198,6.4992],[99.3197,6.5005],[99.3175,6.4994],[99.3191,6.4985]]],[[[99.1809,6.5016],[99.1804,6.5009],[99.1819,6.5012],[99.1815,6.5016],[99.1809,6.5016]]],[[[99.1819,6.5019],[99.183,6.5027],[99.1834,6.5036],[99.1818,6.5027],[99.1819,6.5019]]],[[[99.18,6.5066],[99.1768,6.5054],[99.1767,6.5029],[99.1776,6.5032],[99.18,6.5066]]],[[[99.1739,6.5062],[99.1742,6.5078],[99.1734,6.5082],[99.1722,6.5061],[99.1739,6.5062]]],[[[99.1732,6.5117],[99.1743,6.5128],[99.1741,6.5135],[99.1729,6.5132],[99.1732,6.5117]]],[[[99.2701,6.5135],[99.2706,6.5137],[99.2709,6.5144],[99.2701,6.5142],[99.2701,6.5135]]],[[[99.1754,6.5139],[99.1753,6.5151],[99.1742,6.5153],[99.1741,6.5142],[99.1754,6.5139]]],[[[99.2593,6.5127],[99.2621,6.5143],[99.2627,6.5154],[99.2608,6.515],[99.2593,6.5127]]],[[[99.187,6.5193],[99.1873,6.5205],[99.187,6.5207],[99.1863,6.5197],[99.187,6.5193]]],[[[99.7048,6.5238],[99.6989,6.523],[99.6976,6.52],[99.7018,6.5184],[99.7048,6.5238]]],[[[99.2697,6.5239],[99.2701,6.5241],[99.2705,6.5251],[99.2689,6.5247],[99.2697,6.5239]]],[[[99.693,6.5269],[99.6892,6.5243],[99.6935,6.5177],[99.6942,6.5191],[99.693,6.5269]]],[[[99.9916,6.5394],[99.9907,6.5392],[99.9912,6.538],[99.9917,6.5382],[99.9916,6.5394]]],[[[99.955,6.5388],[99.9553,6.5393],[99.9553,6.5397],[99.9548,6.5395],[99.955,6.5388]]],[[[99.1652,6.5406],[99.1644,6.5417],[99.1635,6.541],[99.1642,6.5405],[99.1652,6.5406]]],[[[99.1612,6.5387],[99.1572,6.5411],[99.1537,6.5336],[99.1584,6.5222],[99.1756,6.5163],[99.185,6.5213],[99.1612,6.5387]]],[[[99.2602,6.5448],[99.2569,6.5446],[99.2549,6.5427],[99.2618,6.5404],[99.2602,6.5448]]],[[[99.707,6.5489],[99.7043,6.5484],[99.7044,6.5467],[99.706,6.5465],[99.707,6.5489]]],[[[99.9552,6.5488],[99.9562,6.5502],[99.9546,6.5511],[99.9536,6.55],[99.9552,6.5488]]],[[[99.9588,6.5516],[99.9571,6.5503],[99.9575,6.5486],[99.9589,6.5511],[99.9588,6.5516]]],[[[99.3511,6.5505],[99.3509,6.5511],[99.3501,6.5519],[99.3503,6.5507],[99.3511,6.5505]]],[[[99.3458,6.5529],[99.3459,6.5541],[99.3452,6.5544],[99.345,6.5538],[99.3458,6.5529]]],[[[99.9815,6.5611],[99.9799,6.56],[99.9804,6.5567],[99.984,6.5612],[99.9815,6.5611]]],[[[99.3498,6.5569],[99.3513,6.5616],[99.3422,6.5718],[99.3462,6.5568],[99.3498,6.5569]]],[[[99.4681,6.569],[99.4697,6.5706],[99.4691,6.5721],[99.4677,6.5701],[99.4681,6.569]]],[[[99.2929,6.567],[99.2756,6.5763],[99.2841,6.5084],[99.3127,6.509],[99.3231,6.5232],[99.3256,6.5518],[99.3139,6.5565],[99.3158,6.5645],[99.2929,6.567]]],[[[99.4538,6.5774],[99.45,6.575],[99.4436,6.5559],[99.4532,6.5658],[99.4538,6.5774]]],[[[99.2907,6.5785],[99.291,6.5777],[99.2919,6.5775],[99.2918,6.5781],[99.2907,6.5785]]],[[[99.2497,6.5818],[99.2156,6.575],[99.1935,6.5773],[99.1903,6.5616],[99.1807,6.5547],[99.1826,6.5476],[99.1672,6.5528],[99.1646,6.5476],[99.1722,6.5411],[99.1837,6.5402],[99.1913,6.5467],[99.2016,6.5391],[99.2213,6.5391],[99.2579,6.5567],[99.2579,6.5717],[99.2497,6.5818]]],[[[99.7189,6.5816],[99.7189,6.5829],[99.7181,6.583],[99.718,6.5822],[99.7189,6.5816]]],[[[99.9732,6.5831],[99.9745,6.5836],[99.9747,6.5846],[99.9729,6.5836],[99.9732,6.5831]]],[[[99.9751,6.5847],[99.9759,6.5857],[99.9755,6.5863],[99.9747,6.5854],[99.9751,6.5847]]],[[[99.4576,6.5785],[99.4559,6.5874],[99.4507,6.586],[99.454,6.5796],[99.4576,6.5785]]],[[[99.9876,6.5926],[99.9876,6.5939],[99.9868,6.5946],[99.9869,6.5928],[99.9876,6.5926]]],[[[99.6998,6.6123],[99.6991,6.6106],[99.7016,6.6065],[99.7011,6.6121],[99.6998,6.6123]]],[[[99.6896,6.616],[99.6904,6.6186],[99.6888,6.6222],[99.6876,6.6183],[99.6896,6.616]]],[[[99.6932,6.6387],[99.6927,6.6412],[99.694,6.6441],[99.6912,6.6413],[99.6932,6.6387]]],[[[99.8342,6.654],[99.8317,6.6538],[99.8331,6.6502],[99.834,6.6515],[99.8342,6.654]]],[[[99.6921,6.651],[99.6928,6.6521],[99.6917,6.6546],[99.691,6.653],[99.6921,6.651]]],[[[99.8771,6.6545],[99.8769,6.6558],[99.8758,6.6561],[99.8759,6.6546],[99.8771,6.6545]]],[[[99.9494,6.6502],[99.9514,6.6527],[99.9525,6.6574],[99.9508,6.6554],[99.9494,6.6502]]],[[[99.6915,6.6564],[99.6912,6.6576],[99.6906,6.658],[99.6908,6.6567],[99.6915,6.6564]]],[[[99.9497,6.6603],[99.9507,6.662],[99.9505,6.6633],[99.9491,6.6615],[99.9497,6.6603]]],[[[99.8505,6.6679],[99.8504,6.6682],[99.8491,6.6683],[99.8495,6.668],[99.8505,6.6679]]],[[[99.6894,6.6692],[99.6899,6.6624],[99.6911,6.662],[99.6914,6.6651],[99.6894,6.6692]]],[[[99.8642,6.6701],[99.847,6.6664],[99.8443,6.6514],[99.8657,6.667],[99.8642,6.6701]]],[[[99.8441,6.6695],[99.8447,6.6722],[99.8437,6.6728],[99.8429,6.6715],[99.8441,6.6695]]],[[[99.8339,6.6747],[99.8341,6.6754],[99.8331,6.6762],[99.8325,6.6741],[99.8339,6.6747]]],[[[99.9076,6.6882],[99.9048,6.6864],[99.9062,6.6846],[99.9087,6.6871],[99.9076,6.6882]]],[[[99.8666,6.6867],[99.8641,6.691],[99.8626,6.6758],[99.8661,6.6806],[99.8666,6.6867]]],[[[99.8611,6.6942],[99.8576,6.6961],[99.8578,6.6915],[99.8605,6.6915],[99.8611,6.6942]]],[[[99.8452,6.7015],[99.8386,6.6998],[99.8379,6.6964],[99.8426,6.6968],[99.8452,6.7015]]],[[[99.8715,6.7032],[99.8718,6.7044],[99.8714,6.7053],[99.8707,6.7035],[99.8715,6.7032]]],[[[99.7992,6.7055],[99.7994,6.7059],[99.7986,6.7059],[99.7989,6.7054],[99.7992,6.7055]]],[[[99.8871,6.709],[99.8754,6.7061],[99.8738,6.7018],[99.8796,6.7007],[99.8871,6.709]]],[[[99.7946,6.7098],[99.7953,6.7103],[99.7953,6.7111],[99.7942,6.7105],[99.7946,6.7098]]],[[[99.6717,6.7118],[99.6698,6.7111],[99.6712,6.7063],[99.6725,6.7076],[99.6717,6.7118]]],[[[99.9089,6.7028],[99.9067,6.7047],[99.9068,6.707],[99.9127,6.7126],[99.9045,6.7058],[99.9095,6.6885],[99.9152,6.696],[99.9089,6.7028]]],[[[99.8891,6.7146],[99.8928,6.7161],[99.883,6.7164],[99.885,6.7148],[99.8891,6.7146]]],[[[99.8797,6.7114],[99.8871,6.713],[99.8729,6.7175],[99.8736,6.7116],[99.8797,6.7114]]],[[[99.8185,6.7198],[99.8175,6.7204],[99.806,6.7156],[99.81,6.7118],[99.8254,6.719],[99.8185,6.7198]]],[[[99.853,6.7323],[99.8474,6.731],[99.8422,6.7075],[99.864,6.705],[99.8613,6.7286],[99.853,6.7323]]],[[[99.6624,6.7267],[99.6628,6.7273],[99.6576,6.7335],[99.659,6.7294],[99.6624,6.7267]]],[[[99.7057,6.7352],[99.7039,6.7351],[99.7054,6.7305],[99.7082,6.7336],[99.7057,6.7352]]],[[[99.6489,6.7372],[99.6396,6.7352],[99.6446,6.7033],[99.6397,6.6777],[99.6268,6.663],[99.6142,6.6607],[99.6188,6.646],[99.6126,6.6183],[99.5996,6.6118],[99.5956,6.5981],[99.6138,6.5664],[99.624,6.5669],[99.6383,6.5483],[99.6447,6.5189],[99.6588,6.5036],[99.666,6.5139],[99.6735,6.5119],[99.667,6.5314],[99.6775,6.5397],[99.6933,6.5294],[99.6986,6.5493],[99.6909,6.5676],[99.6925,6.6048],[99.688,6.6033],[99.6773,6.6172],[99.6844,6.6396],[99.6842,6.685],[99.6771,6.7014],[99.6696,6.6968],[99.665,6.7032],[99.6632,6.7168],[99.6489,6.7372]]],[[[99.7637,6.783],[99.7602,6.7848],[99.7611,6.779],[99.7674,6.7816],[99.7637,6.783]]],[[[99.7608,6.787],[99.7607,6.7877],[99.7603,6.7878],[99.7602,6.7871],[99.7608,6.787]]],[[[99.7767,6.7813],[99.7777,6.7864],[99.769,6.7929],[99.7696,6.7805],[99.7767,6.7813]]],[[[99.5284,6.7972],[99.5255,6.7972],[99.5251,6.7947],[99.528,6.7942],[99.5284,6.7972]]],[[[99.5053,6.7991],[99.5068,6.8002],[99.5069,6.8006],[99.5056,6.8009],[99.5053,6.7991]]],[[[99.6731,6.8127],[99.6735,6.8132],[99.6729,6.8144],[99.6727,6.8129],[99.6731,6.8127]]],[[[99.6669,6.8136],[99.667,6.815],[99.6658,6.8155],[99.6664,6.8134],[99.6669,6.8136]]],[[[99.6817,6.8324],[99.6771,6.823],[99.6789,6.8113],[99.683,6.8241],[99.6817,6.8324]]],[[[99.5913,6.8324],[99.5907,6.8335],[99.5851,6.8324],[99.5869,6.8282],[99.5913,6.8324]]],[[[99.5373,6.833],[99.528,6.8341],[99.5246,6.8284],[99.5375,6.8245],[99.5437,6.8315],[99.5373,6.833]]],[[[99.6983,6.8379],[99.6983,6.8385],[99.6981,6.8385],[99.6981,6.8382],[99.6983,6.8379]]],[[[99.7,6.8376],[99.7004,6.8392],[99.6996,6.84],[99.699,6.8385],[99.7,6.8376]]],[[[99.5405,6.8437],[99.5391,6.845],[99.5386,6.845],[99.5391,6.8439],[99.5405,6.8437]]],[[[99.7009,6.8457],[99.6998,6.8456],[99.7008,6.8438],[99.7011,6.8445],[99.7009,6.8457]]],[[[99.7014,6.8502],[99.7016,6.8509],[99.7005,6.8488],[99.7009,6.8472],[99.7014,6.8502]]],[[[99.6965,6.8527],[99.6835,6.8406],[99.6911,6.8142],[99.6985,6.8318],[99.6965,6.8527]]],[[[99.5938,6.8514],[99.5968,6.856],[99.5903,6.8597],[99.5899,6.8585],[99.5938,6.8514]]],[[[99.5713,6.8932],[99.5698,6.8967],[99.5683,6.8965],[99.5685,6.8951],[99.5713,6.8932]]],[[[99.6802,6.8992],[99.6801,6.8991],[99.6803,6.899],[99.6803,6.8991],[99.6802,6.8992]]],[[[99.548,6.9077],[99.5483,6.9081],[99.5476,6.9094],[99.5473,6.9088],[99.548,6.9077]]],[[[99.5467,6.9115],[99.5463,6.9109],[99.5473,6.9101],[99.5474,6.9111],[99.5467,6.9115]]],[[[99.546,6.9125],[99.5457,6.9143],[99.5454,6.9147],[99.5443,6.9132],[99.546,6.9125]]],[[[99.5785,6.9792],[99.5754,6.978],[99.5842,6.9766],[99.5822,6.9789],[99.5785,6.9792]]],[[[99.7054,7.0795],[99.7051,7.0802],[99.7047,7.0801],[99.7048,7.0798],[99.7054,7.0795]]],[[[99.6981,7.0928],[99.6958,7.0875],[99.7005,7.0858],[99.7022,7.0915],[99.6981,7.0928]]]]}},{"type":"Feature","properties":{"pcode":"TH92","name_en":"Trang","name_th":"ตรัง"},"geometry":{"type":"MultiPolygon","coordinates":[[[[99.6589,8.0109],[99.6312,8.0096],[99.6157,7.9877],[99.6024,7.9855],[99.6066,7.9787],[99.5919,7.9629],[99.5963,7.9574],[99.5859,7.9569],[99.5831,7.9463],[99.5717,7.9468],[99.5685,7.9361],[99.5617,7.9365],[99.5626,7.924],[99.5476,7.9184],[99.5349,7.8979],[99.5391,7.8819],[99.5238,7.8747],[99.5055,7.8862],[99.4794,7.8821],[99.4716,7.9045],[99.4556,7.8889],[99.4431,7.8862],[99.436,7.8747],[99.4271,7.8754],[99.4143,7.8979],[99.4245,7.9283],[99.398,7.9246],[99.3652,7.945],[99.365,7.9378],[99.3553,7.9322],[99.3338,7.9288],[99.3385,7.9112],[99.3311,7.8812],[99.3152,7.8659],[99.2875,7.8591],[99.2782,7.8464],[99.2942,7.8251],[99.2871,7.8101],[99.3033,7.8079],[99.3017,7.7907],[99.288,7.7716],[99.289,7.7624],[99.3063,7.755],[99.3125,7.7344],[99.3084,7.7011],[99.3006,7.6893],[99.2868,7.6883],[99.2863,7.6796],[99.2716,7.6752],[99.2546,7.6487],[99.2538,7.6304],[99.2326,7.6323],[99.2614,7.6166],[99.2734,7.628],[99.2815,7.6215],[99.2818,7.5938],[99.2982,7.5662],[99.2947,7.5609],[99.3138,7.5373],[99.3032,7.5175],[99.2959,7.5224],[99.2972,7.5139],[99.2892,7.5202],[99.285,7.5156],[99.2961,7.4972],[99.3087,7.5132],[99.3268,7.4951],[99.3468,7.4431],[99.3452,7.4144],[99.3369,7.4109],[99.3462,7.4112],[99.3492,7.4022],[99.338,7.3793],[99.3633,7.3588],[99.3606,7.3519],[99.3809,7.3329],[99.3948,7.3075],[99.4025,7.3065],[99.4036,7.3172],[99.4114,7.3156],[99.4198,7.2982],[99.4296,7.3],[99.4696,7.2841],[99.4849,7.2935],[99.4866,7.3084],[99.5082,7.308],[99.5195,7.2985],[99.5361,7.2957],[99.5224,7.2497],[99.5582,7.2088],[99.5772,7.1577],[99.5853,7.1471],[99.5991,7.1564],[99.5997,7.139],[99.6067,7.1365],[99.6377,7.1647],[99.6597,7.1645],[99.6711,7.1253],[99.6683,7.1138],[99.6986,7.1309],[99.7167,7.1306],[99.7212,7.1282],[99.7346,7.1361],[99.7633,7.1239],[99.7848,7.1272],[99.7894,7.1396],[99.7988,7.1287],[99.8147,7.1318],[99.8313,7.138],[99.8444,7.1615],[99.8599,7.1726],[99.8714,7.1709],[99.8905,7.1868],[99.9362,7.191],[99.9486,7.2037],[99.9441,7.2143],[99.9491,7.2171],[99.9321,7.2446],[99.9471,7.2657],[99.9408,7.2808],[99.9395,7.3165],[99.913,7.3193],[99.9038,7.3362],[99.9052,7.3524],[99.896,7.3666],[99.9016,7.3798],[99.8942,7.3979],[99.8609,7.4407],[99.8575,7.4607],[99.8488,7.4653],[99.8524,7.4845],[99.8426,7.499],[99.8205,7.5123],[99.8187,7.5214],[99.8295,7.5271],[99.8363,7.5495],[99.8274,7.5524],[99.797,7.5898],[99.8096,7.6221],[99.7877,7.6446],[99.8141,7.6493],[99.8182,7.6804],[99.8016,7.6871],[99.7917,7.7003],[99.7838,7.759],[99.7673,7.7686],[99.7707,7.7893],[99.7581,7.8041],[99.7517,7.8321],[99.7328,7.849],[99.7391,7.875],[99.7315,7.9006],[99.7404,7.9266],[99.7265,7.9405],[99.7305,7.9529],[99.7377,7.9491],[99.7536,7.9714],[99.7569,7.9864],[99.748,7.9825],[99.7444,7.9877],[99.7539,7.9945],[99.7542,8.0058],[99.74,8.0089],[99.7132,7.9901],[99.6986,7.991],[99.6589,8.0109]]],[[[99.4758,6.9726],[99.4774,6.9731],[99.4762,6.9783],[99.474,6.9772],[99.4758,6.9726]]],[[[99.4451,7.0151],[99.4453,7.0155],[99.445,7.0159],[99.4446,7.0153],[99.4451,7.0151]]],[[[99.4488,7.0323],[99.4488,7.0328],[99.4482,7.0328],[99.4483,7.0322],[99.4488,7.0323]]],[[[99.4757,7.0218],[99.4754,7.0381],[99.4703,7.0505],[99.4722,7.0308],[99.4757,7.0218]]],[[[99.3983,7.066],[99.3986,7.0666],[99.3982,7.0673],[99.3977,7.0664],[99.3983,7.066]]],[[[99.4519,7.074],[99.4519,7.0748],[99.451,7.0748],[99.4511,7.0742],[99.4519,7.074]]],[[[99.3951,7.0743],[99.3946,7.0765],[99.3926,7.0761],[99.3926,7.0746],[99.3951,7.0743]]],[[[99.4289,7.1032],[99.4308,7.1103],[99.427,7.1133],[99.4262,7.1091],[99.4289,7.1032]]],[[[99.5794,7.1199],[99.5791,7.1196],[99.5797,7.1186],[99.5801,7.119],[99.5794,7.1199]]],[[[99.4263,7.1153],[99.4266,7.1192],[99.4225,7.1248],[99.4238,7.1163],[99.4263,7.1153]]],[[[99.555,7.1268],[99.5656,7.0933],[99.6158,7.081],[99.5972,7.1036],[99.5836,7.1134],[99.572,7.112],[99.555,7.1268]]],[[[99.6998,7.1237],[99.7012,7.126],[99.7023,7.1306],[99.6973,7.1256],[99.6998,7.1237]]],[[[99.5842,7.1343],[99.5802,7.1335],[99.5789,7.1323],[99.584,7.1325],[99.5842,7.1343]]],[[[99.6391,7.1427],[99.6394,7.1434],[99.6393,7.1441],[99.6385,7.1434],[99.6391,7.1427]]],[[[99.6312,7.143],[99.6314,7.1443],[99.6317,7.1449],[99.6312,7.1443],[99.6312,7.143]]],[[[99.6514,7.1477],[99.6526,7.1506],[99.6512,7.155],[99.6496,7.1505],[99.6514,7.1477]]],[[[99.065,7.2052],[99.0658,7.213],[99.0583,7.2167],[99.0539,7.1982],[99.0627,7.1968],[99.065,7.2052]]],[[[99.3596,7.2224],[99.3599,7.2235],[99.3586,7.2244],[99.3583,7.2229],[99.3596,7.2224]]],[[[99.0802,7.2285],[99.0715,7.2283],[99.061,7.2181],[99.0811,7.22],[99.0802,7.2285]]],[[[99.4747,7.2707],[99.4759,7.2712],[99.4754,7.2728],[99.4741,7.2714],[99.4747,7.2707]]],[[[99.3979,7.2673],[99.385,7.2814],[99.376,7.2676],[99.3684,7.2666],[99.3713,7.2435],[99.3651,7.2232],[99.3809,7.2073],[99.3943,7.2108],[99.3929,7.2253],[99.4096,7.2406],[99.4507,7.2555],[99.4296,7.267],[99.4044,7.2624],[99.3979,7.2673]]],[[[99.3949,7.3035],[99.394,7.3029],[99.3962,7.3022],[99.3959,7.3028],[99.3949,7.3035]]],[[[99.4092,7.3119],[99.4102,7.3148],[99.4065,7.3141],[99.4068,7.3129],[99.4092,7.3119]]],[[[99.2481,7.333],[99.2514,7.3026],[99.2548,7.2981],[99.2596,7.3086],[99.2481,7.333]]],[[[99.2494,7.3775],[99.2482,7.382],[99.2453,7.3804],[99.2466,7.3776],[99.2494,7.3775]]],[[[99.2918,7.3903],[99.2807,7.3877],[99.288,7.3761],[99.2834,7.3665],[99.3012,7.353],[99.3062,7.3695],[99.3147,7.3743],[99.2918,7.3903]]],[[[99.233,7.4052],[99.2321,7.405],[99.2337,7.4028],[99.2341,7.4036],[99.233,7.4052]]],[[[99.2311,7.4071],[99.2303,7.407],[99.2299,7.405],[99.232,7.405],[99.2311,7.4071]]],[[[99.2238,7.4175],[99.2227,7.4171],[99.2243,7.4158],[99.2245,7.4161],[99.2238,7.4175]]],[[[99.211,7.4162],[99.1996,7.4351],[99.1964,7.3984],[99.2172,7.4011],[99.211,7.4162]]],[[[99.3047,7.496],[99.3029,7.4978],[99.2977,7.4942],[99.3017,7.4909],[99.3047,7.496]]],[[[99.2842,7.5473],[99.2854,7.5484],[99.2852,7.5494],[99.2835,7.5486],[99.2842,7.5473]]],[[[99.2819,7.5448],[99.2816,7.5484],[99.2785,7.5494],[99.2784,7.5467],[99.2819,7.5448]]],[[[99.2897,7.5602],[99.287,7.5581],[99.2881,7.5558],[99.29,7.5574],[99.2897,7.5602]]]]}},{"type":"Feature","properties":{"pcode":"TH93","name_en":"Phatthalung","name_th":"พัทลุง"},"geometry":{"type":"Polygon","coordinates":[[[99.9642,7.902],[99.9537,7.9016],[99.9475,7.8863],[99.9232,7.8649],[99.8831,7.8935],[99.8679,7.8869],[99.842,7.8913],[99.8198,7.8839],[99.8084,7.8929],[99.8003,7.8827],[99.7781,7.8762],[99.7608,7.8587],[99.7382,7.8589],[99.7327,7.8492],[99.7517,7.8321],[99.7581,7.8041],[99.7707,7.7893],[99.7672,7.7688],[99.7838,7.759],[99.7917,7.7003],[99.8016,7.6871],[99.8183,7.68],[99.8141,7.6493],[99.7877,7.6446],[99.8096,7.6221],[99.7988,7.5844],[99.8365,7.5491],[99.8295,7.5271],[99.8187,7.5214],[99.8206,7.5121],[99.8426,7.499],[99.8524,7.4845],[99.8488,7.4653],[99.8575,7.4607],[99.8609,7.4407],[99.8942,7.3979],[99.9017,7.379],[99.8961,7.3638],[99.9052,7.3527],[99.9037,7.3365],[99.9124,7.3197],[99.9395,7.3165],[99.9408,7.2808],[99.9471,7.2657],[99.9321,7.2446],[99.9471,7.223],[99.9461,7.2078],[99.9596,7.1976],[99.9614,7.1698],[99.9694,7.1659],[99.9716,7.1506],[99.9848,7.139],[99.9965,7.1156],[100.0258,7.103],[100.0282,7.0903],[100.0383,7.1087],[100.0676,7.1114],[100.0601,7.1263],[100.0625,7.1373],[100.075,7.1472],[100.0962,7.1515],[100.1111,7.1658],[100.1236,7.1656],[100.1361,7.1523],[100.1562,7.1487],[100.1752,7.1754],[100.224,7.1938],[100.2578,7.1969],[100.28,7.2109],[100.3057,7.2093],[100.3144,7.2296],[100.3407,7.2482],[100.3416,7.2753],[100.3614,7.2807],[100.3584,7.3003],[100.3739,7.3043],[100.376,7.3125],[100.3848,7.2764],[100.4006,7.2628],[100.4086,7.2654],[100.4113,7.2742],[100.4274,7.2827],[100.4287,7.3089],[100.4107,7.3397],[100.3989,7.4002],[100.3826,7.425],[100.3865,7.5118],[100.3557,7.5278],[100.296,7.4954],[100.2606,7.4966],[100.2372,7.5386],[100.2168,7.7283],[100.1775,7.8765],[100.1408,7.8683],[100.127,7.8779],[100.1042,7.878],[100.0921,7.8707],[100.0728,7.8408],[100.0642,7.8436],[100.0558,7.838],[100.0337,7.8467],[100.019,7.845],[99.9878,7.8601],[99.9659,7.8768],[99.9642,7.902]]]}},{"type":"Feature","properties":{"pcode":"TH94","name_en":"Pattani","name_th":"ปัตตานี"},"geometry":{"type":"Polygon","coordinates":[[[101.2827,6.9521],[101.2461,6.9421],[101.24,6.9372],[101.2366,6.9266],[101.2423,6.9358],[101.275,6.9412],[101.2831,6.9488],[101.2849,6.9378],[101.2953,6.9377],[101.3015,6.9274],[101.3143,6.9221],[101.3244,6.9279],[101.3301,6.9104],[101.3431,6.9104],[101.3466,6.8901],[101.3338,6.8772],[101.3359,6.8705],[101.3091,6.8864],[101.2869,6.8786],[101.2844,6.8912],[101.2521,6.9046],[101.2248,6.8774],[101.1923,6.866],[101.0762,6.8584],[101.0437,6.8478],[101.0432,6.8385],[101.0505,6.8362],[101.0429,6.8284],[101.0427,6.8122],[101.0544,6.8015],[101.0286,6.7795],[101.0318,6.7424],[101.0174,6.7258],[101.0396,6.7191],[101.0393,6.7064],[101.0574,6.7125],[101.0637,6.6848],[101.0489,6.6634],[101.0689,6.6442],[101.0998,6.6383],[101.1036,6.628],[101.1123,6.6278],[101.1337,6.609],[101.1495,6.6106],[101.1785,6.5992],[101.2138,6.5958],[101.2486,6.644],[101.2747,6.6493],[101.2786,6.6666],[101.2845,6.669],[101.2797,6.6814],[101.2896,6.6831],[101.2976,6.6765],[101.2892,6.6648],[101.3034,6.6213],[101.2929,6.6157],[101.2935,6.6016],[101.3066,6.5647],[101.3268,6.5721],[101.3606,6.5541],[101.3619,6.5636],[101.3965,6.5716],[101.4219,6.5935],[101.4372,6.5914],[101.4524,6.577],[101.4583,6.5977],[101.4769,6.594],[101.4947,6.606],[101.495,6.5994],[101.5039,6.6045],[101.5194,6.5913],[101.5172,6.5777],[101.5353,6.5565],[101.5649,6.5499],[101.5937,6.5663],[101.5969,6.579],[101.5744,6.5983],[101.577,6.6194],[101.5863,6.6263],[101.5998,6.6237],[101.6129,6.6331],[101.6261,6.6329],[101.627,6.6246],[101.6311,6.6354],[101.6336,6.6219],[101.6468,6.6179],[101.6689,6.574],[101.7055,6.568],[101.7248,6.5769],[101.6645,6.6702],[101.6407,6.7197],[101.6406,6.7156],[101.6284,6.725],[101.5572,6.8458],[101.5442,6.8464],[101.5261,6.8651],[101.5202,6.8606],[101.4473,6.8854],[101.362,6.9021],[101.31,6.9402],[101.2827,6.9521]]]}},{"type":"Feature","properties":{"pcode":"TH95","name_en":"Yala","name_th":"ยะลา"},"geometry":{"type":"Polygon","coordinates":[[[101.2927,6.6811],[101.28,6.6819],[101.2845,6.669],[101.2786,6.6666],[101.275,6.6496],[101.2548,6.6412],[101.2486,6.644],[101.2138,6.5958],[101.1785,6.5992],[101.1495,6.6106],[101.1337,6.609],[101.1123,6.6278],[101.1036,6.628],[101.0908,6.6147],[101.0807,6.5548],[101.0692,6.544],[101.0431,6.5416],[101.0444,6.5251],[101.0351,6.5153],[101.0444,6.4869],[101.0234,6.482],[101.0207,6.4878],[100.9993,6.4791],[100.9769,6.4863],[100.973,6.468],[100.9639,6.4681],[100.9604,6.4508],[100.9527,6.4514],[100.949,6.4424],[100.9335,6.4451],[100.9222,6.4266],[100.9172,6.3988],[100.9276,6.3665],[100.9201,6.3447],[100.9266,6.3402],[100.9292,6.3257],[100.9244,6.3249],[100.9299,6.321],[100.9172,6.318],[100.9124,6.3035],[100.8977,6.3037],[100.8888,6.2957],[100.865,6.2975],[100.8498,6.2901],[100.841,6.3004],[100.8348,6.2956],[100.8442,6.2498],[100.855,6.2316],[100.8693,6.2399],[100.8717,6.2646],[100.9021,6.2336],[100.9175,6.2479],[100.9438,6.2433],[100.9466,6.2631],[100.9652,6.2724],[100.9674,6.2831],[100.9838,6.2781],[100.9894,6.2661],[101.0105,6.2557],[101.0148,6.2471],[101.0319,6.2448],[101.0637,6.2595],[101.0748,6.2556],[101.0953,6.2603],[101.112,6.2513],[101.1049,6.2387],[101.1186,6.2126],[101.115,6.2038],[101.1264,6.1928],[101.1076,6.1795],[101.0857,6.1789],[101.0584,6.1423],[101.0892,6.1343],[101.105,6.1238],[101.1056,6.1137],[101.1182,6.1148],[101.1266,6.1056],[101.1259,6.0953],[101.1149,6.0925],[101.1109,6.0666],[101.1002,6.051],[101.1138,6.039],[101.1077,6.029],[101.1125,6.0092],[101.1069,5.9908],[101.1239,5.9771],[101.1114,5.9575],[101.095,5.9505],[101.0995,5.943],[101.0849,5.9094],[101.0633,5.9199],[101.0521,5.9104],[101.0378,5.9178],[101.0274,5.9145],[101.0288,5.9006],[101.0089,5.8738],[101.0061,5.851],[101.0118,5.8378],[100.9989,5.8186],[100.9833,5.8083],[100.9885,5.7849],[101.0174,5.7674],[101.034,5.7381],[101.0603,5.7441],[101.0624,5.7266],[101.0831,5.7204],[101.0802,5.7108],[101.0955,5.703],[101.0967,5.6921],[101.1231,5.6618],[101.1345,5.6131],[101.1644,5.6314],[101.172,5.6479],[101.1961,5.6498],[101.2046,5.6603],[101.2145,5.6616],[101.2217,5.6754],[101.2181,5.688],[101.2329,5.688],[101.2507,5.6992],[101.2489,5.7045],[101.2609,5.7177],[101.2502,5.7621],[101.2636,5.8009],[101.2765,5.8124],[101.3046,5.8142],[101.3106,5.8025],[101.3244,5.8137],[101.3455,5.8091],[101.3492,5.8265],[101.3589,5.8336],[101.3735,5.8324],[101.3799,5.851],[101.3895,5.8585],[101.3911,5.8757],[101.4276,5.8753],[101.4535,5.8677],[101.4648,5.8768],[101.4849,5.8703],[101.4875,5.8836],[101.494,5.8819],[101.5021,5.8894],[101.4987,5.9006],[101.4899,5.9004],[101.4901,5.9371],[101.4967,5.9504],[101.4862,5.9563],[101.4841,5.9783],[101.4789,5.9765],[101.4728,5.9887],[101.4824,6.0126],[101.474,6.0395],[101.4756,6.0653],[101.4668,6.0803],[101.4465,6.0821],[101.4373,6.0969],[101.4411,6.1103],[101.4353,6.129],[101.4301,6.129],[101.426,6.1426],[101.4156,6.143],[101.4116,6.1574],[101.3986,6.1578],[101.3867,6.1674],[101.3837,6.1889],[101.3711,6.2085],[101.3945,6.2229],[101.4033,6.2392],[101.395,6.2458],[101.4027,6.2718],[101.3936,6.2999],[101.3998,6.3178],[101.3877,6.3366],[101.3977,6.3584],[101.417,6.3727],[101.4194,6.3909],[101.4117,6.3966],[101.4219,6.4069],[101.4243,6.422],[101.4564,6.4318],[101.4639,6.4237],[101.4692,6.4262],[101.463,6.4658],[101.4867,6.4629],[101.5076,6.4513],[101.5235,6.4657],[101.5358,6.4684],[101.5427,6.4804],[101.5615,6.4877],[101.582,6.5119],[101.5908,6.5121],[101.5909,6.5229],[101.609,6.5437],[101.5924,6.5656],[101.5649,6.5499],[101.5353,6.5565],[101.5172,6.5777],[101.5194,6.5913],[101.5039,6.6045],[101.495,6.5994],[101.4947,6.606],[101.4769,6.594],[101.4583,6.5977],[101.4524,6.577],[101.4372,6.5914],[101.4219,6.5935],[101.3965,6.5716],[101.3619,6.5636],[101.3606,6.5541],[101.3268,6.5721],[101.3066,6.5647],[101.2934,6.6023],[101.2929,6.6157],[101.3034,6.6206],[101.2989,6.6472],[101.2894,6.6635],[101.2977,6.6751],[101.2927,6.6811]]]}},{"type":"Feature","properties":{"pcode":"TH96","name_en":"Narathiwat","name_th":"นราธิวาส"},"geometry":{"type":"Polygon","coordinates":[[[101.6323,6.6262],[101.6312,6.6353],[101.6268,6.6245],[101.6263,6.6328],[101.6129,6.6331],[101.5764,6.6184],[101.5744,6.5983],[101.5967,6.5807],[101.5924,6.5656],[101.609,6.5437],[101.5909,6.5229],[101.5908,6.5121],[101.582,6.5119],[101.5615,6.4877],[101.5427,6.4804],[101.5358,6.4684],[101.5235,6.4657],[101.5076,6.4513],[101.4867,6.4629],[101.463,6.4658],[101.4678,6.4244],[101.4564,6.4318],[101.4349,6.4292],[101.4237,6.4211],[101.4219,6.4069],[101.4117,6.3966],[101.4194,6.3909],[101.417,6.3727],[101.3977,6.3584],[101.3877,6.3366],[101.3998,6.3178],[101.3936,6.2999],[101.4027,6.2718],[101.395,6.2458],[101.4033,6.2392],[101.3945,6.2229],[101.3711,6.2085],[101.3837,6.1889],[101.3867,6.1674],[101.3986,6.1578],[101.4116,6.1574],[101.4156,6.143],[101.426,6.1426],[101.4301,6.129],[101.4353,6.129],[101.4411,6.1103],[101.4373,6.0969],[101.4465,6.0821],[101.4668,6.0803],[101.4756,6.0653],[101.474,6.0395],[101.4824,6.0126],[101.4728,5.9887],[101.4789,5.9765],[101.4841,5.9783],[101.4862,5.9563],[101.4972,5.9487],[101.4901,5.9371],[101.4904,5.8995],[101.4987,5.9006],[101.5022,5.8897],[101.5135,5.9034],[101.5236,5.8987],[101.5262,5.9092],[101.5396,5.919],[101.5591,5.9193],[101.5818,5.9344],[101.5976,5.9121],[101.6151,5.9109],[101.6228,5.8771],[101.6416,5.8702],[101.6584,5.8749],[101.6625,5.8661],[101.6556,5.8574],[101.6611,5.8484],[101.6576,5.8126],[101.6625,5.815],[101.6673,5.8086],[101.6643,5.8007],[101.6719,5.7871],[101.6873,5.7814],[101.6903,5.7559],[101.7024,5.753],[101.7147,5.764],[101.7176,5.7881],[101.7219,5.7802],[101.7265,5.7852],[101.7385,5.7823],[101.7439,5.7938],[101.7541,5.7972],[101.7764,5.7836],[101.7754,5.769],[101.7924,5.7511],[101.8239,5.7324],[101.8267,5.7471],[101.8186,5.7565],[101.8364,5.7894],[101.8668,5.7916],[101.8609,5.8003],[101.88,5.8098],[101.8769,5.8204],[101.8843,5.8378],[101.8957,5.8458],[101.9171,5.8429],[101.9431,5.8719],[101.9332,5.9067],[101.9222,5.91],[101.9213,5.9181],[101.9312,5.932],[101.9295,5.9491],[101.9444,5.9545],[101.9398,5.9726],[101.9467,5.9769],[101.9427,5.9814],[101.9462,5.9874],[101.9492,5.9839],[101.9479,5.9903],[101.952,5.987],[101.9542,5.9953],[101.9725,6.0056],[101.9711,6.0191],[101.9778,6.0308],[101.9991,6.0397],[102.0039,6.0504],[102.0198,6.0522],[102.032,6.0715],[102.0541,6.0802],[102.0612,6.1028],[102.0892,6.1383],[102.0933,6.148],[102.0784,6.1713],[102.0776,6.1982],[102.0804,6.2254],[102.0919,6.2375],[102.089,6.2449],[102.0086,6.2959],[101.9424,6.347],[101.8745,6.4247],[101.856,6.4275],[101.8163,6.4529],[101.7248,6.5769],[101.7055,6.568],[101.6689,6.574],[101.6468,6.6179],[101.6323,6.6262]]]}}]}
